Date,Time,Open,High,Low,Close,Volume
2024.01.01,00:00,0.89513,0.89528,0.89504,0.89526,152
2024.01.01,00:15,0.89501,0.89503,0.89467,0.89497,409
2024.01.01,00:30,0.89481,0.89489,0.89465,0.89474,71
2024.01.01,00:45,0.89409,0.89418,0.89403,0.89407,495
2024.01.01,01:00,0.89409,0.89431,0.89401,0.8941,356
2024.01.01,01:15,0.89396,0.89434,0.89365,0.89405,395
2024.01.01,01:30,0.89413,0.89422,0.89396,0.89411,313
2024.01.01,01:45,0.89433,0.89452,0.89414,0.89418,155
2024.01.01,02:00,0.89405,0.89416,0.89403,0.89415,251
2024.01.01,02:15,0.89421,0.89434,0.89393,0.89408,387
2024.01.01,02:30,0.89471,0.8949,0.89469,0.89474,90
2024.01.01,02:45,0.89452,0.89459,0.89449,0.89449,178
2024.01.01,03:00,0.89465,0.89484,0.89452,0.89471,310
2024.01.01,03:15,0.89477,0.89486,0.89462,0.89476,456
2024.01.01,03:30,0.89508,0.89532,0.89485,0.89513,84
2024.01.01,03:45,0.89486,0.89493,0.89471,0.89492,267
2024.01.01,04:00,0.89471,0.89484,0.89461,0.89463,228
2024.01.01,04:15,0.89466,0.8947,0.89448,0.8945,271
2024.01.01,04:30,0.89458,0.89475,0.89436,0.89459,62
2024.01.01,04:45,0.89453,0.89469,0.89446,0.89463,183
2024.01.01,05:00,0.89423,0.89426,0.89407,0.89421,177
2024.01.01,05:15,0.89402,0.89407,0.89385,0.89391,165
2024.01.01,05:30,0.89355,0.8937,0.89343,0.89344,367
2024.01.01,05:45,0.89334,0.89338,0.89326,0.89333,423
2024.01.01,06:00,0.89341,0.89362,0.89329,0.89339,491
2024.01.01,06:15,0.89288,0.89308,0.89287,0.89308,103
2024.01.01,06:30,0.89306,0.89318,0.89284,0.89314,102
2024.01.01,06:45,0.89323,0.89323,0.89303,0.89314,252
2024.01.01,07:00,0.89279,0.893,0.89277,0.8929,147
2024.01.01,07:15,0.89306,0.89338,0.89286,0.89301,398
2024.01.01,07:30,0.8929,0.89303,0.89272,0.89282,196
2024.01.01,07:45,0.89263,0.89272,0.89261,0.89268,88
2024.01.01,08:00,0.89247,0.89252,0.89225,0.89237,395
2024.01.01,08:15,0.89237,0.89247,0.89236,0.89241,209
2024.01.01,08:30,0.89203,0.89221,0.89176,0.89196,180
2024.01.01,08:45,0.89188,0.89219,0.89175,0.89203,161
2024.01.01,09:00,0.89211,0.89225,0.89183,0.89214,257
2024.01.01,09:15,0.89214,0.8922,0.89198,0.89205,441
2024.01.01,09:30,0.89217,0.89232,0.89204,0.89218,420
2024.01.01,09:45,0.89182,0.89194,0.89178,0.89183,100
2024.01.01,10:00,0.8919,0.89214,0.8919,0.89202,333
2024.01.01,10:15,0.89225,0.89231,0.89212,0.89212,53
2024.01.01,10:30,0.89213,0.89221,0.89211,0.89219,230
2024.01.01,10:45,0.89228,0.89229,0.89221,0.89224,465
2024.01.01,11:00,0.89212,0.89225,0.89199,0.89202,272
2024.01.01,11:15,0.89172,0.89193,0.89151,0.89164,322
2024.01.01,11:30,0.89176,0.89202,0.89152,0.89162,355
2024.01.01,11:45,0.89176,0.89243,0.89167,0.89185,449
2024.01.01,12:00,0.89187,0.89193,0.89153,0.89181,100
2024.01.01,12:15,0.89243,0.89271,0.8922,0.8923,391
2024.01.01,12:30,0.8924,0.89268,0.89221,0.89236,109
2024.01.01,12:45,0.8925,0.89284,0.89214,0.89265,360
2024.01.01,13:00,0.89262,0.8927,0.89235,0.89259,395
2024.01.01,13:15,0.89272,0.89285,0.89252,0.8927,50
2024.01.01,13:30,0.89228,0.89238,0.89225,0.89233,238
2024.01.01,13:45,0.89243,0.89282,0.89223,0.89258,125
2024.01.01,14:00,0.89226,0.89229,0.89214,0.89219,269
2024.01.01,14:15,0.89231,0.89243,0.89217,0.89231,481
2024.01.01,14:30,0.89216,0.89233,0.8918,0.89212,299
2024.01.01,14:45,0.89253,0.89273,0.89248,0.8925,299
2024.01.01,15:00,0.8925,0.89264,0.89221,0.89253,65
2024.01.01,15:15,0.89258,0.89267,0.89254,0.89255,389
2024.01.01,15:30,0.89205,0.89241,0.89195,0.89221,228
2024.01.01,15:45,0.89233,0.89259,0.89226,0.89242,92
2024.01.01,16:00,0.89249,0.89259,0.89242,0.89245,459
2024.01.01,16:15,0.89215,0.89235,0.89201,0.89202,363
2024.01.01,16:30,0.89227,0.89254,0.89222,0.89232,326
2024.01.01,16:45,0.89233,0.89241,0.89193,0.89218,276
2024.01.01,17:00,0.89217,0.89219,0.89194,0.89213,201
2024.01.01,17:15,0.89218,0.89234,0.89197,0.89209,328
2024.01.01,17:30,0.89198,0.89209,0.89198,0.89205,417
2024.01.01,17:45,0.89164,0.89176,0.89157,0.89163,272
2024.01.01,18:00,0.89165,0.89191,0.89153,0.89182,148
2024.01.01,18:15,0.89212,0.89246,0.89207,0.89214,230
2024.01.01,18:30,0.89196,0.8921,0.89164,0.8921,264
2024.01.01,18:45,0.89258,0.89265,0.89257,0.89259,279
2024.01.01,19:00,0.89266,0.89275,0.89258,0.89267,214
2024.01.01,19:15,0.89279,0.89301,0.89273,0.89278,350
2024.01.01,19:30,0.8926,0.89293,0.89229,0.89273,395
2024.01.01,19:45,0.89253,0.89281,0.89233,0.89241,175
2024.01.01,20:00,0.8925,0.89275,0.89242,0.89262,239
2024.01.01,20:15,0.89248,0.89284,0.8924,0.89241,166
2024.01.01,20:30,0.89243,0.89258,0.89236,0.89243,451
2024.01.01,20:45,0.8923,0.89251,0.89217,0.89243,490
2024.01.01,21:00,0.89239,0.89248,0.89228,0.89233,171
2024.01.01,21:15,0.89229,0.89249,0.89199,0.89214,269
2024.01.01,21:30,0.89179,0.8919,0.89171,0.89178,250
2024.01.01,21:45,0.89204,0.89216,0.8919,0.89208,95
2024.01.01,22:00,0.89253,0.89287,0.89251,0.89261,54
2024.01.01,22:15,0.89259,0.89263,0.89246,0.8925,112
2024.01.01,22:30,0.89281,0.89288,0.89271,0.89282,154
2024.01.01,22:45,0.89239,0.89249,0.89239,0.8924,102
2024.01.01,23:00,0.89231,0.8926,0.89211,0.89236,418
2024.01.01,23:15,0.89143,0.89154,0.89135,0.8915,498
2024.01.01,23:30,0.89205,0.89239,0.89201,0.89213,161
2024.01.01,23:45,0.89143,0.89162,0.89134,0.89153,124
2024.01.02,00:00,0.89141,0.89158,0.89115,0.89153,396
2024.01.02,00:15,0.89159,0.89182,0.89129,0.89175,384
2024.01.02,00:30,0.89219,0.89239,0.89193,0.89218,118
2024.01.02,00:45,0.89218,0.89224,0.8919,0.89206,289
2024.01.02,01:00,0.89219,0.8925,0.89175,0.8921,423
2024.01.02,01:15,0.89186,0.89208,0.89175,0.892,401
2024.01.02,01:30,0.89255,0.89259,0.89244,0.89251,452
2024.01.02,01:45,0.89237,0.89253,0.89233,0.89237,375
2024.01.02,02:00,0.89234,0.89249,0.89216,0.89224,127
2024.01.02,02:15,0.89192,0.89209,0.89184,0.89184,263
2024.01.02,02:30,0.89207,0.89221,0.89196,0.89212,256
2024.01.02,02:45,0.89233,0.89234,0.89215,0.89227,127
2024.01.02,03:00,0.89271,0.89277,0.89262,0.89273,287
2024.01.02,03:15,0.89264,0.89277,0.89249,0.89262,168
2024.01.02,03:30,0.89257,0.89258,0.89236,0.89252,175
2024.01.02,03:45,0.89297,0.89322,0.89297,0.89309,160
2024.01.02,04:00,0.89351,0.8937,0.89319,0.89362,285
2024.01.02,04:15,0.89352,0.89362,0.8932,0.89341,275
2024.01.02,04:30,0.89341,0.89365,0.89332,0.89339,486
2024.01.02,04:45,0.89322,0.89329,0.89306,0.89315,144
2024.01.02,05:00,0.89319,0.89337,0.89319,0.89323,484
2024.01.02,05:15,0.89338,0.89372,0.89312,0.89359,222
2024.01.02,05:30,0.89341,0.8935,0.89316,0.89327,274
2024.01.02,05:45,0.89333,0.89365,0.89318,0.89339,87
2024.01.02,06:00,0.89308,0.89312,0.89254,0.89295,210
2024.01.02,06:15,0.89275,0.89323,0.89245,0.89291,435
2024.01.02,06:30,0.89318,0.89327,0.89297,0.89309,322
2024.01.02,06:45,0.89307,0.89326,0.89288,0.89311,144
2024.01.02,07:00,0.89316,0.8933,0.89308,0.89328,369
2024.01.02,07:15,0.89344,0.89356,0.89332,0.89349,340
2024.01.02,07:30,0.89359,0.89382,0.89355,0.89376,181
2024.01.02,07:45,0.89398,0.89439,0.89391,0.89414,153
2024.01.02,08:00,0.89395,0.89429,0.89373,0.89389,192
2024.01.02,08:15,0.89339,0.89354,0.8931,0.8932,358
2024.01.02,08:30,0.89326,0.89347,0.89304,0.89335,497
2024.01.02,08:45,0.89381,0.8939,0.89369,0.89389,460
2024.01.02,09:00,0.8943,0.89442,0.89424,0.89436,343
2024.01.02,09:15,0.89376,0.89386,0.89335,0.89369,64
2024.01.02,09:30,0.89357,0.89362,0.89338,0.89349,179
2024.01.02,09:45,0.8935,0.89356,0.89324,0.89354,332
2024.01.02,10:00,0.89326,0.8934,0.89323,0.89333,249
2024.01.02,10:15,0.89288,0.89298,0.89276,0.89289,153
2024.01.02,10:30,0.89355,0.89363,0.89353,0.89361,373
2024.01.02,10:45,0.89393,0.89403,0.89382,0.89391,100
2024.01.02,11:00,0.89396,0.89404,0.89395,0.89403,351
2024.01.02,11:15,0.89386,0.89393,0.89376,0.89383,50
2024.01.02,11:30,0.89384,0.89413,0.89359,0.89396,358
2024.01.02,11:45,0.89425,0.89434,0.89394,0.89407,124
2024.01.02,12:00,0.89405,0.89417,0.89392,0.89404,177
2024.01.02,12:15,0.89397,0.8942,0.89392,0.89395,229
2024.01.02,12:30,0.89417,0.89419,0.89386,0.89402,199
2024.01.02,12:45,0.89384,0.89394,0.89377,0.89384,410
2024.01.02,13:00,0.89377,0.89394,0.89338,0.89377,190
2024.01.02,13:15,0.89341,0.89379,0.89332,0.8935,207
2024.01.02,13:30,0.89419,0.89435,0.89377,0.89397,162
2024.01.02,13:45,0.89431,0.89462,0.89423,0.89428,462
2024.01.02,14:00,0.89431,0.89434,0.89421,0.89428,211
2024.01.02,14:15,0.89419,0.8942,0.89405,0.89412,398
2024.01.02,14:30,0.89445,0.89478,0.89429,0.8944,304
2024.01.02,14:45,0.89426,0.89439,0.89408,0.89432,467
2024.01.02,15:00,0.89465,0.89472,0.89453,0.89457,360
2024.01.02,15:15,0.89412,0.89439,0.89387,0.89406,435
2024.01.02,15:30,0.89397,0.89406,0.8939,0.89405,305
2024.01.02,15:45,0.89349,0.89374,0.89345,0.89348,391
2024.01.02,16:00,0.89339,0.89343,0.89334,0.89339,264
2024.01.02,16:15,0.8933,0.89356,0.89298,0.89335,408
2024.01.02,16:30,0.89352,0.8937,0.89335,0.8935,78
2024.01.02,16:45,0.89336,0.89347,0.89325,0.89328,471
2024.01.02,17:00,0.89324,0.89334,0.89297,0.89324,166
2024.01.02,17:15,0.89367,0.89395,0.89352,0.89371,222
2024.01.02,17:30,0.89363,0.89391,0.89356,0.89374,179
2024.01.02,17:45,0.89388,0.89399,0.89379,0.89382,331
2024.01.02,18:00,0.89404,0.89418,0.89393,0.89416,359
2024.01.02,18:15,0.89472,0.89478,0.89471,0.89474,338
2024.01.02,18:30,0.89482,0.89507,0.89475,0.89479,386
2024.01.02,18:45,0.89548,0.89549,0.89525,0.89542,122
2024.01.02,19:00,0.89547,0.89552,0.89517,0.89547,91
2024.01.02,19:15,0.89525,0.89527,0.89515,0.8952,492
2024.01.02,19:30,0.89518,0.89527,0.89505,0.89507,265
2024.01.02,19:45,0.89526,0.89553,0.89514,0.89533,247
2024.01.02,20:00,0.8957,0.89585,0.89565,0.89567,337
2024.01.02,20:15,0.89578,0.89581,0.89564,0.89568,299
2024.01.02,20:30,0.89548,0.89559,0.89536,0.89553,377
2024.01.02,20:45,0.89584,0.89592,0.89577,0.89591,152
2024.01.02,21:00,0.89593,0.896,0.89584,0.89591,147
2024.01.02,21:15,0.89593,0.89608,0.89551,0.89583,88
2024.01.02,21:30,0.89594,0.89631,0.89584,0.89602,259
2024.01.02,21:45,0.89531,0.8955,0.89528,0.89539,276
2024.01.02,22:00,0.89541,0.89568,0.89533,0.89552,294
2024.01.02,22:15,0.89622,0.89632,0.896,0.8961,463
2024.01.02,22:30,0.89565,0.89598,0.89552,0.89571,52
2024.01.02,22:45,0.89521,0.89532,0.89514,0.89527,342
2024.01.02,23:00,0.89526,0.8953,0.89495,0.89518,189
2024.01.02,23:15,0.89533,0.89558,0.89521,0.89535,275
2024.01.02,23:30,0.89566,0.89591,0.89543,0.89567,275
2024.01.02,23:45,0.89556,0.89567,0.89548,0.89565,264
2024.01.03,00:00,0.89604,0.89616,0.89591,0.89607,209
2024.01.03,00:15,0.89667,0.89677,0.89627,0.8966,172
2024.01.03,00:30,0.89675,0.89692,0.89662,0.89676,173
2024.01.03,00:45,0.89639,0.89664,0.89638,0.89653,86
2024.01.03,01:00,0.89672,0.89688,0.89613,0.89665,398
2024.01.03,01:15,0.89669,0.89698,0.89661,0.89685,286
2024.01.03,01:30,0.89689,0.8972,0.89684,0.89694,108
2024.01.03,01:45,0.89705,0.89722,0.89697,0.89712,219
2024.01.03,02:00,0.8972,0.8973,0.89716,0.89719,94
2024.01.03,02:15,0.89714,0.89717,0.8969,0.89708,464
2024.01.03,02:30,0.89686,0.89699,0.89661,0.89671,409
2024.01.03,02:45,0.89691,0.89713,0.89669,0.89693,375
2024.01.03,03:00,0.89725,0.89728,0.89704,0.89721,86
2024.01.03,03:15,0.89709,0.89712,0.89685,0.89701,455
2024.01.03,03:30,0.89695,0.89738,0.89686,0.8971,300
2024.01.03,03:45,0.8972,0.89728,0.89702,0.89704,484
2024.01.03,04:00,0.89701,0.89728,0.89699,0.8971,334
2024.01.03,04:15,0.89683,0.89693,0.89674,0.89678,71
2024.01.03,04:30,0.8969,0.89706,0.89685,0.89702,306
2024.01.03,04:45,0.89733,0.89753,0.89722,0.89739,330
2024.01.03,05:00,0.89752,0.89778,0.89701,0.89739,109
2024.01.03,05:15,0.89746,0.89755,0.89735,0.89752,223
2024.01.03,05:30,0.89742,0.8975,0.89732,0.89749,73
2024.01.03,05:45,0.89755,0.89777,0.89753,0.89766,255
2024.01.03,06:00,0.89811,0.89833,0.89792,0.89798,481
2024.01.03,06:15,0.89778,0.89783,0.89754,0.89782,393
2024.01.03,06:30,0.8979,0.89791,0.89779,0.89781,369
2024.01.03,06:45,0.8979,0.89801,0.89776,0.898,266
2024.01.03,07:00,0.8981,0.89817,0.89805,0.89805,137
2024.01.03,07:15,0.89797,0.89797,0.89774,0.89796,210
2024.01.03,07:30,0.8979,0.8979,0.8977,0.89774,338
2024.01.03,07:45,0.89761,0.89777,0.89743,0.89753,192
2024.01.03,08:00,0.8974,0.89746,0.89729,0.89733,172
2024.01.03,08:15,0.89735,0.89748,0.89724,0.89738,227
2024.01.03,08:30,0.89772,0.898,0.89767,0.89792,133
2024.01.03,08:45,0.8985,0.89879,0.89848,0.89862,176
2024.01.03,09:00,0.89909,0.89911,0.89895,0.89905,350
2024.01.03,09:15,0.89863,0.89878,0.89836,0.89861,270
2024.01.03,09:30,0.89878,0.89895,0.89832,0.89877,451
2024.01.03,09:45,0.89841,0.89884,0.89834,0.89866,461
2024.01.03,10:00,0.89883,0.89898,0.89866,0.8987,399
2024.01.03,10:15,0.89867,0.89883,0.89861,0.89875,269
2024.01.03,10:30,0.89833,0.89878,0.89832,0.89848,115
2024.01.03,10:45,0.89883,0.8989,0.89859,0.89872,180
2024.01.03,11:00,0.89912,0.89936,0.89903,0.89915,57
2024.01.03,11:15,0.8996,0.89995,0.89939,0.89972,51
2024.01.03,11:30,0.8998,0.89985,0.89955,0.8998,365
2024.01.03,11:45,0.90023,0.90055,0.89996,0.90031,280
2024.01.03,12:00,0.90021,0.90047,0.90001,0.9003,473
2024.01.03,12:15,0.89986,0.9001,0.89969,0.8998,59
2024.01.03,12:30,0.89924,0.89938,0.8992,0.89934,325
2024.01.03,12:45,0.8995,0.89951,0.89928,0.89939,333
2024.01.03,13:00,0.8993,0.89965,0.89925,0.89934,205
2024.01.03,13:15,0.89938,0.89955,0.89931,0.89939,383
2024.01.03,13:30,0.8994,0.8995,0.8993,0.89932,294
2024.01.03,13:45,0.89978,0.8999,0.89951,0.89958,300
2024.01.03,14:00,0.89983,0.89988,0.89944,0.89959,227
2024.01.03,14:15,0.89971,0.90006,0.8996,0.89975,390
2024.01.03,14:30,0.89983,0.89992,0.89965,0.89981,135
2024.01.03,14:45,0.90003,0.90023,0.90002,0.90005,463
2024.01.03,15:00,0.90069,0.90079,0.90066,0.90078,125
2024.01.03,15:15,0.90083,0.90093,0.90081,0.90089,336
2024.01.03,15:30,0.9006,0.90087,0.90048,0.90062,269
2024.01.03,15:45,0.90072,0.90088,0.90056,0.90068,138
2024.01.03,16:00,0.90077,0.90087,0.90053,0.90081,373
2024.01.03,16:15,0.90114,0.9013,0.90112,0.9012,131
2024.01.03,16:30,0.9011,0.90129,0.90105,0.90118,359
2024.01.03,16:45,0.90082,0.90112,0.90062,0.90095,192
2024.01.03,17:00,0.90071,0.90094,0.90045,0.90068,340
2024.01.03,17:15,0.90112,0.90146,0.90102,0.90131,52
2024.01.03,17:30,0.90148,0.90148,0.90137,0.90138,349
2024.01.03,17:45,0.90073,0.90083,0.90048,0.90075,413
2024.01.03,18:00,0.90096,0.901,0.90094,0.90095,320
2024.01.03,18:15,0.90093,0.90114,0.90082,0.90089,422
2024.01.03,18:30,0.90062,0.9009,0.9006,0.90074,193
2024.01.03,18:45,0.90081,0.90088,0.90075,0.9008,139
2024.01.03,19:00,0.90076,0.90083,0.90062,0.90081,446
2024.01.03,19:15,0.90065,0.90083,0.90057,0.9007,489
2024.01.03,19:30,0.90069,0.90088,0.90066,0.9008,425
2024.01.03,19:45,0.90053,0.90057,0.90015,0.90056,75
2024.01.03,20:00,0.9007,0.90089,0.9005,0.90067,121
2024.01.03,20:15,0.90076,0.90099,0.90055,0.90067,201
2024.01.03,20:30,0.90059,0.9008,0.90049,0.90062,213
2024.01.03,20:45,0.90055,0.90072,0.90044,0.9005,157
2024.01.03,21:00,0.90041,0.90061,0.90022,0.90054,209
2024.01.03,21:15,0.90018,0.90031,0.9001,0.90019,458
2024.01.03,21:30,0.89998,0.90022,0.89968,0.89993,290
2024.01.03,21:45,0.90004,0.90022,0.89991,0.90002,158
2024.01.03,22:00,0.89972,0.89982,0.89961,0.8997,98
2024.01.03,22:15,0.89983,0.89998,0.89976,0.89979,313
2024.01.03,22:30,0.89988,0.90003,0.89958,0.89991,308
2024.01.03,22:45,0.8995,0.89971,0.8995,0.89951,165
2024.01.03,23:00,0.89954,0.89969,0.89939,0.89959,257
2024.01.03,23:15,0.89917,0.89944,0.89878,0.89913,328
2024.01.03,23:30,0.89883,0.89889,0.89865,0.89884,198
2024.01.03,23:45,0.89878,0.89887,0.89872,0.89881,321
2024.01.04,00:00,0.89847,0.89848,0.89828,0.89838,410
2024.01.04,00:15,0.89788,0.89796,0.89754,0.89771,245
2024.01.04,00:30,0.89781,0.89812,0.89751,0.89791,61
2024.01.04,00:45,0.89779,0.89801,0.8977,0.89784,485
2024.01.04,01:00,0.89769,0.89785,0.89758,0.8977,499
2024.01.04,01:15,0.89769,0.89786,0.89748,0.89774,430
2024.01.04,01:30,0.89781,0.89791,0.89774,0.8979,441
2024.01.04,01:45,0.89815,0.89866,0.89813,0.89815,61
2024.01.04,02:00,0.89813,0.8982,0.89796,0.89797,195
2024.01.04,02:15,0.89816,0.89833,0.89791,0.89826,336
2024.01.04,02:30,0.89808,0.89809,0.89796,0.89805,378
2024.01.04,02:45,0.89785,0.89798,0.8977,0.89778,146
2024.01.04,03:00,0.89782,0.89792,0.89776,0.89792,357
2024.01.04,03:15,0.89805,0.89826,0.89798,0.89811,165
2024.01.04,03:30,0.89857,0.89873,0.89834,0.8984,63
2024.01.04,03:45,0.89829,0.89846,0.89817,0.8982,279
2024.01.04,04:00,0.89844,0.89855,0.89833,0.89834,114
2024.01.04,04:15,0.8986,0.89871,0.89842,0.89864,222
2024.01.04,04:30,0.89861,0.89867,0.89838,0.8985,454
2024.01.04,04:45,0.89818,0.89818,0.89793,0.89811,281
2024.01.04,05:00,0.89823,0.89849,0.89818,0.89831,91
2024.01.04,05:15,0.89813,0.89843,0.89804,0.89828,78
2024.01.04,05:30,0.89837,0.89839,0.89819,0.89831,333
2024.01.04,05:45,0.89869,0.89893,0.89865,0.89875,128
2024.01.04,06:00,0.89872,0.89889,0.89871,0.89874,57
2024.01.04,06:15,0.89864,0.89867,0.89836,0.89856,188
2024.01.04,06:30,0.8984,0.89858,0.89803,0.89822,401
2024.01.04,06:45,0.89819,0.89829,0.89811,0.89812,386
2024.01.04,07:00,0.89839,0.89862,0.89817,0.89851,483
2024.01.04,07:15,0.89845,0.89851,0.89845,0.8985,304
2024.01.04,07:30,0.89889,0.89921,0.89878,0.89894,429
2024.01.04,07:45,0.899,0.89914,0.8989,0.89894,383
2024.01.04,08:00,0.89949,0.89966,0.89944,0.89947,223
2024.01.04,08:15,0.89914,0.89936,0.89909,0.89919,480
2024.01.04,08:30,0.89941,0.89953,0.89922,0.8994,409
2024.01.04,08:45,0.89905,0.89909,0.899,0.89902,199
2024.01.04,09:00,0.89913,0.89927,0.89905,0.89918,456
2024.01.04,09:15,0.89931,0.89951,0.89897,0.8994,233
2024.01.04,09:30,0.89917,0.89922,0.89902,0.89918,278
2024.01.04,09:45,0.89915,0.89933,0.89904,0.89908,411
2024.01.04,10:00,0.89873,0.89894,0.89861,0.89877,268
2024.01.04,10:15,0.89864,0.89892,0.89859,0.89875,135
2024.01.04,10:30,0.89882,0.89892,0.89869,0.89888,69
2024.01.04,10:45,0.89864,0.89871,0.8985,0.89861,150
2024.01.04,11:00,0.89853,0.89872,0.89835,0.89858,276
2024.01.04,11:15,0.89869,0.89882,0.89853,0.89859,322
2024.01.04,11:30,0.89845,0.89884,0.89836,0.89846,385
2024.01.04,11:45,0.89866,0.89881,0.8986,0.8986,207
2024.01.04,12:00,0.89844,0.89867,0.89843,0.89854,415
2024.01.04,12:15,0.89866,0.89879,0.89854,0.89862,68
2024.01.04,12:30,0.89832,0.89835,0.89806,0.89817,195
2024.01.04,12:45,0.89801,0.89809,0.89792,0.89807,362
2024.01.04,13:00,0.89812,0.8982,0.89775,0.89803,289
2024.01.04,13:15,0.89818,0.89832,0.89802,0.89807,187
2024.01.04,13:30,0.8981,0.89837,0.89804,0.89809,475
2024.01.04,13:45,0.89798,0.89806,0.8977,0.8978,98
2024.01.04,14:00,0.89799,0.89812,0.89785,0.8981,175
2024.01.04,14:15,0.8981,0.89836,0.89781,0.89806,375
2024.01.04,14:30,0.89798,0.8982,0.89798,0.89805,262
2024.01.04,14:45,0.89779,0.89792,0.89772,0.89777,169
2024.01.04,15:00,0.89775,0.89779,0.89756,0.89773,119
2024.01.04,15:15,0.89773,0.89791,0.89736,0.8978,56
2024.01.04,15:30,0.89776,0.89793,0.8977,0.89789,192
2024.01.04,15:45,0.89782,0.89801,0.89775,0.89787,191
2024.01.04,16:00,0.89808,0.89827,0.89793,0.89797,452
2024.01.04,16:15,0.89806,0.89808,0.89792,0.89804,135
2024.01.04,16:30,0.89832,0.89873,0.89827,0.89833,135
2024.01.04,16:45,0.89891,0.89906,0.8988,0.89888,379
2024.01.04,17:00,0.899,0.89913,0.89856,0.89892,174
2024.01.04,17:15,0.89869,0.89886,0.89864,0.89871,108
2024.01.04,17:30,0.89853,0.89859,0.89844,0.89858,440
2024.01.04,17:45,0.89862,0.89884,0.8985,0.89868,192
2024.01.04,18:00,0.89877,0.89881,0.8986,0.89864,107
2024.01.04,18:15,0.89874,0.89899,0.89861,0.89875,436
2024.01.04,18:30,0.89877,0.8989,0.89863,0.89877,485
2024.01.04,18:45,0.89818,0.89833,0.89809,0.89811,316
2024.01.04,19:00,0.89814,0.89835,0.89795,0.89808,213
2024.01.04,19:15,0.89783,0.89804,0.89766,0.89787,287
2024.01.04,19:30,0.89754,0.89761,0.8974,0.8976,312
2024.01.04,19:45,0.89718,0.89738,0.89679,0.89719,57
2024.01.04,20:00,0.89727,0.89738,0.89715,0.89718,415
2024.01.04,20:15,0.89718,0.89743,0.89717,0.89722,424
2024.01.04,20:30,0.89732,0.89741,0.8972,0.89726,180
2024.01.04,20:45,0.89774,0.89782,0.89762,0.89779,314
2024.01.04,21:00,0.89783,0.89812,0.89768,0.89792,444
2024.01.04,21:15,0.898,0.89811,0.89776,0.89793,180
2024.01.04,21:30,0.89795,0.89811,0.89786,0.89793,267
2024.01.04,21:45,0.89786,0.89792,0.89773,0.89779,480
2024.01.04,22:00,0.89791,0.89809,0.89748,0.89778,322
2024.01.04,22:15,0.89775,0.89794,0.89774,0.89776,261
2024.01.04,22:30,0.89763,0.89771,0.89749,0.89767,197
2024.01.04,22:45,0.89783,0.8979,0.89759,0.89772,53
2024.01.04,23:00,0.89763,0.89769,0.89752,0.89761,362
2024.01.04,23:15,0.89789,0.89814,0.89778,0.89794,382
2024.01.04,23:30,0.89802,0.89813,0.89787,0.89793,95
2024.01.04,23:45,0.89822,0.89831,0.8979,0.89829,79
2024.01.05,00:00,0.89827,0.89848,0.89823,0.89824,319
2024.01.05,00:15,0.89818,0.89831,0.89812,0.89824,484
2024.01.05,00:30,0.89839,0.89869,0.89824,0.89855,173
2024.01.05,00:45,0.89841,0.89868,0.89836,0.89856,473
2024.01.05,01:00,0.8981,0.89818,0.89792,0.89803,90
2024.01.05,01:15,0.89814,0.8983,0.89801,0.89816,176
2024.01.05,01:30,0.89831,0.89871,0.89824,0.89838,317
2024.01.05,01:45,0.8984,0.89859,0.89826,0.89841,250
2024.01.05,02:00,0.89849,0.8988,0.89839,0.8987,480
2024.01.05,02:15,0.8984,0.89842,0.89822,0.89836,455
2024.01.05,02:30,0.8988,0.89906,0.89855,0.89886,181
2024.01.05,02:45,0.89864,0.8987,0.89848,0.89859,116
2024.01.05,03:00,0.8987,0.89877,0.89848,0.89875,306
2024.01.05,03:15,0.89858,0.89881,0.89853,0.89854,332
2024.01.05,03:30,0.89843,0.89853,0.89821,0.89842,340
2024.01.05,03:45,0.89807,0.89866,0.89793,0.89826,98
2024.01.05,04:00,0.89856,0.89886,0.89848,0.89878,412
2024.01.05,04:15,0.89862,0.89886,0.8986,0.89873,108
2024.01.05,04:30,0.89902,0.89902,0.89873,0.89901,196
2024.01.05,04:45,0.89922,0.89923,0.89907,0.89913,68
2024.01.05,05:00,0.89935,0.8995,0.89924,0.89948,289
2024.01.05,05:15,0.89976,0.89995,0.89964,0.8998,226
2024.01.05,05:30,0.90024,0.90037,0.90013,0.90017,176
2024.01.05,05:45,0.89998,0.9002,0.89981,0.90016,162
2024.01.05,06:00,0.9003,0.90042,0.90012,0.90039,499
2024.01.05,06:15,0.90046,0.90059,0.90029,0.90046,250
2024.01.05,06:30,0.90072,0.90079,0.90062,0.90074,51
2024.01.05,06:45,0.90109,0.90126,0.90104,0.90125,284
2024.01.05,07:00,0.90197,0.9021,0.90168,0.90203,328
2024.01.05,07:15,0.90231,0.90236,0.90219,0.9023,122
2024.01.05,07:30,0.90257,0.90267,0.90234,0.90255,244
2024.01.05,07:45,0.90206,0.90226,0.90178,0.90215,362
2024.01.05,08:00,0.90213,0.90243,0.90192,0.90238,205
2024.01.05,08:15,0.90208,0.90218,0.90204,0.90215,197
2024.01.05,08:30,0.90221,0.90252,0.90198,0.90217,444
2024.01.05,08:45,0.90247,0.90275,0.90222,0.90257,165
2024.01.05,09:00,0.90298,0.90332,0.90298,0.90301,94
2024.01.05,09:15,0.9029,0.90291,0.90285,0.90287,283
2024.01.05,09:30,0.90243,0.90257,0.90233,0.90233,475
2024.01.05,09:45,0.90231,0.90242,0.90227,0.90238,250
2024.01.05,10:00,0.90235,0.90242,0.90203,0.90226,117
2024.01.05,10:15,0.90226,0.90233,0.90207,0.90227,358
2024.01.05,10:30,0.90221,0.90239,0.90198,0.90214,100
2024.01.05,10:45,0.90215,0.9024,0.90198,0.90221,188
2024.01.05,11:00,0.90167,0.9018,0.90151,0.90169,446
2024.01.05,11:15,0.90163,0.90206,0.90159,0.90171,298
2024.01.05,11:30,0.90166,0.90191,0.90155,0.90169,54
2024.01.05,11:45,0.90241,0.90267,0.90237,0.90245,222
2024.01.05,12:00,0.9023,0.90244,0.90225,0.90243,54
2024.01.05,12:15,0.90225,0.90238,0.90214,0.90216,353
2024.01.05,12:30,0.90221,0.90227,0.90192,0.90221,277
2024.01.05,12:45,0.90196,0.90217,0.90187,0.90207,252
2024.01.05,13:00,0.90201,0.90214,0.90193,0.90204,268
2024.01.05,13:15,0.90236,0.90253,0.9023,0.90248,414
2024.01.05,13:30,0.90253,0.90261,0.90232,0.90261,377
2024.01.05,13:45,0.90277,0.90322,0.90267,0.90278,257
2024.01.05,14:00,0.90339,0.9035,0.90323,0.90343,218
2024.01.05,14:15,0.90319,0.90336,0.90311,0.90326,184
2024.01.05,14:30,0.90322,0.90329,0.90313,0.90324,190
2024.01.05,14:45,0.90345,0.90363,0.90328,0.90351,213
2024.01.05,15:00,0.90334,0.90339,0.90306,0.90329,433
2024.01.05,15:15,0.90342,0.90385,0.90325,0.90357,339
2024.01.05,15:30,0.90367,0.90379,0.90352,0.90354,371
2024.01.05,15:45,0.9035,0.90361,0.90329,0.90344,344
2024.01.05,16:00,0.90301,0.90312,0.90288,0.90295,167
2024.01.05,16:15,0.90288,0.90318,0.90268,0.90278,486
2024.01.05,16:30,0.90318,0.90325,0.90302,0.90311,81
2024.01.05,16:45,0.9037,0.90391,0.9036,0.90372,209
2024.01.05,17:00,0.90303,0.9033,0.90283,0.90295,384
2024.01.05,17:15,0.90324,0.90365,0.90313,0.90319,61
2024.01.05,17:30,0.9027,0.9027,0.90257,0.90262,124
2024.01.05,17:45,0.90244,0.90275,0.90234,0.90252,263
2024.01.05,18:00,0.90243,0.90245,0.90223,0.90236,206
2024.01.05,18:15,0.90241,0.90265,0.90238,0.90249,387
2024.01.05,18:30,0.90245,0.90265,0.90242,0.90251,228
2024.01.05,18:45,0.90258,0.90267,0.90221,0.90257,266
2024.01.05,19:00,0.90272,0.90284,0.90269,0.90272,413
2024.01.05,19:15,0.90282,0.90294,0.90245,0.90279,342
2024.01.05,19:30,0.90275,0.90287,0.90275,0.9028,90
2024.01.05,19:45,0.90253,0.90259,0.90234,0.90258,410
2024.01.05,20:00,0.90292,0.90301,0.90286,0.90296,378
2024.01.05,20:15,0.90306,0.9032,0.90289,0.90311,392
2024.01.05,20:30,0.90269,0.90281,0.90256,0.90262,323
2024.01.05,20:45,0.90265,0.9027,0.9022,0.90257,70
2024.01.05,21:00,0.90233,0.90256,0.90207,0.90234,102
2024.01.05,21:15,0.90205,0.90218,0.90202,0.90206,212
2024.01.05,21:30,0.90136,0.90146,0.901,0.90143,73
2024.01.05,21:45,0.9016,0.90165,0.90154,0.90156,370
2024.01.05,22:00,0.90184,0.90207,0.90182,0.90197,235
2024.01.05,22:15,0.90203,0.90219,0.90194,0.90197,282
2024.01.05,22:30,0.90188,0.90209,0.90186,0.902,293
2024.01.05,22:45,0.90226,0.90261,0.90198,0.90233,184
2024.01.05,23:00,0.90242,0.90255,0.90223,0.90244,266
2024.01.05,23:15,0.90218,0.9023,0.90214,0.9022,275
2024.01.05,23:30,0.90265,0.90266,0.90254,0.90264,139
2024.01.05,23:45,0.90322,0.90345,0.90309,0.90338,327
2024.01.08,00:00,0.90304,0.90313,0.90296,0.90301,75
2024.01.08,00:15,0.90289,0.90302,0.90275,0.90289,400
2024.01.08,00:30,0.90258,0.9027,0.90246,0.90256,265
2024.01.08,00:45,0.90264,0.9029,0.90258,0.90261,331
2024.01.08,01:00,0.90238,0.90271,0.90214,0.9024,110
2024.01.08,01:15,0.90257,0.90273,0.90253,0.9027,351
2024.01.08,01:30,0.90255,0.90256,0.90242,0.90245,477
2024.01.08,01:45,0.90253,0.90268,0.90217,0.90258,119
2024.01.08,02:00,0.90266,0.90278,0.90226,0.90265,236
2024.01.08,02:15,0.90267,0.90272,0.90247,0.90253,68
2024.01.08,02:30,0.9024,0.90254,0.90232,0.90246,174
2024.01.08,02:45,0.90257,0.90262,0.90248,0.90261,57
2024.01.08,03:00,0.90242,0.90257,0.90225,0.90229,130
2024.01.08,03:15,0.90235,0.90266,0.90235,0.90248,186
2024.01.08,03:30,0.90261,0.90269,0.9023,0.90243,304
2024.01.08,03:45,0.9021,0.90219,0.90193,0.90206,481
2024.01.08,04:00,0.90202,0.90215,0.90197,0.90198,190
2024.01.08,04:15,0.90198,0.90223,0.90154,0.90214,372
2024.01.08,04:30,0.90252,0.90269,0.90224,0.9026,323
2024.01.08,04:45,0.90211,0.90241,0.90199,0.90217,242
2024.01.08,05:00,0.90222,0.90241,0.90199,0.90239,484
2024.01.08,05:15,0.90189,0.90202,0.90186,0.90191,248
2024.01.08,05:30,0.90185,0.90212,0.90184,0.90198,448
2024.01.08,05:45,0.90159,0.90163,0.90138,0.90151,161
2024.01.08,06:00,0.90141,0.90153,0.90141,0.90147,244
2024.01.08,06:15,0.90129,0.90158,0.90128,0.9014,482
2024.01.08,06:30,0.90092,0.90096,0.90083,0.90091,303
2024.01.08,06:45,0.90136,0.90174,0.90126,0.90137,375
2024.01.08,07:00,0.90117,0.90133,0.90096,0.90111,228
2024.01.08,07:15,0.90141,0.9017,0.90125,0.90156,446
2024.01.08,07:30,0.90109,0.9012,0.90083,0.90101,460
2024.01.08,07:45,0.90085,0.9009,0.9006,0.90081,71
2024.01.08,08:00,0.9012,0.90148,0.90111,0.90122,336
2024.01.08,08:15,0.90126,0.90152,0.90103,0.90115,263
2024.01.08,08:30,0.90132,0.90155,0.90108,0.90124,454
2024.01.08,08:45,0.90163,0.90172,0.90151,0.90168,130
2024.01.08,09:00,0.90197,0.90212,0.90184,0.90196,456
2024.01.08,09:15,0.90191,0.90192,0.90172,0.90182,294
2024.01.08,09:30,0.90194,0.90219,0.90187,0.90207,232
2024.01.08,09:45,0.90156,0.90164,0.9011,0.90129,401
2024.01.08,10:00,0.9011,0.90135,0.90109,0.90113,437
2024.01.08,10:15,0.90115,0.90174,0.9011,0.9013,217
2024.01.08,10:30,0.9013,0.90143,0.9012,0.90133,62
2024.01.08,10:45,0.90138,0.90154,0.90123,0.90151,51
2024.01.08,11:00,0.90161,0.90179,0.90151,0.90167,489
2024.01.08,11:15,0.90168,0.90169,0.90154,0.90164,162
2024.01.08,11:30,0.90162,0.90166,0.90146,0.90152,439
2024.01.08,11:45,0.90185,0.90198,0.90173,0.90184,108
2024.01.08,12:00,0.90165,0.90169,0.90137,0.90156,428
2024.01.08,12:15,0.90152,0.90164,0.90149,0.90156,231
2024.01.08,12:30,0.90141,0.90151,0.90131,0.90146,297
2024.01.08,12:45,0.90145,0.9015,0.90139,0.90146,218
2024.01.08,13:00,0.9017,0.90185,0.90134,0.90162,253
2024.01.08,13:15,0.90167,0.90178,0.90141,0.90168,51
2024.01.08,13:30,0.90193,0.90216,0.90192,0.90197,344
2024.01.08,13:45,0.90194,0.9022,0.90188,0.90209,416
2024.01.08,14:00,0.90264,0.90287,0.9025,0.90276,332
2024.01.08,14:15,0.90308,0.90331,0.90284,0.90316,149
2024.01.08,14:30,0.90374,0.904,0.90352,0.90386,333
2024.01.08,14:45,0.90348,0.90377,0.90347,0.90354,132
2024.01.08,15:00,0.90351,0.90362,0.90345,0.90355,337
2024.01.08,15:15,0.90372,0.90389,0.90346,0.90372,227
2024.01.08,15:30,0.90378,0.9039,0.90376,0.90385,320
2024.01.08,15:45,0.90386,0.90406,0.9037,0.90374,90
2024.01.08,16:00,0.90396,0.90415,0.9039,0.904,96
2024.01.08,16:15,0.90398,0.90408,0.90395,0.90404,483
2024.01.08,16:30,0.90422,0.90447,0.90414,0.90424,353
2024.01.08,16:45,0.90445,0.9045,0.90424,0.90426,368
2024.01.08,17:00,0.90388,0.90396,0.90366,0.90393,425
2024.01.08,17:15,0.90383,0.90405,0.90369,0.90378,344
2024.01.08,17:30,0.90356,0.90383,0.90352,0.90362,105
2024.01.08,17:45,0.90351,0.90379,0.90346,0.90358,279
2024.01.08,18:00,0.90314,0.90346,0.90306,0.90316,141
2024.01.08,18:15,0.90316,0.90367,0.90309,0.90327,254
2024.01.08,18:30,0.90328,0.90356,0.90322,0.90322,373
2024.01.08,18:45,0.90304,0.90317,0.90291,0.90302,390
2024.01.08,19:00,0.90317,0.90334,0.90315,0.90318,133
2024.01.08,19:15,0.90355,0.90359,0.90311,0.90339,202
2024.01.08,19:30,0.90302,0.90327,0.90295,0.90307,360
2024.01.08,19:45,0.90324,0.90342,0.90315,0.90334,226
2024.01.08,20:00,0.90353,0.90353,0.90319,0.90335,84
2024.01.08,20:15,0.90344,0.90378,0.90339,0.90345,125
2024.01.08,20:30,0.90357,0.90366,0.90317,0.90348,334
2024.01.08,20:45,0.90285,0.90313,0.90273,0.90297,161
2024.01.08,21:00,0.903,0.90329,0.90296,0.90303,187
2024.01.08,21:15,0.90333,0.90361,0.90327,0.90331,60
2024.01.08,21:30,0.90293,0.90319,0.90278,0.9031,224
2024.01.08,21:45,0.90325,0.90344,0.90312,0.90339,498
2024.01.08,22:00,0.90322,0.90349,0.90289,0.90333,142
2024.01.08,22:15,0.90306,0.90309,0.90292,0.90308,462
2024.01.08,22:30,0.90318,0.90319,0.90302,0.90318,331
2024.01.08,22:45,0.90314,0.90319,0.90274,0.90316,290
2024.01.08,23:00,0.90344,0.90363,0.90331,0.90358,78
2024.01.08,23:15,0.90398,0.90427,0.90394,0.90412,370
2024.01.08,23:30,0.90441,0.90443,0.90434,0.90439,167
2024.01.08,23:45,0.90432,0.90454,0.90425,0.9043,478
2024.01.09,00:00,0.90421,0.90421,0.90386,0.90412,195
2024.01.09,00:15,0.90411,0.90412,0.9038,0.90393,341
2024.01.09,00:30,0.90397,0.90418,0.90396,0.904,382
2024.01.09,00:45,0.90392,0.90412,0.9037,0.90386,231
2024.01.09,01:00,0.90405,0.9044,0.90392,0.90417,109
2024.01.09,01:15,0.90442,0.90461,0.90423,0.90432,98
2024.01.09,01:30,0.90472,0.90492,0.90465,0.90467,250
2024.01.09,01:45,0.90505,0.90516,0.90494,0.9051,363
2024.01.09,02:00,0.90528,0.90542,0.90495,0.90519,432
2024.01.09,02:15,0.90527,0.90537,0.90524,0.9053,436
2024.01.09,02:30,0.9057,0.90584,0.90567,0.90579,111
2024.01.09,02:45,0.90577,0.90602,0.90562,0.90584,57
2024.01.09,03:00,0.9055,0.90558,0.90535,0.90552,271
2024.01.09,03:15,0.90553,0.90579,0.90539,0.90565,395
2024.01.09,03:30,0.90581,0.90581,0.9054,0.90563,288
2024.01.09,03:45,0.90599,0.9061,0.90584,0.90586,205
2024.01.09,04:00,0.90538,0.90547,0.90523,0.90542,123
2024.01.09,04:15,0.90571,0.90585,0.9056,0.90577,375
2024.01.09,04:30,0.90595,0.90609,0.90585,0.90599,441
2024.01.09,04:45,0.90608,0.90632,0.90605,0.90606,439
2024.01.09,05:00,0.90569,0.90575,0.90543,0.9057,153
2024.01.09,05:15,0.90552,0.90561,0.90541,0.90557,430
2024.01.09,05:30,0.90577,0.90586,0.9056,0.90575,236
2024.01.09,05:45,0.90567,0.90593,0.90552,0.90576,232
2024.01.09,06:00,0.90587,0.90611,0.90557,0.90595,390
2024.01.09,06:15,0.9055,0.90572,0.90542,0.90545,68
2024.01.09,06:30,0.90593,0.90601,0.90568,0.90589,260
2024.01.09,06:45,0.9058,0.90595,0.90547,0.90568,240
2024.01.09,07:00,0.90585,0.90599,0.90576,0.90586,444
2024.01.09,07:15,0.90574,0.90595,0.90571,0.90579,392
2024.01.09,07:30,0.9061,0.90633,0.9059,0.90617,388
2024.01.09,07:45,0.90637,0.90646,0.90614,0.90634,455
2024.01.09,08:00,0.90688,0.90699,0.90683,0.90691,453
2024.01.09,08:15,0.90686,0.90705,0.90653,0.90682,215
2024.01.09,08:30,0.90655,0.90701,0.90636,0.90653,342
2024.01.09,08:45,0.90665,0.90681,0.9066,0.90662,413
2024.01.09,09:00,0.9065,0.90652,0.90645,0.90646,463
2024.01.09,09:15,0.90652,0.90663,0.90631,0.90643,284
2024.01.09,09:30,0.90655,0.90661,0.90652,0.90656,230
2024.01.09,09:45,0.90663,0.90666,0.90657,0.9066,342
2024.01.09,10:00,0.90667,0.90683,0.90667,0.90671,144
2024.01.09,10:15,0.90659,0.90664,0.90631,0.90643,317
2024.01.09,10:30,0.90653,0.90657,0.90641,0.90651,413
2024.01.09,10:45,0.90648,0.90668,0.90641,0.90642,133
2024.01.09,11:00,0.90641,0.90648,0.90622,0.90635,159
2024.01.09,11:15,0.90601,0.9061,0.90569,0.9059,62
2024.01.09,11:30,0.9058,0.90585,0.90564,0.90577,432
2024.01.09,11:45,0.90564,0.90575,0.90556,0.90571,351
2024.01.09,12:00,0.90561,0.90587,0.90558,0.90583,287
2024.01.09,12:15,0.90586,0.90588,0.90581,0.90586,362
2024.01.09,12:30,0.90559,0.90573,0.90537,0.90555,138
2024.01.09,12:45,0.90604,0.9062,0.90597,0.90607,320
2024.01.09,13:00,0.90649,0.9067,0.9061,0.90665,250
2024.01.09,13:15,0.90574,0.90605,0.90568,0.90583,276
2024.01.09,13:30,0.90574,0.90592,0.90564,0.90588,273
2024.01.09,13:45,0.90582,0.90599,0.90553,0.90595,395
2024.01.09,14:00,0.90588,0.90611,0.90575,0.90596,240
2024.01.09,14:15,0.9056,0.90565,0.90541,0.90555,286
2024.01.09,14:30,0.90578,0.90596,0.90557,0.90593,296
2024.01.09,14:45,0.90563,0.90566,0.9054,0.90559,436
2024.01.09,15:00,0.9055,0.90575,0.90543,0.90564,374
2024.01.09,15:15,0.90578,0.90593,0.90562,0.90572,299
2024.01.09,15:30,0.90641,0.90662,0.90631,0.90652,475
2024.01.09,15:45,0.90667,0.90689,0.90657,0.9067,434
2024.01.09,16:00,0.90651,0.90655,0.90638,0.90651,158
2024.01.09,16:15,0.90655,0.90671,0.90644,0.90663,424
2024.01.09,16:30,0.90588,0.90607,0.9058,0.90599,143
2024.01.09,16:45,0.90654,0.90664,0.90636,0.9066,192
2024.01.09,17:00,0.9066,0.90674,0.90651,0.9066,229
2024.01.09,17:15,0.9068,0.90693,0.9067,0.90686,257
2024.01.09,17:30,0.90671,0.90682,0.90648,0.90677,239
2024.01.09,17:45,0.90701,0.90731,0.90672,0.90708,465
2024.01.09,18:00,0.90739,0.90741,0.90708,0.9073,241
2024.01.09,18:15,0.90707,0.90709,0.90685,0.90694,393
2024.01.09,18:30,0.90708,0.9071,0.90685,0.90696,196
2024.01.09,18:45,0.90679,0.90706,0.90658,0.90693,293
2024.01.09,19:00,0.90668,0.90695,0.90655,0.9068,132
2024.01.09,19:15,0.90651,0.9067,0.90643,0.90644,434
2024.01.09,19:30,0.90653,0.90659,0.90652,0.90659,471
2024.01.09,19:45,0.90668,0.90685,0.90642,0.90643,299
2024.01.09,20:00,0.90651,0.90661,0.90634,0.90646,201
2024.01.09,20:15,0.90661,0.90672,0.90643,0.90652,331
2024.01.09,20:30,0.90672,0.90679,0.90647,0.90666,181
2024.01.09,20:45,0.90697,0.90714,0.9068,0.90692,207
2024.01.09,21:00,0.90696,0.90707,0.90693,0.90698,495
2024.01.09,21:15,0.9067,0.90672,0.90665,0.90671,415
2024.01.09,21:30,0.90634,0.90665,0.9062,0.90635,161
2024.01.09,21:45,0.9061,0.90622,0.90609,0.90619,241
2024.01.09,22:00,0.90613,0.9063,0.90606,0.90617,54
2024.01.09,22:15,0.90597,0.90605,0.90576,0.90601,108
2024.01.09,22:30,0.90642,0.90651,0.90639,0.9064,157
2024.01.09,22:45,0.90593,0.90605,0.90592,0.90597,211
2024.01.09,23:00,0.90585,0.90614,0.90566,0.90574,370
2024.01.09,23:15,0.90586,0.90601,0.90582,0.90589,71
2024.01.09,23:30,0.90531,0.90535,0.90509,0.90526,66
2024.01.09,23:45,0.90494,0.90506,0.90488,0.90503,478
2024.01.10,00:00,0.9049,0.90499,0.90469,0.90487,359
2024.01.10,00:15,0.90507,0.90517,0.90489,0.90502,109
2024.01.10,00:30,0.90511,0.9054,0.90506,0.90507,69
2024.01.10,00:45,0.90527,0.90555,0.90504,0.90536,298
2024.01.10,01:00,0.90527,0.90529,0.90511,0.90525,68
2024.01.10,01:15,0.90553,0.90573,0.90533,0.90544,171
2024.01.10,01:30,0.90555,0.90573,0.90532,0.90567,412
2024.01.10,01:45,0.90565,0.90586,0.90562,0.90578,177
2024.01.10,02:00,0.90563,0.90566,0.90542,0.9056,236
2024.01.10,02:15,0.90548,0.90557,0.9052,0.90549,308
2024.01.10,02:30,0.9055,0.90573,0.90542,0.90548,413
2024.01.10,02:45,0.90554,0.90578,0.90535,0.90568,279
2024.01.10,03:00,0.90622,0.90627,0.90593,0.90617,220
2024.01.10,03:15,0.90626,0.90637,0.90618,0.90624,142
2024.01.10,03:30,0.90618,0.90633,0.90618,0.90628,145
2024.01.10,03:45,0.90642,0.90646,0.90635,0.9064,496
2024.01.10,04:00,0.90681,0.90691,0.90652,0.90671,340
2024.01.10,04:15,0.90668,0.90683,0.90657,0.90675,300
2024.01.10,04:30,0.9067,0.9069,0.90638,0.90665,378
2024.01.10,04:45,0.90677,0.90694,0.90658,0.90669,305
2024.01.10,05:00,0.90674,0.90689,0.90651,0.90671,363
2024.01.10,05:15,0.90701,0.90709,0.9069,0.90699,60
2024.01.10,05:30,0.9067,0.90683,0.90647,0.90662,170
2024.01.10,05:45,0.90646,0.90647,0.9064,0.90641,67
2024.01.10,06:00,0.90653,0.90663,0.9063,0.90647,347
2024.01.10,06:15,0.906,0.90626,0.90599,0.90603,364
2024.01.10,06:30,0.90669,0.90692,0.90661,0.90672,424
2024.01.10,06:45,0.90655,0.90656,0.90635,0.90653,66
2024.01.10,07:00,0.90634,0.9065,0.90627,0.90632,139
2024.01.10,07:15,0.90629,0.90643,0.90613,0.90626,463
2024.01.10,07:30,0.90601,0.90622,0.90588,0.90604,430
2024.01.10,07:45,0.90551,0.90561,0.90522,0.90532,324
2024.01.10,08:00,0.90514,0.90524,0.90504,0.90512,334
2024.01.10,08:15,0.905,0.9051,0.90468,0.90485,321
2024.01.10,08:30,0.90496,0.90509,0.90469,0.90503,83
2024.01.10,08:45,0.90518,0.90535,0.90507,0.90515,485
2024.01.10,09:00,0.90495,0.90501,0.90484,0.90489,165
2024.01.10,09:15,0.90515,0.90527,0.905,0.90519,387
2024.01.10,09:30,0.90523,0.90529,0.9051,0.90523,373
2024.01.10,09:45,0.90513,0.90525,0.90504,0.90522,490
2024.01.10,10:00,0.90584,0.90585,0.90542,0.90567,243
2024.01.10,10:15,0.90586,0.90618,0.90581,0.9059,294
2024.01.10,10:30,0.90544,0.90572,0.90536,0.90564,445
2024.01.10,10:45,0.90582,0.90593,0.9057,0.90579,157
2024.01.10,11:00,0.90575,0.9058,0.90565,0.90575,274
2024.01.10,11:15,0.90612,0.90622,0.906,0.90604,291
2024.01.10,11:30,0.90596,0.90632,0.90593,0.90601,125
2024.01.10,11:45,0.90603,0.9061,0.90596,0.90606,88
2024.01.10,12:00,0.90577,0.90607,0.90558,0.90578,460
2024.01.10,12:15,0.9061,0.90618,0.90588,0.90607,150
2024.01.10,12:30,0.90651,0.9068,0.90639,0.90651,383
2024.01.10,12:45,0.90661,0.90666,0.90658,0.9066,222
2024.01.10,13:00,0.90666,0.90696,0.90657,0.90669,266
2024.01.10,13:15,0.90692,0.90715,0.90673,0.90707,200
2024.01.10,13:30,0.90725,0.90756,0.90707,0.90739,255
2024.01.10,13:45,0.90715,0.90748,0.90705,0.9073,248
2024.01.10,14:00,0.90736,0.90746,0.90735,0.90742,93
2024.01.10,14:15,0.90722,0.90726,0.90693,0.90716,428
2024.01.10,14:30,0.90734,0.9074,0.90716,0.90735,239
2024.01.10,14:45,0.90767,0.90774,0.90766,0.90772,250
2024.01.10,15:00,0.90808,0.90811,0.90776,0.90799,374
2024.01.10,15:15,0.90761,0.9077,0.90752,0.90756,392
2024.01.10,15:30,0.90754,0.90767,0.90753,0.90762,432
2024.01.10,15:45,0.90729,0.90746,0.90697,0.90722,375
2024.01.10,16:00,0.90767,0.90779,0.9074,0.90761,246
2024.01.10,16:15,0.90808,0.90825,0.90792,0.90814,309
2024.01.10,16:30,0.90818,0.90826,0.90801,0.90824,101
2024.01.10,16:45,0.90863,0.90864,0.90846,0.90857,249
2024.01.10,17:00,0.90927,0.90937,0.90914,0.90927,260
2024.01.10,17:15,0.90907,0.90908,0.90904,0.90906,60
2024.01.10,17:30,0.90905,0.90921,0.90889,0.90912,279
2024.01.10,17:45,0.90886,0.90896,0.90885,0.90889,101
2024.01.10,18:00,0.90867,0.90906,0.9086,0.90885,458
2024.01.10,18:15,0.90913,0.90924,0.90904,0.90911,470
2024.01.10,18:30,0.90883,0.90915,0.90869,0.90897,354
2024.01.10,18:45,0.90864,0.90881,0.90835,0.90847,478
2024.01.10,19:00,0.90853,0.9087,0.90852,0.90856,103
2024.01.10,19:15,0.90834,0.90835,0.90819,0.90834,287
2024.01.10,19:30,0.90802,0.90828,0.90764,0.90791,96
2024.01.10,19:45,0.90769,0.90802,0.90736,0.90751,266
2024.01.10,20:00,0.90755,0.90763,0.90714,0.90751,430
2024.01.10,20:15,0.90728,0.90736,0.90725,0.90729,181
2024.01.10,20:30,0.90788,0.90814,0.90785,0.90796,302
2024.01.10,20:45,0.90773,0.90791,0.90743,0.90776,81
2024.01.10,21:00,0.9077,0.90782,0.90755,0.90766,96
2024.01.10,21:15,0.90758,0.90791,0.9075,0.90777,479
2024.01.10,21:30,0.90791,0.90813,0.90753,0.90787,271
2024.01.10,21:45,0.90749,0.90765,0.90732,0.90741,432
2024.01.10,22:00,0.90756,0.90769,0.90751,0.90752,150
2024.01.10,22:15,0.90763,0.9078,0.9074,0.90773,295
2024.01.10,22:30,0.90754,0.9076,0.90718,0.90747,422
2024.01.10,22:45,0.90743,0.90765,0.90737,0.90744,413
2024.01.10,23:00,0.90753,0.90771,0.90732,0.90749,71
2024.01.10,23:15,0.90682,0.90706,0.90681,0.90683,273
2024.01.10,23:30,0.90699,0.90721,0.9068,0.90701,465
2024.01.10,23:45,0.90715,0.90724,0.90699,0.90711,300
2024.01.11,00:00,0.90695,0.90698,0.90675,0.90693,388
2024.01.11,00:15,0.9067,0.90693,0.90645,0.90681,343
2024.01.11,00:30,0.90602,0.90632,0.90582,0.90599,389
2024.01.11,00:45,0.90592,0.90592,0.90588,0.90589,65
2024.01.11,01:00,0.90616,0.90619,0.90608,0.90617,376
2024.01.11,01:15,0.90622,0.90643,0.90615,0.90623,257
2024.01.11,01:30,0.90609,0.90623,0.90585,0.9061,426
2024.01.11,01:45,0.90615,0.9062,0.9059,0.90605,368
2024.01.11,02:00,0.90636,0.90657,0.9061,0.90615,281
2024.01.11,02:15,0.90641,0.90669,0.90633,0.90641,143
2024.01.11,02:30,0.90606,0.90607,0.906,0.90602,387
2024.01.11,02:45,0.90616,0.90645,0.90603,0.90616,163
2024.01.11,03:00,0.90655,0.90682,0.90649,0.90663,75
2024.01.11,03:15,0.90664,0.90665,0.90645,0.90653,100
2024.01.11,03:30,0.90671,0.907,0.90662,0.90678,493
2024.01.11,03:45,0.90711,0.90717,0.90706,0.90713,226
2024.01.11,04:00,0.90698,0.90742,0.90682,0.90711,359
2024.01.11,04:15,0.90715,0.90739,0.90689,0.9073,134
2024.01.11,04:30,0.90768,0.90785,0.90724,0.90763,207
2024.01.11,04:45,0.90759,0.90766,0.90737,0.90749,152
2024.01.11,05:00,0.90806,0.9083,0.90789,0.90799,217
2024.01.11,05:15,0.90794,0.90819,0.90792,0.90793,396
2024.01.11,05:30,0.9081,0.90843,0.908,0.90817,161
2024.01.11,05:45,0.90812,0.90828,0.90801,0.9081,141
2024.01.11,06:00,0.90819,0.90857,0.90791,0.90819,87
2024.01.11,06:15,0.90812,0.90822,0.90802,0.90813,68
2024.01.11,06:30,0.90836,0.90868,0.90807,0.90815,239
2024.01.11,06:45,0.90779,0.90791,0.90763,0.90779,394
2024.01.11,07:00,0.90806,0.90838,0.908,0.90816,231
2024.01.11,07:15,0.9082,0.90833,0.90805,0.90814,285
2024.01.11,07:30,0.908,0.90819,0.90759,0.90789,70
2024.01.11,07:45,0.90841,0.90859,0.90829,0.90831,293
2024.01.11,08:00,0.90824,0.90824,0.90792,0.9081,53
2024.01.11,08:15,0.90847,0.90873,0.90845,0.90855,325
2024.01.11,08:30,0.9086,0.90867,0.90847,0.90865,154
2024.01.11,08:45,0.90874,0.90878,0.90856,0.90868,347
2024.01.11,09:00,0.90868,0.90892,0.90851,0.90875,122
2024.01.11,09:15,0.90853,0.9087,0.9083,0.9085,345
2024.01.11,09:30,0.90808,0.90829,0.90794,0.90801,232
2024.01.11,09:45,0.90811,0.90837,0.90803,0.90824,155
2024.01.11,10:00,0.90802,0.90823,0.90793,0.90798,389
2024.01.11,10:15,0.90776,0.90787,0.90747,0.90771,416
2024.01.11,10:30,0.90784,0.90792,0.90761,0.90778,319
2024.01.11,10:45,0.90737,0.90754,0.9073,0.90731,281
2024.01.11,11:00,0.90721,0.90759,0.90709,0.90722,56
2024.01.11,11:15,0.90733,0.90741,0.90719,0.90726,264
2024.01.11,11:30,0.90714,0.90727,0.90709,0.90711,380
2024.01.11,11:45,0.90682,0.90683,0.90663,0.90677,215
2024.01.11,12:00,0.90677,0.90679,0.90669,0.90672,408
2024.01.11,12:15,0.90692,0.90704,0.9069,0.90695,108
2024.01.11,12:30,0.90674,0.90689,0.90655,0.90686,436
2024.01.11,12:45,0.90681,0.90717,0.90676,0.9069,90
2024.01.11,13:00,0.90704,0.90733,0.90686,0.90718,214
2024.01.11,13:15,0.90786,0.9079,0.90765,0.90784,273
2024.01.11,13:30,0.90764,0.90801,0.90757,0.90765,144
2024.01.11,13:45,0.90775,0.90784,0.90764,0.90768,255
2024.01.11,14:00,0.90754,0.90757,0.90737,0.90751,296
2024.01.11,14:15,0.90726,0.90741,0.90723,0.90728,401
2024.01.11,14:30,0.90726,0.90729,0.90706,0.90727,131
2024.01.11,14:45,0.90754,0.90775,0.90706,0.90773,87
2024.01.11,15:00,0.90769,0.90778,0.90718,0.90757,138
2024.01.11,15:15,0.90715,0.90741,0.90691,0.90712,340
2024.01.11,15:30,0.90689,0.907,0.90686,0.90694,399
2024.01.11,15:45,0.90715,0.90717,0.90707,0.90714,250
2024.01.11,16:00,0.90675,0.90687,0.90668,0.90681,488
2024.01.11,16:15,0.90704,0.90722,0.90698,0.90709,432
2024.01.11,16:30,0.90682,0.90686,0.90649,0.90683,220
2024.01.11,16:45,0.90707,0.90722,0.90688,0.907,237
2024.01.11,17:00,0.90697,0.90713,0.90688,0.90706,278
2024.01.11,17:15,0.90732,0.90744,0.90727,0.90736,231
2024.01.11,17:30,0.90743,0.90744,0.90738,0.90743,345
2024.01.11,17:45,0.90768,0.90786,0.90764,0.90775,419
2024.01.11,18:00,0.90783,0.90792,0.90758,0.90779,228
2024.01.11,18:15,0.90743,0.90745,0.90731,0.90742,365
2024.01.11,18:30,0.90692,0.9071,0.9066,0.90691,147
2024.01.11,18:45,0.90679,0.90693,0.90652,0.90669,256
2024.01.11,19:00,0.90658,0.90665,0.90645,0.90661,477
2024.01.11,19:15,0.90708,0.9071,0.90696,0.90699,103
2024.01.11,19:30,0.90699,0.90705,0.90696,0.907,376
2024.01.11,19:45,0.90729,0.90729,0.90687,0.90719,51
2024.01.11,20:00,0.90705,0.90719,0.90683,0.90705,337
2024.01.11,20:15,0.90753,0.90767,0.90741,0.90745,260
2024.01.11,20:30,0.9071,0.90737,0.90704,0.90709,158
2024.01.11,20:45,0.9071,0.90749,0.9071,0.90721,343
2024.01.11,21:00,0.90757,0.90765,0.90727,0.90745,392
2024.01.11,21:15,0.90723,0.90757,0.90698,0.90725,363
2024.01.11,21:30,0.90757,0.90764,0.9075,0.90753,319
2024.01.11,21:45,0.90768,0.90774,0.9075,0.90771,207
2024.01.11,22:00,0.90759,0.90777,0.90752,0.90756,240
2024.01.11,22:15,0.90778,0.90812,0.90775,0.90783,81
2024.01.11,22:30,0.90813,0.9082,0.90799,0.90801,491
2024.01.11,22:45,0.90792,0.90814,0.90776,0.90802,123
2024.01.11,23:00,0.90779,0.90801,0.90757,0.90781,146
2024.01.11,23:15,0.9078,0.90784,0.90769,0.90774,386
2024.01.11,23:30,0.90779,0.90799,0.90754,0.90784,390
2024.01.11,23:45,0.90812,0.90833,0.90788,0.90831,323
2024.01.12,00:00,0.90806,0.90826,0.90787,0.9081,63
2024.01.12,00:15,0.90789,0.90809,0.90775,0.90791,314
2024.01.12,00:30,0.90791,0.90821,0.90783,0.90789,395
2024.01.12,00:45,0.90785,0.90797,0.90779,0.90784,387
2024.01.12,01:00,0.90772,0.90786,0.9077,0.90779,466
2024.01.12,01:15,0.9073,0.90745,0.90717,0.90735,203
2024.01.12,01:30,0.90768,0.90781,0.90765,0.90772,351
2024.01.12,01:45,0.90757,0.90771,0.90752,0.9077,74
2024.01.12,02:00,0.90816,0.9083,0.90789,0.90813,397
2024.01.12,02:15,0.90802,0.90843,0.90785,0.90808,203
2024.01.12,02:30,0.9079,0.90818,0.90788,0.90804,112
2024.01.12,02:45,0.90806,0.9082,0.9077,0.90794,157
2024.01.12,03:00,0.9082,0.90822,0.90792,0.90821,265
2024.01.12,03:15,0.90853,0.90875,0.90811,0.90856,473
2024.01.12,03:30,0.90876,0.90904,0.90874,0.90886,133
2024.01.12,03:45,0.90938,0.90948,0.90935,0.90947,388
2024.01.12,04:00,0.90982,0.91001,0.9097,0.90975,172
2024.01.12,04:15,0.90932,0.90948,0.90918,0.90921,68
2024.01.12,04:30,0.90945,0.9095,0.90942,0.90944,492
2024.01.12,04:45,0.90912,0.90932,0.90904,0.90918,230
2024.01.12,05:00,0.90978,0.90986,0.90964,0.90973,454
2024.01.12,05:15,0.90991,0.91,0.90985,0.90993,430
2024.01.12,05:30,0.91009,0.91011,0.91004,0.9101,413
2024.01.12,05:45,0.91012,0.9103,0.91003,0.91017,306
2024.01.12,06:00,0.91072,0.91091,0.91057,0.91063,263
2024.01.12,06:15,0.91068,0.91086,0.91055,0.91072,174
2024.01.12,06:30,0.91103,0.91146,0.91099,0.91123,57
2024.01.12,06:45,0.91105,0.91116,0.91092,0.91109,161
2024.01.12,07:00,0.91162,0.91174,0.91133,0.91158,198
2024.01.12,07:15,0.91151,0.91164,0.91129,0.91144,343
2024.01.12,07:30,0.91143,0.91151,0.91132,0.91141,427
2024.01.12,07:45,0.91145,0.91152,0.91138,0.91141,169
2024.01.12,08:00,0.91141,0.91153,0.91121,0.91146,338
2024.01.12,08:15,0.91126,0.91127,0.9111,0.91121,159
2024.01.12,08:30,0.91109,0.91129,0.91109,0.91112,328
2024.01.12,08:45,0.9111,0.91124,0.91103,0.91116,466
2024.01.12,09:00,0.91159,0.91188,0.91153,0.91167,451
2024.01.12,09:15,0.91133,0.9115,0.91122,0.91126,443
2024.01.12,09:30,0.91131,0.91148,0.91104,0.91132,138
2024.01.12,09:45,0.91156,0.91177,0.91115,0.91133,328
2024.01.12,10:00,0.91112,0.9112,0.91102,0.91105,441
2024.01.12,10:15,0.9111,0.91129,0.91088,0.91104,153
2024.01.12,10:30,0.91124,0.91169,0.91122,0.91127,307
2024.01.12,10:45,0.91115,0.91133,0.91108,0.91119,446
2024.01.12,11:00,0.91139,0.91146,0.91125,0.91142,227
2024.01.12,11:15,0.9114,0.91172,0.91125,0.91153,404
2024.01.12,11:30,0.91128,0.9115,0.91126,0.91142,60
2024.01.12,11:45,0.9115,0.91153,0.9115,0.91151,286
2024.01.12,12:00,0.91141,0.91145,0.91125,0.91135,117
2024.01.12,12:15,0.91146,0.91152,0.91116,0.91138,402
2024.01.12,12:30,0.91141,0.9116,0.91138,0.91147,361
2024.01.12,12:45,0.91141,0.9116,0.9112,0.9114,124
2024.01.12,13:00,0.91137,0.9114,0.9111,0.91129,249
2024.01.12,13:15,0.91105,0.91129,0.91089,0.911,53
2024.01.12,13:30,0.91072,0.91098,0.91052,0.91061,58
2024.01.12,13:45,0.91056,0.91059,0.91032,0.9105,309
2024.01.12,14:00,0.91019,0.9102,0.90999,0.91011,385
2024.01.12,14:15,0.91007,0.91012,0.90987,0.91006,267
2024.01.12,14:30,0.91012,0.91028,0.90991,0.91007,181
2024.01.12,14:45,0.90987,0.91012,0.90984,0.90987,281
2024.01.12,15:00,0.9098,0.90981,0.90977,0.90979,100
2024.01.12,15:15,0.91011,0.91012,0.90974,0.91007,234
2024.01.12,15:30,0.91017,0.91022,0.90973,0.90996,463
2024.01.12,15:45,0.90975,0.90986,0.90942,0.90985,400
2024.01.12,16:00,0.90977,0.90991,0.90969,0.90985,454
2024.01.12,16:15,0.90977,0.91011,0.90971,0.90984,451
2024.01.12,16:30,0.90985,0.91005,0.90977,0.9098,243
2024.01.12,16:45,0.90943,0.90952,0.90942,0.90951,407
2024.01.12,17:00,0.90988,0.91003,0.90972,0.90988,418
2024.01.12,17:15,0.90965,0.90977,0.90958,0.90968,357
2024.01.12,17:30,0.90933,0.90969,0.9093,0.9094,482
2024.01.12,17:45,0.90965,0.90977,0.90964,0.90977,141
2024.01.12,18:00,0.90895,0.90903,0.90882,0.90886,247
2024.01.12,18:15,0.90905,0.90939,0.90899,0.90914,89
2024.01.12,18:30,0.90909,0.90927,0.90883,0.90909,485
2024.01.12,18:45,0.90959,0.90963,0.90932,0.90954,136
2024.01.12,19:00,0.90968,0.9099,0.90965,0.90972,167
2024.01.12,19:15,0.90963,0.90963,0.90944,0.90949,149
2024.01.12,19:30,0.90928,0.90938,0.90919,0.90925,473
2024.01.12,19:45,0.90925,0.90947,0.90904,0.90929,356
2024.01.12,20:00,0.90921,0.9093,0.90912,0.90916,259
2024.01.12,20:15,0.90951,0.9096,0.90935,0.90941,384
2024.01.12,20:30,0.9094,0.90943,0.90918,0.9094,414
2024.01.12,20:45,0.90924,0.90935,0.90911,0.90912,96
2024.01.12,21:00,0.90903,0.90909,0.90892,0.90892,417
2024.01.12,21:15,0.90894,0.90903,0.90879,0.90896,359
2024.01.12,21:30,0.90902,0.90911,0.90885,0.909,492
2024.01.12,21:45,0.90927,0.90931,0.90913,0.90924,497
2024.01.12,22:00,0.90873,0.90884,0.90844,0.90875,328
2024.01.12,22:15,0.90867,0.90873,0.90856,0.90862,400
2024.01.12,22:30,0.90807,0.90808,0.9079,0.90799,445
2024.01.12,22:45,0.9084,0.90844,0.90807,0.90843,66
2024.01.12,23:00,0.90864,0.90894,0.90853,0.90877,168
2024.01.12,23:15,0.90877,0.90881,0.90845,0.90869,375
2024.01.12,23:30,0.90866,0.90884,0.90856,0.90863,123
2024.01.12,23:45,0.90821,0.90823,0.90811,0.90819,187
2024.01.15,00:00,0.90792,0.90804,0.90774,0.90781,442
2024.01.15,00:15,0.90765,0.90783,0.9076,0.90764,492
2024.01.15,00:30,0.90725,0.90757,0.90701,0.90717,340
2024.01.15,00:45,0.90718,0.90748,0.90711,0.90721,383
2024.01.15,01:00,0.90706,0.90722,0.90696,0.90712,397
2024.01.15,01:15,0.90741,0.90752,0.90722,0.90736,276
2024.01.15,01:30,0.90767,0.90804,0.90725,0.90759,423
2024.01.15,01:45,0.90714,0.90722,0.9068,0.90711,60
2024.01.15,02:00,0.90689,0.90701,0.90663,0.90693,116
2024.01.15,02:15,0.90639,0.9064,0.90628,0.90628,490
2024.01.15,02:30,0.90626,0.9064,0.90599,0.9063,94
2024.01.15,02:45,0.90641,0.90652,0.90635,0.90638,179
2024.01.15,03:00,0.90645,0.90657,0.90637,0.90645,121
2024.01.15,03:15,0.90695,0.9071,0.90649,0.90675,323
2024.01.15,03:30,0.90657,0.9066,0.90626,0.90652,187
2024.01.15,03:45,0.90639,0.90664,0.90629,0.90632,147
2024.01.15,04:00,0.90634,0.9065,0.90619,0.90634,424
2024.01.15,04:15,0.90605,0.90618,0.90593,0.90616,399
2024.01.15,04:30,0.90599,0.90605,0.90577,0.90588,275
2024.01.15,04:45,0.90586,0.90596,0.90545,0.90588,113
2024.01.15,05:00,0.90611,0.90632,0.9059,0.90603,421
2024.01.15,05:15,0.90556,0.90575,0.90545,0.90559,496
2024.01.15,05:30,0.90569,0.90582,0.9056,0.90568,100
2024.01.15,05:45,0.90601,0.90615,0.90599,0.9061,279
2024.01.15,06:00,0.90615,0.90625,0.90596,0.906,98
2024.01.15,06:15,0.90617,0.90627,0.90608,0.90623,395
2024.01.15,06:30,0.90596,0.9061,0.90581,0.90593,172
2024.01.15,06:45,0.90605,0.90615,0.90588,0.90604,204
2024.01.15,07:00,0.90589,0.906,0.9057,0.90587,444
2024.01.15,07:15,0.90567,0.90608,0.90549,0.90577,249
2024.01.15,07:30,0.90571,0.90589,0.90546,0.90555,320
2024.01.15,07:45,0.90585,0.906,0.90575,0.90588,414
2024.01.15,08:00,0.9062,0.90626,0.90601,0.90622,274
2024.01.15,08:15,0.90573,0.90579,0.90546,0.9057,269
2024.01.15,08:30,0.90597,0.90619,0.90592,0.90602,410
2024.01.15,08:45,0.90625,0.90635,0.90624,0.90629,485
2024.01.15,09:00,0.90593,0.90619,0.90569,0.90601,102
2024.01.15,09:15,0.9062,0.90639,0.90611,0.90624,417
2024.01.15,09:30,0.90611,0.90618,0.90601,0.90617,265
2024.01.15,09:45,0.90616,0.9064,0.90605,0.90611,77
2024.01.15,10:00,0.90593,0.90609,0.9058,0.906,256
2024.01.15,10:15,0.90612,0.9063,0.9059,0.90617,164
2024.01.15,10:30,0.90572,0.90578,0.90568,0.90574,225
2024.01.15,10:45,0.90593,0.90597,0.90582,0.90592,77
2024.01.15,11:00,0.90519,0.90546,0.90492,0.90504,129
2024.01.15,11:15,0.90541,0.90551,0.90524,0.90546,230
2024.01.15,11:30,0.90522,0.90524,0.90509,0.90518,218
2024.01.15,11:45,0.90484,0.90493,0.9047,0.90474,237
2024.01.15,12:00,0.90507,0.9052,0.90491,0.90517,108
2024.01.15,12:15,0.90488,0.90499,0.90468,0.90482,172
2024.01.15,12:30,0.90476,0.90503,0.9046,0.90492,296
2024.01.15,12:45,0.90495,0.90507,0.90486,0.90488,220
2024.01.15,13:00,0.90492,0.905,0.90478,0.90498,149
2024.01.15,13:15,0.90488,0.90498,0.90459,0.90479,219
2024.01.15,13:30,0.90477,0.90485,0.90462,0.9048,221
2024.01.15,13:45,0.90502,0.90505,0.9047,0.90496,101
2024.01.15,14:00,0.90496,0.90511,0.9049,0.90498,464
2024.01.15,14:15,0.90485,0.90501,0.90482,0.90499,163
2024.01.15,14:30,0.90521,0.90529,0.90508,0.90519,459
2024.01.15,14:45,0.90479,0.90507,0.90451,0.9048,280
2024.01.15,15:00,0.90471,0.90475,0.9046,0.90472,382
2024.01.15,15:15,0.90467,0.90492,0.90452,0.90475,220
2024.01.15,15:30,0.9051,0.90521,0.90494,0.9051,423
2024.01.15,15:45,0.90514,0.90514,0.90493,0.90513,102
2024.01.15,16:00,0.90482,0.90513,0.90467,0.90489,403
2024.01.15,16:15,0.90459,0.90467,0.90454,0.90463,163
2024.01.15,16:30,0.90435,0.90445,0.90422,0.90438,416
2024.01.15,16:45,0.9043,0.90449,0.90422,0.90434,264
2024.01.15,17:00,0.90438,0.90446,0.90401,0.90417,483
2024.01.15,17:15,0.90416,0.90432,0.90409,0.9043,146
2024.01.15,17:30,0.90448,0.9046,0.90428,0.90452,182
2024.01.15,17:45,0.90432,0.90445,0.90404,0.90444,318
2024.01.15,18:00,0.90445,0.90452,0.90441,0.90443,166
2024.01.15,18:15,0.90403,0.90424,0.90403,0.90404,498
2024.01.15,18:30,0.90394,0.90416,0.90382,0.90406,322
2024.01.15,18:45,0.90362,0.9037,0.90358,0.90367,311
2024.01.15,19:00,0.90387,0.9039,0.90375,0.90389,481
2024.01.15,19:15,0.90368,0.90388,0.90354,0.90385,232
2024.01.15,19:30,0.90369,0.90376,0.90357,0.90368,100
2024.01.15,19:45,0.90359,0.90368,0.90354,0.90367,241
2024.01.15,20:00,0.90342,0.90351,0.90323,0.90348,143
2024.01.15,20:15,0.90361,0.90361,0.90353,0.90353,342
2024.01.15,20:30,0.90393,0.90409,0.90377,0.90398,468
2024.01.15,20:45,0.90387,0.90389,0.90373,0.90385,209
2024.01.15,21:00,0.90351,0.90371,0.90346,0.90353,244
2024.01.15,21:15,0.90387,0.90401,0.90376,0.90389,343
2024.01.15,21:30,0.90408,0.90416,0.90398,0.90407,247
2024.01.15,21:45,0.90392,0.90392,0.90383,0.90387,428
2024.01.15,22:00,0.904,0.90408,0.90387,0.90396,207
2024.01.15,22:15,0.90403,0.90422,0.90396,0.90402,472
2024.01.15,22:30,0.90422,0.90428,0.90407,0.90426,438
2024.01.15,22:45,0.90449,0.90461,0.90437,0.90452,170
2024.01.15,23:00,0.9045,0.90474,0.90436,0.90442,356
2024.01.15,23:15,0.90432,0.90441,0.90421,0.90434,340
2024.01.15,23:30,0.90412,0.90419,0.90392,0.90418,224
2024.01.15,23:45,0.90426,0.90443,0.90417,0.90429,265
2024.01.16,00:00,0.90483,0.90514,0.90474,0.90477,414
2024.01.16,00:15,0.9048,0.90483,0.90472,0.90473,433
2024.01.16,00:30,0.90485,0.90492,0.90481,0.9049,368
2024.01.16,00:45,0.90465,0.90487,0.90454,0.9047,195
2024.01.16,01:00,0.90477,0.90492,0.90466,0.90469,78
2024.01.16,01:15,0.90458,0.90462,0.90437,0.90458,450
2024.01.16,01:30,0.90398,0.90404,0.90373,0.9038,207
2024.01.16,01:45,0.90379,0.90397,0.90337,0.90354,287
2024.01.16,02:00,0.90356,0.90367,0.90346,0.90357,487
2024.01.16,02:15,0.90316,0.90334,0.90315,0.90328,133
2024.01.16,02:30,0.90338,0.90341,0.90333,0.9034,449
2024.01.16,02:45,0.90336,0.90355,0.90313,0.9032,473
2024.01.16,03:00,0.90314,0.90331,0.90296,0.90324,322
2024.01.16,03:15,0.90323,0.90344,0.90301,0.90316,186
2024.01.16,03:30,0.90354,0.90361,0.90328,0.90339,247
2024.01.16,03:45,0.90343,0.90355,0.90322,0.90342,231
2024.01.16,04:00,0.90354,0.90361,0.90332,0.90352,334
2024.01.16,04:15,0.90348,0.9035,0.90335,0.90348,73
2024.01.16,04:30,0.90366,0.90372,0.9034,0.90369,331
2024.01.16,04:45,0.90286,0.90293,0.90265,0.90287,397
2024.01.16,05:00,0.90303,0.90313,0.90274,0.90304,445
2024.01.16,05:15,0.90351,0.90365,0.90345,0.90349,156
2024.01.16,05:30,0.90344,0.90362,0.90341,0.90349,139
2024.01.16,05:45,0.90293,0.90328,0.90284,0.90289,99
2024.01.16,06:00,0.90287,0.90297,0.90272,0.90291,472
2024.01.16,06:15,0.90273,0.90281,0.90269,0.90275,355
2024.01.16,06:30,0.9029,0.90295,0.90283,0.90284,170
2024.01.16,06:45,0.9027,0.90282,0.90269,0.9028,263
2024.01.16,07:00,0.9023,0.90256,0.90229,0.90245,184
2024.01.16,07:15,0.90238,0.90251,0.90225,0.90236,332
2024.01.16,07:30,0.90248,0.90265,0.9023,0.90253,96
2024.01.16,07:45,0.90254,0.90269,0.90235,0.90248,91
2024.01.16,08:00,0.90226,0.90244,0.90216,0.90225,155
2024.01.16,08:15,0.90234,0.90244,0.90225,0.9023,377
2024.01.16,08:30,0.90192,0.90214,0.90183,0.90189,176
2024.01.16,08:45,0.90223,0.90229,0.90215,0.90222,102
2024.01.16,09:00,0.90208,0.90229,0.90195,0.90209,372
2024.01.16,09:15,0.90144,0.90144,0.90114,0.90129,312
2024.01.16,09:30,0.90099,0.90108,0.90081,0.90092,58
2024.01.16,09:45,0.90107,0.90129,0.90097,0.90103,421
2024.01.16,10:00,0.90107,0.90124,0.90102,0.90111,76
2024.01.16,10:15,0.9011,0.90121,0.90078,0.90117,262
2024.01.16,10:30,0.90115,0.90131,0.90095,0.90116,481
2024.01.16,10:45,0.90127,0.90127,0.90117,0.90122,270
2024.01.16,11:00,0.90126,0.90149,0.90118,0.90143,251
2024.01.16,11:15,0.9019,0.90205,0.90168,0.90179,160
2024.01.16,11:30,0.90183,0.90212,0.90182,0.90194,306
2024.01.16,11:45,0.90169,0.90181,0.90154,0.90171,431
2024.01.16,12:00,0.90148,0.90149,0.90125,0.90141,291
2024.01.16,12:15,0.90138,0.90142,0.90126,0.90136,201
2024.01.16,12:30,0.90133,0.90137,0.90118,0.90137,185
2024.01.16,12:45,0.90081,0.90095,0.90056,0.90063,285
2024.01.16,13:00,0.9011,0.90112,0.90083,0.901,162
2024.01.16,13:15,0.90115,0.9014,0.90112,0.90116,297
2024.01.16,13:30,0.9009,0.90111,0.90082,0.90084,441
2024.01.16,13:45,0.90061,0.90111,0.90056,0.90075,88
2024.01.16,14:00,0.90052,0.90054,0.9004,0.90044,167
2024.01.16,14:15,0.89995,0.9,0.89974,0.89985,464
2024.01.16,14:30,0.90016,0.90025,0.90013,0.90018,380
2024.01.16,14:45,0.89989,0.90014,0.89984,0.90001,139
2024.01.16,15:00,0.89944,0.89978,0.89942,0.89947,341
2024.01.16,15:15,0.90006,0.90016,0.89989,0.90001,192
2024.01.16,15:30,0.90001,0.90028,0.89994,0.90009,250
2024.01.16,15:45,0.90021,0.90055,0.90016,0.90037,134
2024.01.16,16:00,0.90053,0.90055,0.90038,0.90046,420
2024.01.16,16:15,0.90039,0.9008,0.90025,0.90055,158
2024.01.16,16:30,0.90075,0.90083,0.9004,0.90068,101
2024.01.16,16:45,0.9009,0.90106,0.90059,0.9009,456
2024.01.16,17:00,0.90087,0.90101,0.90066,0.90089,163
2024.01.16,17:15,0.9008,0.90091,0.90062,0.90064,154
2024.01.16,17:30,0.90043,0.90053,0.9003,0.90038,128
2024.01.16,17:45,0.90029,0.90049,0.90017,0.90028,451
2024.01.16,18:00,0.9001,0.90023,0.89982,0.89996,298
2024.01.16,18:15,0.89975,0.89994,0.89951,0.8998,443
2024.01.16,18:30,0.89981,0.90009,0.89976,0.89993,182
2024.01.16,18:45,0.90006,0.90014,0.9,0.90012,327
2024.01.16,19:00,0.90014,0.90021,0.90007,0.90014,153
2024.01.16,19:15,0.89968,0.89978,0.8996,0.89969,427
2024.01.16,19:30,0.8992,0.89944,0.89899,0.89934,471
2024.01.16,19:45,0.89953,0.89964,0.89953,0.89958,451
2024.01.16,20:00,0.89948,0.89968,0.89934,0.89953,316
2024.01.16,20:15,0.8996,0.89963,0.89954,0.89962,406
2024.01.16,20:30,0.89981,0.90022,0.89969,0.89989,372
2024.01.16,20:45,0.90052,0.90057,0.90042,0.90052,481
2024.01.16,21:00,0.90043,0.90048,0.90038,0.90042,376
2024.01.16,21:15,0.90005,0.90012,0.90001,0.90004,176
2024.01.16,21:30,0.90019,0.9002,0.90016,0.9002,329
2024.01.16,21:45,0.90035,0.90047,0.9003,0.90037,129
2024.01.16,22:00,0.90073,0.90084,0.90059,0.90061,83
2024.01.16,22:15,0.90043,0.90057,0.90034,0.90047,126
2024.01.16,22:30,0.90054,0.90062,0.90049,0.90055,441
2024.01.16,22:45,0.9006,0.90078,0.90039,0.90051,206
2024.01.16,23:00,0.90055,0.90059,0.9005,0.90055,362
2024.01.16,23:15,0.90032,0.90056,0.9003,0.90055,67
2024.01.16,23:30,0.90079,0.90091,0.9006,0.90062,498
2024.01.16,23:45,0.90039,0.9006,0.90019,0.90034,391
2024.01.17,00:00,0.90023,0.90052,0.90015,0.90038,138
2024.01.17,00:15,0.90046,0.90071,0.90026,0.90045,386
2024.01.17,00:30,0.90051,0.9006,0.90048,0.90054,269
2024.01.17,00:45,0.90054,0.90068,0.90044,0.90056,135
2024.01.17,01:00,0.90063,0.90072,0.90031,0.90043,338
2024.01.17,01:15,0.90016,0.90029,0.89996,0.90012,372
2024.01.17,01:30,0.9004,0.90053,0.90027,0.90048,61
2024.01.17,01:45,0.90055,0.90077,0.9004,0.90075,106
2024.01.17,02:00,0.90005,0.90036,0.89989,0.9,405
2024.01.17,02:15,0.89995,0.90005,0.8999,0.89999,286
2024.01.17,02:30,0.90004,0.90013,0.89973,0.90007,202
2024.01.17,02:45,0.90008,0.90045,0.89999,0.9001,302
2024.01.17,03:00,0.90042,0.90052,0.90035,0.90041,317
2024.01.17,03:15,0.9009,0.90097,0.90072,0.90088,338
2024.01.17,03:30,0.90086,0.90102,0.90064,0.90091,315
2024.01.17,03:45,0.90134,0.9015,0.90133,0.90145,372
2024.01.17,04:00,0.90145,0.90159,0.90124,0.90137,471
2024.01.17,04:15,0.9016,0.90166,0.90141,0.90155,409
2024.01.17,04:30,0.90172,0.90224,0.90166,0.90186,425
2024.01.17,04:45,0.90133,0.90146,0.90126,0.90135,137
2024.01.17,05:00,0.9017,0.90177,0.90146,0.90159,341
2024.01.17,05:15,0.90123,0.90155,0.90104,0.90144,287
2024.01.17,05:30,0.90154,0.90161,0.9015,0.9015,386
2024.01.17,05:45,0.90167,0.90198,0.90148,0.90158,399
2024.01.17,06:00,0.90154,0.90192,0.90141,0.90165,302
2024.01.17,06:15,0.90149,0.90166,0.90125,0.90153,357
2024.01.17,06:30,0.90139,0.90164,0.90134,0.90143,389
2024.01.17,06:45,0.90197,0.90206,0.90178,0.9019,253
2024.01.17,07:00,0.90202,0.90214,0.90186,0.90189,321
2024.01.17,07:15,0.90182,0.90202,0.9017,0.90183,111
2024.01.17,07:30,0.90184,0.90199,0.90183,0.90194,237
2024.01.17,07:45,0.90167,0.90175,0.90157,0.90168,451
2024.01.17,08:00,0.90164,0.90178,0.90153,0.90159,250
2024.01.17,08:15,0.90189,0.90192,0.90186,0.90189,134
2024.01.17,08:30,0.90231,0.90238,0.90222,0.90223,264
2024.01.17,08:45,0.90256,0.90259,0.90233,0.90248,356
2024.01.17,09:00,0.90231,0.90237,0.9023,0.90235,491
2024.01.17,09:15,0.90225,0.9024,0.90209,0.90229,356
2024.01.17,09:30,0.90256,0.90269,0.90252,0.90255,155
2024.01.17,09:45,0.90249,0.90275,0.90217,0.90259,237
2024.01.17,10:00,0.90275,0.9029,0.90273,0.90285,366
2024.01.17,10:15,0.90263,0.90268,0.90253,0.90257,320
2024.01.17,10:30,0.9024,0.90245,0.9023,0.90241,188
2024.01.17,10:45,0.90202,0.90224,0.9018,0.90203,130
2024.01.17,11:00,0.9019,0.90214,0.90162,0.90181,246
2024.01.17,11:15,0.90209,0.90218,0.90199,0.90209,405
2024.01.17,11:30,0.90205,0.90233,0.90198,0.90205,399
2024.01.17,11:45,0.90183,0.90194,0.90177,0.90177,449
2024.01.17,12:00,0.90153,0.90178,0.9014,0.90153,95
2024.01.17,12:15,0.90118,0.90142,0.90108,0.90112,348
2024.01.17,12:30,0.90103,0.90122,0.90061,0.90093,383
2024.01.17,12:45,0.90088,0.90104,0.90057,0.9008,228
2024.01.17,13:00,0.90042,0.9006,0.90038,0.90048,203
2024.01.17,13:15,0.9006,0.90071,0.90052,0.90066,72
2024.01.17,13:30,0.90039,0.90056,0.90023,0.90035,126
2024.01.17,13:45,0.90012,0.90022,0.89989,0.90022,364
2024.01.17,14:00,0.89986,0.8999,0.89971,0.8998,205
2024.01.17,14:15,0.89982,0.90004,0.89981,0.89992,380
2024.01.17,14:30,0.90017,0.90024,0.90014,0.90022,467
2024.01.17,14:45,0.89995,0.89996,0.8999,0.89993,259
2024.01.17,15:00,0.89954,0.89967,0.89934,0.8996,391
2024.01.17,15:15,0.89979,0.89998,0.89978,0.89988,454
2024.01.17,15:30,0.89994,0.90003,0.89968,0.89989,53
2024.01.17,15:45,0.89995,0.90006,0.89983,0.89994,289
2024.01.17,16:00,0.90001,0.90014,0.89999,0.9001,430
2024.01.17,16:15,0.90056,0.90084,0.90041,0.90067,151
2024.01.17,16:30,0.90072,0.90104,0.90062,0.90071,77
2024.01.17,16:45,0.90071,0.90094,0.90052,0.90066,274
2024.01.17,17:00,0.90062,0.90062,0.90055,0.90058,201
2024.01.17,17:15,0.90048,0.90069,0.90046,0.90062,313
2024.01.17,17:30,0.9006,0.9008,0.90055,0.90066,108
2024.01.17,17:45,0.90098,0.90119,0.90098,0.90103,338
2024.01.17,18:00,0.90097,0.90115,0.90088,0.901,350
2024.01.17,18:15,0.90089,0.90121,0.90073,0.90079,279
2024.01.17,18:30,0.90106,0.90112,0.90089,0.90101,239
2024.01.17,18:45,0.90115,0.90125,0.90104,0.90116,95
2024.01.17,19:00,0.90107,0.90147,0.901,0.90117,165
2024.01.17,19:15,0.90101,0.90122,0.90089,0.90105,341
2024.01.17,19:30,0.90154,0.90172,0.9015,0.9016,160
2024.01.17,19:45,0.90179,0.90197,0.90144,0.90168,132
2024.01.17,20:00,0.90135,0.90157,0.90118,0.9013,180
2024.01.17,20:15,0.90171,0.90186,0.90168,0.90174,149
2024.01.17,20:30,0.90187,0.90206,0.90178,0.90187,159
2024.01.17,20:45,0.90207,0.90227,0.90189,0.90206,239
2024.01.17,21:00,0.90196,0.90225,0.90166,0.902,317
2024.01.17,21:15,0.90204,0.90243,0.90197,0.902,401
2024.01.17,21:30,0.90229,0.9023,0.90217,0.90229,328
2024.01.17,21:45,0.90222,0.90256,0.9022,0.9023,306
2024.01.17,22:00,0.90204,0.90238,0.90166,0.90196,160
2024.01.17,22:15,0.90184,0.90186,0.90166,0.90184,404
2024.01.17,22:30,0.90176,0.90176,0.90161,0.90171,373
2024.01.17,22:45,0.90222,0.90241,0.90197,0.90225,264
2024.01.17,23:00,0.9021,0.90232,0.90179,0.90207,452
2024.01.17,23:15,0.90165,0.90184,0.90162,0.9017,66
2024.01.17,23:30,0.90167,0.9017,0.9015,0.90164,480
2024.01.17,23:45,0.90175,0.90182,0.90173,0.90178,325
2024.01.18,00:00,0.90174,0.90221,0.90169,0.90191,302
2024.01.18,00:15,0.90235,0.9025,0.90232,0.90241,262
2024.01.18,00:30,0.90266,0.9028,0.90256,0.9028,496
2024.01.18,00:45,0.90279,0.90313,0.90272,0.9029,267
2024.01.18,01:00,0.90269,0.90269,0.90245,0.90259,412
2024.01.18,01:15,0.90268,0.90292,0.90248,0.90289,456
2024.01.18,01:30,0.90335,0.90345,0.90331,0.90343,376
2024.01.18,01:45,0.90367,0.90395,0.90361,0.90384,400
2024.01.18,02:00,0.90389,0.90398,0.90375,0.90396,311
2024.01.18,02:15,0.90374,0.90374,0.90347,0.90363,461
2024.01.18,02:30,0.90384,0.90404,0.90342,0.90396,293
2024.01.18,02:45,0.90423,0.90436,0.90379,0.90423,172
2024.01.18,03:00,0.90397,0.90409,0.90384,0.90404,302
2024.01.18,03:15,0.90432,0.90432,0.90406,0.90426,260
2024.01.18,03:30,0.9041,0.90441,0.90378,0.90402,117
2024.01.18,03:45,0.9044,0.90453,0.90429,0.90446,372
2024.01.18,04:00,0.90399,0.90419,0.90361,0.90399,148
2024.01.18,04:15,0.90407,0.90419,0.90397,0.90412,436
2024.01.18,04:30,0.90383,0.90389,0.90381,0.90387,408
2024.01.18,04:45,0.9036,0.9036,0.90339,0.90347,336
2024.01.18,05:00,0.90365,0.90368,0.90361,0.90366,374
2024.01.18,05:15,0.90374,0.90376,0.90363,0.90371,414
2024.01.18,05:30,0.90375,0.90399,0.90347,0.90382,92
2024.01.18,05:45,0.90381,0.90384,0.90375,0.90376,80
2024.01.18,06:00,0.9035,0.90359,0.90337,0.90354,266
2024.01.18,06:15,0.90388,0.90395,0.90361,0.90391,271
2024.01.18,06:30,0.90414,0.9042,0.90404,0.9041,206
2024.01.18,06:45,0.90444,0.90452,0.90441,0.90449,236
2024.01.18,07:00,0.90432,0.90433,0.90404,0.90429,119
2024.01.18,07:15,0.90419,0.90438,0.90395,0.90412,342
2024.01.18,07:30,0.904,0.90418,0.90365,0.90398,374
2024.01.18,07:45,0.90404,0.90412,0.90378,0.90401,114
2024.01.18,08:00,0.90436,0.90469,0.90417,0.9044,207
2024.01.18,08:15,0.90442,0.90452,0.90437,0.90441,439
2024.01.18,08:30,0.90441,0.90456,0.9043,0.90431,462
2024.01.18,08:45,0.90392,0.90406,0.90361,0.90383,493
2024.01.18,09:00,0.90409,0.90422,0.90381,0.90411,296
2024.01.18,09:15,0.90414,0.90419,0.90402,0.90407,250
2024.01.18,09:30,0.90413,0.90437,0.90383,0.90412,143
2024.01.18,09:45,0.90428,0.90445,0.9041,0.90434,61
2024.01.18,10:00,0.90395,0.90403,0.90362,0.90397,129
2024.01.18,10:15,0.9041,0.90446,0.90408,0.90415,359
2024.01.18,10:30,0.90389,0.90426,0.90366,0.90398,417
2024.01.18,10:45,0.90393,0.904,0.90388,0.90388,385
2024.01.18,11:00,0.90362,0.90379,0.90347,0.90371,112
2024.01.18,11:15,0.9036,0.90388,0.90342,0.90361,450
2024.01.18,11:30,0.90341,0.90358,0.90341,0.90351,449
2024.01.18,11:45,0.90356,0.90385,0.90332,0.90342,254
2024.01.18,12:00,0.90276,0.90288,0.90264,0.90278,103
2024.01.18,12:15,0.90327,0.90336,0.90315,0.90325,129
2024.01.18,12:30,0.90324,0.90327,0.90318,0.90326,225
2024.01.18,12:45,0.9033,0.90351,0.90326,0.90329,324
2024.01.18,13:00,0.90299,0.90318,0.90284,0.90302,103
2024.01.18,13:15,0.90256,0.90274,0.90237,0.90247,363
2024.01.18,13:30,0.90232,0.90235,0.90223,0.90225,94
2024.01.18,13:45,0.90245,0.90253,0.90193,0.90237,485
2024.01.18,14:00,0.90211,0.90221,0.902,0.90204,374
2024.01.18,14:15,0.90219,0.90235,0.90207,0.90209,128
2024.01.18,14:30,0.90201,0.9022,0.90182,0.90211,323
2024.01.18,14:45,0.90195,0.90203,0.90173,0.90193,50
2024.01.18,15:00,0.90188,0.90192,0.90169,0.90181,238
2024.01.18,15:15,0.90184,0.90186,0.90157,0.90181,466
2024.01.18,15:30,0.90216,0.90233,0.90191,0.90219,326
2024.01.18,15:45,0.90207,0.90222,0.90205,0.90215,343
2024.01.18,16:00,0.90241,0.90246,0.90217,0.90237,196
2024.01.18,16:15,0.90225,0.90234,0.90223,0.90232,445
2024.01.18,16:30,0.90265,0.90288,0.90245,0.9026,247
2024.01.18,16:45,0.90306,0.90317,0.90303,0.90306,236
2024.01.18,17:00,0.90282,0.90288,0.90256,0.90259,446
2024.01.18,17:15,0.90237,0.90268,0.90236,0.90241,493
2024.01.18,17:30,0.90217,0.90225,0.90198,0.90211,358
2024.01.18,17:45,0.90229,0.90247,0.9021,0.9023,466
2024.01.18,18:00,0.90254,0.90264,0.90235,0.90245,88
2024.01.18,18:15,0.90272,0.90296,0.90261,0.90265,111
2024.01.18,18:30,0.90281,0.90317,0.90269,0.90287,164
2024.01.18,18:45,0.90311,0.90338,0.90301,0.90319,291
2024.01.18,19:00,0.90375,0.90386,0.90368,0.90374,196
2024.01.18,19:15,0.90367,0.90371,0.90334,0.90342,134
2024.01.18,19:30,0.90326,0.90343,0.90289,0.90314,307
2024.01.18,19:45,0.90302,0.90323,0.90276,0.903,245
2024.01.18,20:00,0.90314,0.90332,0.90312,0.90319,277
2024.01.18,20:15,0.90322,0.90339,0.903,0.90312,460
2024.01.18,20:30,0.904,0.9042,0.90391,0.90407,404
2024.01.18,20:45,0.90367,0.90386,0.90343,0.90355,60
2024.01.18,21:00,0.90373,0.90406,0.90362,0.90368,241
2024.01.18,21:15,0.9033,0.90343,0.9033,0.90336,108
2024.01.18,21:30,0.90364,0.90382,0.90354,0.90355,350
2024.01.18,21:45,0.90398,0.90407,0.90386,0.90399,55
2024.01.18,22:00,0.90402,0.90404,0.90377,0.90397,374
2024.01.18,22:15,0.90372,0.90389,0.90362,0.90381,160
2024.01.18,22:30,0.90412,0.9043,0.90395,0.90402,87
2024.01.18,22:45,0.90414,0.90433,0.90401,0.90411,209
2024.01.18,23:00,0.90372,0.90381,0.90339,0.90368,194
2024.01.18,23:15,0.90383,0.90398,0.90376,0.9038,82
2024.01.18,23:30,0.90439,0.90449,0.90436,0.90446,483
2024.01.18,23:45,0.90452,0.90466,0.90446,0.90447,95
2024.01.19,00:00,0.90444,0.9045,0.90436,0.90445,103
2024.01.19,00:15,0.90442,0.90448,0.90425,0.90435,258
2024.01.19,00:30,0.90397,0.90398,0.9037,0.90383,425
2024.01.19,00:45,0.90418,0.90427,0.9041,0.90422,422
2024.01.19,01:00,0.90415,0.90447,0.9041,0.90416,265
2024.01.19,01:15,0.90402,0.90415,0.90376,0.90393,452
2024.01.19,01:30,0.9043,0.90452,0.90425,0.90437,126
2024.01.19,01:45,0.90423,0.90437,0.90411,0.90423,402
2024.01.19,02:00,0.90486,0.90495,0.90472,0.90486,408
2024.01.19,02:15,0.90465,0.90479,0.90443,0.90471,462
2024.01.19,02:30,0.90487,0.90513,0.90484,0.9049,164
2024.01.19,02:45,0.90515,0.90535,0.90488,0.9052,388
2024.01.19,03:00,0.90562,0.90568,0.90543,0.90563,102
2024.01.19,03:15,0.90544,0.90572,0.90522,0.90531,400
2024.01.19,03:30,0.90527,0.90541,0.90527,0.9053,68
2024.01.19,03:45,0.9055,0.90552,0.90543,0.90545,258
2024.01.19,04:00,0.90547,0.90559,0.9053,0.90548,186
2024.01.19,04:15,0.90567,0.9057,0.90548,0.90558,319
2024.01.19,04:30,0.90571,0.90585,0.90564,0.90568,228
2024.01.19,04:45,0.90632,0.90645,0.90618,0.90626,115
2024.01.19,05:00,0.90662,0.90673,0.90661,0.9067,219
2024.01.19,05:15,0.90647,0.9066,0.9063,0.90637,318
2024.01.19,05:30,0.90678,0.90702,0.90661,0.9069,337
2024.01.19,05:45,0.90705,0.90721,0.90684,0.90715,487
2024.01.19,06:00,0.90687,0.907,0.9066,0.90677,251
2024.01.19,06:15,0.90707,0.90723,0.90706,0.90715,115
2024.01.19,06:30,0.90676,0.90697,0.90655,0.90683,56
2024.01.19,06:45,0.90625,0.90645,0.90605,0.90643,493
2024.01.19,07:00,0.90646,0.90659,0.90632,0.90651,193
2024.01.19,07:15,0.90645,0.90675,0.90627,0.90655,374
2024.01.19,07:30,0.90663,0.90677,0.90657,0.90668,404
2024.01.19,07:45,0.90655,0.90697,0.9065,0.90675,266
2024.01.19,08:00,0.90677,0.90708,0.90675,0.90684,67
2024.01.19,08:15,0.90649,0.90689,0.90643,0.90663,399
2024.01.19,08:30,0.90607,0.90625,0.90591,0.90605,272
2024.01.19,08:45,0.90614,0.90618,0.90602,0.90605,278
2024.01.19,09:00,0.90538,0.9055,0.90519,0.9053,92
2024.01.19,09:15,0.90566,0.90571,0.90549,0.90569,193
2024.01.19,09:30,0.90578,0.90591,0.90564,0.90574,284
2024.01.19,09:45,0.9058,0.90596,0.90546,0.90571,156
2024.01.19,10:00,0.90527,0.90538,0.90525,0.90525,234
2024.01.19,10:15,0.9051,0.90542,0.90476,0.90525,419
2024.01.19,10:30,0.90486,0.90491,0.9045,0.90471,75
2024.01.19,10:45,0.90529,0.90562,0.90522,0.90534,156
2024.01.19,11:00,0.90533,0.90546,0.90515,0.90535,460
2024.01.19,11:15,0.90528,0.90549,0.9051,0.90528,430
2024.01.19,11:30,0.90527,0.9053,0.90488,0.90514,146
2024.01.19,11:45,0.90494,0.90518,0.90487,0.90504,352
2024.01.19,12:00,0.9052,0.90549,0.90513,0.90534,184
2024.01.19,12:15,0.90513,0.90518,0.90502,0.90505,376
2024.01.19,12:30,0.90482,0.90491,0.90469,0.90479,204
2024.01.19,12:45,0.90458,0.90461,0.9045,0.90454,158
2024.01.19,13:00,0.90427,0.90436,0.90398,0.90434,474
2024.01.19,13:15,0.90424,0.9044,0.9041,0.90415,360
2024.01.19,13:30,0.90382,0.90407,0.90367,0.90388,407
2024.01.19,13:45,0.90443,0.9045,0.90439,0.90445,299
2024.01.19,14:00,0.90458,0.90481,0.90448,0.90459,342
2024.01.19,14:15,0.90427,0.90429,0.90425,0.90428,411
2024.01.19,14:30,0.90451,0.90465,0.9043,0.90456,460
2024.01.19,14:45,0.90447,0.90474,0.90437,0.90453,212
2024.01.19,15:00,0.9048,0.90499,0.90467,0.90473,198
2024.01.19,15:15,0.90448,0.90465,0.90438,0.90443,385
2024.01.19,15:30,0.9042,0.90442,0.90404,0.90427,411
2024.01.19,15:45,0.90421,0.90434,0.90412,0.90416,179
2024.01.19,16:00,0.90411,0.90434,0.90392,0.90416,177
2024.01.19,16:15,0.90412,0.90453,0.904,0.9043,70
2024.01.19,16:30,0.90412,0.90423,0.90383,0.90398,410
2024.01.19,16:45,0.90384,0.90411,0.90377,0.90389,120
2024.01.19,17:00,0.90375,0.90397,0.90356,0.90381,270
2024.01.19,17:15,0.90361,0.90385,0.90359,0.90372,312
2024.01.19,17:30,0.90347,0.90348,0.90343,0.90345,81
2024.01.19,17:45,0.90352,0.90372,0.90343,0.90362,185
2024.01.19,18:00,0.90359,0.9039,0.90328,0.90366,229
2024.01.19,18:15,0.90312,0.90336,0.90304,0.90316,392
2024.01.19,18:30,0.90263,0.90294,0.90249,0.90272,136
2024.01.19,18:45,0.90284,0.90324,0.9028,0.90298,91
2024.01.19,19:00,0.90244,0.90246,0.90235,0.9024,341
2024.01.19,19:15,0.90237,0.90259,0.902,0.90244,375
2024.01.19,19:30,0.9024,0.90257,0.90234,0.9024,380
2024.01.19,19:45,0.90256,0.9026,0.90229,0.90252,496
2024.01.19,20:00,0.90286,0.90294,0.90267,0.90289,277
2024.01.19,20:15,0.90312,0.90323,0.90283,0.90312,476
2024.01.19,20:30,0.90312,0.90317,0.90287,0.90305,122
2024.01.19,20:45,0.90287,0.90297,0.90259,0.90289,422
2024.01.19,21:00,0.90288,0.90289,0.90279,0.90284,426
2024.01.19,21:15,0.90274,0.90292,0.90266,0.90285,54
2024.01.19,21:30,0.90324,0.90326,0.90312,0.90318,302
2024.01.19,21:45,0.90319,0.90327,0.90306,0.90316,283
2024.01.19,22:00,0.90304,0.90309,0.90277,0.90307,240
2024.01.19,22:15,0.90335,0.90345,0.9031,0.90329,483
2024.01.19,22:30,0.90345,0.90358,0.9031,0.90331,321
2024.01.19,22:45,0.90311,0.90351,0.90284,0.90311,130
2024.01.19,23:00,0.90271,0.90291,0.90266,0.90268,404
2024.01.19,23:15,0.90238,0.90246,0.90217,0.90228,490
2024.01.19,23:30,0.90202,0.90213,0.9019,0.90197,302
2024.01.19,23:45,0.90163,0.90184,0.90153,0.90166,267
2024.01.22,00:00,0.90125,0.90149,0.90108,0.90133,265
2024.01.22,00:15,0.90183,0.90193,0.90172,0.90175,395
2024.01.22,00:30,0.9016,0.90166,0.90155,0.90157,315
2024.01.22,00:45,0.90136,0.90156,0.90126,0.9013,288
2024.01.22,01:00,0.90159,0.90175,0.90155,0.90161,312
2024.01.22,01:15,0.9014,0.90158,0.90126,0.9013,108
2024.01.22,01:30,0.90137,0.90153,0.90115,0.90138,198
2024.01.22,01:45,0.90083,0.90088,0.90073,0.90076,358
2024.01.22,02:00,0.90101,0.90114,0.90086,0.90104,130
2024.01.22,02:15,0.90137,0.90169,0.90131,0.9015,448
2024.01.22,02:30,0.9012,0.90132,0.90108,0.90122,229
2024.01.22,02:45,0.90138,0.90152,0.90125,0.90144,469
2024.01.22,03:00,0.90172,0.9018,0.90153,0.90176,105
2024.01.22,03:15,0.90083,0.90088,0.90056,0.90069,453
2024.01.22,03:30,0.90106,0.90107,0.90089,0.90105,142
2024.01.22,03:45,0.90151,0.90156,0.90111,0.90154,186
2024.01.22,04:00,0.90122,0.90133,0.90109,0.90127,188
2024.01.22,04:15,0.90146,0.9015,0.90101,0.90132,213
2024.01.22,04:30,0.90147,0.90164,0.90124,0.90157,435
2024.01.22,04:45,0.90209,0.90253,0.90199,0.90207,306
2024.01.22,05:00,0.90192,0.902,0.90164,0.90178,244
2024.01.22,05:15,0.90179,0.90182,0.90165,0.90182,372
2024.01.22,05:30,0.90139,0.90156,0.90133,0.90144,112
2024.01.22,05:45,0.90114,0.9012,0.901,0.9012,415
2024.01.22,06:00,0.90094,0.90113,0.90076,0.90103,454
2024.01.22,06:15,0.901,0.90128,0.90089,0.90111,447
2024.01.22,06:30,0.90116,0.90132,0.90087,0.9011,66
2024.01.22,06:45,0.9015,0.90163,0.90147,0.9016,268
2024.01.22,07:00,0.90177,0.90183,0.90168,0.9017,321
2024.01.22,07:15,0.90132,0.90136,0.90107,0.90125,230
2024.01.22,07:30,0.90183,0.90225,0.90162,0.90191,397
2024.01.22,07:45,0.90229,0.90236,0.90216,0.90232,114
2024.01.22,08:00,0.90284,0.90307,0.90272,0.90303,291
2024.01.22,08:15,0.90272,0.90278,0.90254,0.9026,121
2024.01.22,08:30,0.90226,0.90244,0.90215,0.90227,226
2024.01.22,08:45,0.90225,0.90252,0.90213,0.90227,184
2024.01.22,09:00,0.90207,0.90215,0.902,0.90202,217
2024.01.22,09:15,0.90232,0.90239,0.90232,0.90237,219
2024.01.22,09:30,0.90242,0.90244,0.90222,0.90238,183
2024.01.22,09:45,0.90174,0.90176,0.90168,0.90173,352
2024.01.22,10:00,0.90193,0.90205,0.90175,0.90189,474
2024.01.22,10:15,0.90195,0.90212,0.90177,0.90189,160
2024.01.22,10:30,0.90227,0.90233,0.90205,0.90218,126
2024.01.22,10:45,0.90198,0.90204,0.90181,0.90187,57
2024.01.22,11:00,0.90187,0.90213,0.90164,0.90184,277
2024.01.22,11:15,0.90185,0.90187,0.90156,0.9018,294
2024.01.22,11:30,0.90182,0.90192,0.90161,0.90169,274
2024.01.22,11:45,0.90199,0.90202,0.90192,0.90196,184
2024.01.22,12:00,0.90204,0.90217,0.90198,0.90205,489
2024.01.22,12:15,0.90216,0.9023,0.90208,0.90215,57
2024.01.22,12:30,0.90238,0.90267,0.90235,0.90251,319
2024.01.22,12:45,0.90274,0.90315,0.90256,0.90267,61
2024.01.22,13:00,0.90292,0.90311,0.9027,0.90293,352
2024.01.22,13:15,0.90287,0.90324,0.90276,0.90279,213
2024.01.22,13:30,0.90305,0.90316,0.90297,0.90297,427
2024.01.22,13:45,0.9031,0.90318,0.903,0.90301,431
2024.01.22,14:00,0.90302,0.90304,0.90286,0.90294,356
2024.01.22,14:15,0.90264,0.9028,0.90252,0.90265,174
2024.01.22,14:30,0.90296,0.90298,0.90268,0.90275,148
2024.01.22,14:45,0.90307,0.9031,0.90263,0.90296,86
2024.01.22,15:00,0.90329,0.90365,0.90325,0.90326,53
2024.01.22,15:15,0.90369,0.9039,0.90333,0.90355,342
2024.01.22,15:30,0.90302,0.90309,0.90285,0.90301,457
2024.01.22,15:45,0.90295,0.90306,0.90291,0.90303,341
2024.01.22,16:00,0.90342,0.90343,0.90308,0.90329,477
2024.01.22,16:15,0.90313,0.90323,0.90284,0.90321,245
2024.01.22,16:30,0.90337,0.90348,0.90325,0.9034,412
2024.01.22,16:45,0.90328,0.90331,0.90297,0.90327,304
2024.01.22,17:00,0.90307,0.9033,0.90278,0.90301,51
2024.01.22,17:15,0.90277,0.90303,0.90258,0.90285,205
2024.01.22,17:30,0.90309,0.90324,0.90305,0.90312,98
2024.01.22,17:45,0.90302,0.90312,0.90292,0.90307,64
2024.01.22,18:00,0.90332,0.90339,0.90332,0.90332,208
2024.01.22,18:15,0.90298,0.90324,0.90297,0.90297,331
2024.01.22,18:30,0.90297,0.90297,0.90254,0.90287,448
2024.01.22,18:45,0.90286,0.90299,0.90272,0.90278,136
2024.01.22,19:00,0.90271,0.90277,0.9026,0.9026,420
2024.01.22,19:15,0.90289,0.90305,0.9028,0.90298,459
2024.01.22,19:30,0.90325,0.90347,0.90308,0.9033,466
2024.01.22,19:45,0.90341,0.90352,0.90337,0.90352,388
2024.01.22,20:00,0.90413,0.90429,0.90395,0.90416,382
2024.01.22,20:15,0.90451,0.90508,0.90448,0.90475,169
2024.01.22,20:30,0.90451,0.90459,0.90438,0.90457,444
2024.01.22,20:45,0.9043,0.9043,0.90393,0.90408,421
2024.01.22,21:00,0.90395,0.90409,0.90392,0.90403,439
2024.01.22,21:15,0.904,0.90407,0.90356,0.90407,116
2024.01.22,21:30,0.90402,0.90409,0.9039,0.90396,205
2024.01.22,21:45,0.90419,0.90429,0.90415,0.90426,355
2024.01.22,22:00,0.9038,0.90392,0.90377,0.90379,339
2024.01.22,22:15,0.90367,0.90367,0.90356,0.90365,249
2024.01.22,22:30,0.90434,0.90449,0.90411,0.90428,263
2024.01.22,22:45,0.90438,0.90448,0.90432,0.90445,412
2024.01.22,23:00,0.90468,0.90477,0.90443,0.90458,166
2024.01.22,23:15,0.90476,0.90483,0.90467,0.90474,341
2024.01.22,23:30,0.90503,0.90515,0.90485,0.90493,253
2024.01.22,23:45,0.90504,0.90525,0.90487,0.90509,237
2024.01.23,00:00,0.90478,0.90493,0.90477,0.90489,325
2024.01.23,00:15,0.90494,0.90495,0.90482,0.90493,57
2024.01.23,00:30,0.90447,0.90456,0.90433,0.90441,64
2024.01.23,00:45,0.90441,0.90452,0.90423,0.90441,374
2024.01.23,01:00,0.90408,0.90414,0.90393,0.90403,103
2024.01.23,01:15,0.90392,0.904,0.90371,0.90387,353
2024.01.23,01:30,0.90372,0.90384,0.90363,0.90379,421
2024.01.23,01:45,0.9039,0.90399,0.90385,0.90392,95
2024.01.23,02:00,0.90417,0.90428,0.90416,0.90426,391
2024.01.23,02:15,0.90442,0.90444,0.90426,0.90437,477
2024.01.23,02:30,0.90466,0.90474,0.90449,0.90462,78
2024.01.23,02:45,0.90433,0.90471,0.90406,0.90433,358
2024.01.23,03:00,0.90424,0.9044,0.90424,0.90428,299
2024.01.23,03:15,0.90415,0.9044,0.90397,0.90413,160
2024.01.23,03:30,0.90379,0.90393,0.90379,0.90392,311
2024.01.23,03:45,0.90399,0.90403,0.90386,0.90403,63
2024.01.23,04:00,0.90396,0.90401,0.90377,0.90393,127
2024.01.23,04:15,0.90353,0.90366,0.90349,0.90351,56
2024.01.23,04:30,0.90301,0.9032,0.90296,0.90307,252
2024.01.23,04:45,0.90325,0.90369,0.90321,0.90335,484
2024.01.23,05:00,0.90378,0.90388,0.90368,0.90378,152
2024.01.23,05:15,0.90348,0.90369,0.90339,0.90353,218
2024.01.23,05:30,0.90384,0.90387,0.90373,0.90381,433
2024.01.23,05:45,0.90375,0.90379,0.90372,0.90376,81
2024.01.23,06:00,0.90363,0.90379,0.9036,0.90378,95
2024.01.23,06:15,0.90355,0.90359,0.90329,0.90353,331
2024.01.23,06:30,0.90362,0.90377,0.90322,0.90346,430
2024.01.23,06:45,0.90373,0.904,0.90359,0.90379,163
2024.01.23,07:00,0.90348,0.90371,0.90331,0.90337,411
2024.01.23,07:15,0.90281,0.90291,0.90241,0.9027,369
2024.01.23,07:30,0.90291,0.90302,0.90291,0.90294,280
2024.01.23,07:45,0.90296,0.90337,0.90266,0.90298,435
2024.01.23,08:00,0.903,0.90312,0.90291,0.90311,428
2024.01.23,08:15,0.90322,0.90333,0.90299,0.90319,489
2024.01.23,08:30,0.90311,0.90317,0.90303,0.90304,266
2024.01.23,08:45,0.90306,0.90313,0.90298,0.90308,138
2024.01.23,09:00,0.90311,0.9032,0.90306,0.90314,299
2024.01.23,09:15,0.90283,0.90287,0.90258,0.90278,275
2024.01.23,09:30,0.90274,0.90277,0.90265,0.9027,313
2024.01.23,09:45,0.90264,0.90277,0.90242,0.90248,237
2024.01.23,10:00,0.90239,0.90256,0.9023,0.90245,228
2024.01.23,10:15,0.90258,0.90281,0.90241,0.90253,329
2024.01.23,10:30,0.90274,0.90287,0.90252,0.90276,392
2024.01.23,10:45,0.9026,0.90278,0.90239,0.9027,486
2024.01.23,11:00,0.90323,0.90338,0.903,0.90328,215
2024.01.23,11:15,0.90367,0.90413,0.90352,0.9038,359
2024.01.23,11:30,0.90376,0.90393,0.90347,0.90381,126
2024.01.23,11:45,0.90344,0.90372,0.90333,0.90354,257
2024.01.23,12:00,0.90415,0.90428,0.90385,0.90407,484
2024.01.23,12:15,0.90366,0.90374,0.90348,0.90357,392
2024.01.23,12:30,0.90336,0.90339,0.90304,0.90319,470
2024.01.23,12:45,0.90342,0.90369,0.90322,0.90362,69
2024.01.23,13:00,0.90417,0.90436,0.90409,0.90428,399
2024.01.23,13:15,0.90431,0.90436,0.90418,0.90428,136
2024.01.23,13:30,0.90402,0.90412,0.90402,0.90411,297
2024.01.23,13:45,0.9036,0.90386,0.90347,0.90372,314
2024.01.23,14:00,0.90372,0.90379,0.90337,0.90357,199
2024.01.23,14:15,0.90334,0.90345,0.90321,0.90327,327
2024.01.23,14:30,0.90278,0.9032,0.90276,0.90295,399
2024.01.23,14:45,0.903,0.90304,0.90297,0.90304,412
2024.01.23,15:00,0.90302,0.90305,0.90293,0.90303,451
2024.01.23,15:15,0.90306,0.9031,0.90282,0.90292,448
2024.01.23,15:30,0.90303,0.90311,0.90282,0.90283,375
2024.01.23,15:45,0.90284,0.90313,0.9028,0.90288,214
2024.01.23,16:00,0.90296,0.90314,0.90289,0.90303,317
2024.01.23,16:15,0.90324,0.90338,0.90306,0.90315,145
2024.01.23,16:30,0.90333,0.90345,0.90305,0.9033,426
2024.01.23,16:45,0.90337,0.90338,0.90318,0.90326,177
2024.01.23,17:00,0.90353,0.90356,0.90342,0.90344,106
2024.01.23,17:15,0.90376,0.90413,0.90367,0.90385,347
2024.01.23,17:30,0.90371,0.90387,0.90344,0.90348,365
2024.01.23,17:45,0.90349,0.90377,0.90318,0.90366,370
2024.01.23,18:00,0.90394,0.90424,0.90359,0.90385,104
2024.01.23,18:15,0.90441,0.90455,0.90438,0.90448,254
2024.01.23,18:30,0.90465,0.90491,0.90459,0.90467,258
2024.01.23,18:45,0.90489,0.90503,0.90462,0.9049,223
2024.01.23,19:00,0.90526,0.90532,0.90503,0.90525,76
2024.01.23,19:15,0.90488,0.90514,0.90462,0.90488,436
2024.01.23,19:30,0.90496,0.90541,0.90487,0.905,211
2024.01.23,19:45,0.905,0.90517,0.90499,0.905,219
2024.01.23,20:00,0.90482,0.90497,0.90464,0.90469,451
2024.01.23,20:15,0.90464,0.90471,0.90451,0.90451,91
2024.01.23,20:30,0.90444,0.90449,0.90422,0.90436,184
2024.01.23,20:45,0.90424,0.90435,0.90415,0.90435,69
2024.01.23,21:00,0.90418,0.90439,0.90413,0.90429,481
2024.01.23,21:15,0.90418,0.90441,0.90411,0.90434,169
2024.01.23,21:30,0.90454,0.90486,0.90453,0.90459,447
2024.01.23,21:45,0.9046,0.90476,0.9044,0.90457,116
2024.01.23,22:00,0.90485,0.90496,0.90473,0.90487,466
2024.01.23,22:15,0.90483,0.90493,0.90469,0.90483,217
2024.01.23,22:30,0.90498,0.90522,0.90463,0.90504,254
2024.01.23,22:45,0.90517,0.90527,0.90515,0.90523,119
2024.01.23,23:00,0.90479,0.9049,0.90467,0.90485,244
2024.01.23,23:15,0.90464,0.90484,0.90434,0.90463,289
2024.01.23,23:30,0.90432,0.90433,0.90415,0.9042,174
2024.01.23,23:45,0.90382,0.90385,0.90379,0.90381,173
2024.01.24,00:00,0.90399,0.90405,0.90385,0.90394,139
2024.01.24,00:15,0.90376,0.90387,0.9037,0.90379,264
2024.01.24,00:30,0.9037,0.90392,0.9035,0.90365,450
2024.01.24,00:45,0.90364,0.90366,0.9035,0.90361,63
2024.01.24,01:00,0.90379,0.90401,0.90367,0.90385,383
2024.01.24,01:15,0.9036,0.90378,0.9034,0.90345,160
2024.01.24,01:30,0.90381,0.9039,0.90374,0.90389,53
2024.01.24,01:45,0.90379,0.90397,0.90366,0.90367,223
2024.01.24,02:00,0.90433,0.9045,0.90399,0.90428,118
2024.01.24,02:15,0.90435,0.90439,0.9042,0.90421,76
2024.01.24,02:30,0.90407,0.9041,0.90393,0.90401,371
2024.01.24,02:45,0.90381,0.90389,0.90355,0.90375,343
2024.01.24,03:00,0.90387,0.9042,0.90384,0.90394,284
2024.01.24,03:15,0.9038,0.90405,0.9036,0.90387,195
2024.01.24,03:30,0.90386,0.90425,0.90386,0.90389,167
2024.01.24,03:45,0.90372,0.90396,0.90363,0.9038,161
2024.01.24,04:00,0.90381,0.90395,0.90368,0.90374,270
2024.01.24,04:15,0.90379,0.9038,0.90358,0.90364,181
2024.01.24,04:30,0.90382,0.90388,0.90343,0.90378,225
2024.01.24,04:45,0.90388,0.90402,0.90373,0.90385,306
2024.01.24,05:00,0.90414,0.90433,0.90374,0.90417,199
2024.01.24,05:15,0.90429,0.90442,0.9041,0.9043,343
2024.01.24,05:30,0.90425,0.90432,0.90416,0.90431,155
2024.01.24,05:45,0.90469,0.90475,0.90449,0.90461,159
2024.01.24,06:00,0.90447,0.90451,0.90445,0.90449,187
2024.01.24,06:15,0.90434,0.90442,0.90409,0.90439,234
2024.01.24,06:30,0.90418,0.90439,0.9038,0.90393,225
2024.01.24,06:45,0.90361,0.90366,0.90352,0.90356,405
2024.01.24,07:00,0.90357,0.90378,0.90343,0.9035,418
2024.01.24,07:15,0.90345,0.90357,0.90341,0.90352,307
2024.01.24,07:30,0.90357,0.90383,0.90345,0.90357,432
2024.01.24,07:45,0.90384,0.90415,0.90381,0.90382,493
2024.01.24,08:00,0.90399,0.90412,0.90375,0.9039,478
2024.01.24,08:15,0.90437,0.90447,0.90431,0.90435,161
2024.01.24,08:30,0.90418,0.90439,0.90409,0.90418,154
2024.01.24,08:45,0.90389,0.90392,0.90379,0.90385,313
2024.01.24,09:00,0.90358,0.90363,0.9035,0.90355,109
2024.01.24,09:15,0.90382,0.9039,0.90374,0.90377,85
2024.01.24,09:30,0.90374,0.90402,0.90341,0.90376,71
2024.01.24,09:45,0.90359,0.90365,0.90344,0.90352,156
2024.01.24,10:00,0.90342,0.90352,0.90318,0.9033,353
2024.01.24,10:15,0.90337,0.90349,0.90326,0.9033,325
2024.01.24,10:30,0.90327,0.90333,0.90311,0.90318,482
2024.01.24,10:45,0.90243,0.90247,0.90217,0.90244,289
2024.01.24,11:00,0.90245,0.90252,0.90235,0.90246,220
2024.01.24,11:15,0.90224,0.90237,0.90211,0.90237,133
2024.01.24,11:30,0.90285,0.90294,0.90249,0.9029,318
2024.01.24,11:45,0.90307,0.90311,0.90299,0.90309,397
2024.01.24,12:00,0.90319,0.9032,0.90304,0.90311,339
2024.01.24,12:15,0.90338,0.90344,0.90299,0.90322,378
2024.01.24,12:30,0.90348,0.90373,0.90331,0.90341,269
2024.01.24,12:45,0.90285,0.90291,0.90281,0.90281,345
2024.01.24,13:00,0.90289,0.90298,0.90261,0.9028,431
2024.01.24,13:15,0.90309,0.90316,0.90301,0.90301,182
2024.01.24,13:30,0.9031,0.90324,0.90306,0.9032,317
2024.01.24,13:45,0.90258,0.90268,0.90229,0.90246,405
2024.01.24,14:00,0.90282,0.90282,0.90267,0.9028,307
2024.01.24,14:15,0.90297,0.90313,0.9027,0.9029,480
2024.01.24,14:30,0.9027,0.90285,0.90253,0.90271,262
2024.01.24,14:45,0.90264,0.90281,0.90258,0.90258,117
2024.01.24,15:00,0.9029,0.90299,0.90274,0.9029,417
2024.01.24,15:15,0.90316,0.90332,0.90294,0.90317,167
2024.01.24,15:30,0.9032,0.9033,0.9031,0.90325,100
2024.01.24,15:45,0.90308,0.90324,0.90306,0.90317,294
2024.01.24,16:00,0.90328,0.90335,0.90315,0.90333,326
2024.01.24,16:15,0.90326,0.90359,0.90323,0.90332,465
2024.01.24,16:30,0.90358,0.90384,0.90339,0.90355,150
2024.01.24,16:45,0.90325,0.90344,0.90321,0.90328,308
2024.01.24,17:00,0.90333,0.90349,0.90325,0.90338,393
2024.01.24,17:15,0.90283,0.90283,0.9027,0.90275,198
2024.01.24,17:30,0.90307,0.90337,0.90291,0.90333,125
2024.01.24,17:45,0.90311,0.90329,0.9027,0.90318,283
2024.01.24,18:00,0.90314,0.90318,0.90297,0.90312,436
2024.01.24,18:15,0.90331,0.90357,0.90327,0.90343,132
2024.01.24,18:30,0.90313,0.90319,0.90277,0.90298,224
2024.01.24,18:45,0.90369,0.90375,0.90336,0.90367,446
2024.01.24,19:00,0.90373,0.90392,0.90343,0.90369,224
2024.01.24,19:15,0.90399,0.90409,0.90398,0.90403,446
2024.01.24,19:30,0.90433,0.90444,0.9043,0.90432,213
2024.01.24,19:45,0.90425,0.90439,0.90412,0.90421,165
2024.01.24,20:00,0.90445,0.90455,0.90426,0.90441,95
2024.01.24,20:15,0.9041,0.9041,0.90391,0.904,177
2024.01.24,20:30,0.90397,0.9042,0.90375,0.90397,85
2024.01.24,20:45,0.90402,0.90415,0.90397,0.90405,379
2024.01.24,21:00,0.90432,0.9045,0.90424,0.90436,311
2024.01.24,21:15,0.90433,0.90449,0.90418,0.90429,497
2024.01.24,21:30,0.90448,0.90468,0.90424,0.90455,378
2024.01.24,21:45,0.90483,0.90512,0.90477,0.9049,385
2024.01.24,22:00,0.90457,0.90488,0.90439,0.90468,410
2024.01.24,22:15,0.90462,0.90471,0.90454,0.90454,93
2024.01.24,22:30,0.90462,0.90462,0.90457,0.90461,66
2024.01.24,22:45,0.9047,0.90492,0.90466,0.90472,232
2024.01.24,23:00,0.90468,0.905,0.90459,0.90474,166
2024.01.24,23:15,0.90511,0.90516,0.90461,0.90494,152
2024.01.24,23:30,0.90492,0.90499,0.90486,0.90487,426
2024.01.24,23:45,0.90529,0.90533,0.90523,0.90529,186
2024.01.25,00:00,0.90542,0.90564,0.90537,0.90538,133
2024.01.25,00:15,0.90558,0.90575,0.90542,0.90573,213
2024.01.25,00:30,0.90593,0.90608,0.90593,0.90597,266
2024.01.25,00:45,0.90636,0.90651,0.90625,0.90647,245
2024.01.25,01:00,0.90642,0.90643,0.90634,0.90638,214
2024.01.25,01:15,0.90659,0.90684,0.90622,0.90654,277
2024.01.25,01:30,0.9069,0.90713,0.90689,0.90699,452
2024.01.25,01:45,0.90648,0.90669,0.90627,0.9064,54
2024.01.25,02:00,0.90662,0.90678,0.90657,0.90665,235
2024.01.25,02:15,0.90698,0.90708,0.90682,0.90703,422
2024.01.25,02:30,0.90693,0.90729,0.90691,0.90714,120
2024.01.25,02:45,0.90716,0.90733,0.90705,0.9072,128
2024.01.25,03:00,0.90697,0.90703,0.90669,0.90703,406
2024.01.25,03:15,0.90727,0.90769,0.90715,0.90738,86
2024.01.25,03:30,0.90723,0.90737,0.90698,0.90724,337
2024.01.25,03:45,0.9071,0.90721,0.90668,0.90709,338
2024.01.25,04:00,0.90723,0.90757,0.90719,0.90733,263
2024.01.25,04:15,0.90753,0.90762,0.90745,0.90757,136
2024.01.25,04:30,0.9074,0.90754,0.90728,0.90745,126
2024.01.25,04:45,0.90771,0.90789,0.90768,0.90769,356
2024.01.25,05:00,0.90789,0.90791,0.90784,0.90788,106
2024.01.25,05:15,0.90761,0.90793,0.90731,0.90756,162
2024.01.25,05:30,0.908,0.90822,0.90786,0.908,205
2024.01.25,05:45,0.90837,0.90862,0.90827,0.90846,210
2024.01.25,06:00,0.9084,0.90845,0.90831,0.90832,94
2024.01.25,06:15,0.90804,0.90813,0.90786,0.90802,83
2024.01.25,06:30,0.90724,0.90734,0.90694,0.90726,96
2024.01.25,06:45,0.90757,0.90765,0.90724,0.90752,251
2024.01.25,07:00,0.90773,0.9079,0.90754,0.90761,482
2024.01.25,07:15,0.90775,0.90794,0.90766,0.90788,499
2024.01.25,07:30,0.90772,0.90778,0.9075,0.9077,84
2024.01.25,07:45,0.90729,0.90754,0.90715,0.90731,329
2024.01.25,08:00,0.90687,0.90706,0.90659,0.90692,96
2024.01.25,08:15,0.9064,0.90648,0.90619,0.90639,429
2024.01.25,08:30,0.90632,0.9065,0.90624,0.90646,238
2024.01.25,08:45,0.90631,0.9065,0.90612,0.90627,63
2024.01.25,09:00,0.90638,0.9064,0.90629,0.90637,106
2024.01.25,09:15,0.90646,0.90659,0.90643,0.9065,316
2024.01.25,09:30,0.90617,0.90658,0.90587,0.90631,159
2024.01.25,09:45,0.9061,0.90625,0.90606,0.90617,455
2024.01.25,10:00,0.90618,0.90646,0.90617,0.9062,305
2024.01.25,10:15,0.90586,0.9061,0.90581,0.90591,335
2024.01.25,10:30,0.90592,0.90609,0.90567,0.9058,92
2024.01.25,10:45,0.90544,0.90553,0.9053,0.90543,278
2024.01.25,11:00,0.90513,0.90513,0.90492,0.90508,359
2024.01.25,11:15,0.90455,0.90462,0.90433,0.90458,256
2024.01.25,11:30,0.90415,0.90424,0.9041,0.9042,352
2024.01.25,11:45,0.90397,0.90406,0.90363,0.904,312
2024.01.25,12:00,0.90437,0.90486,0.90436,0.90454,191
2024.01.25,12:15,0.90447,0.90449,0.90438,0.90448,495
2024.01.25,12:30,0.90429,0.90439,0.90414,0.9042,332
2024.01.25,12:45,0.90409,0.90431,0.90385,0.90414,98
2024.01.25,13:00,0.90421,0.90467,0.90417,0.90441,456
2024.01.25,13:15,0.90475,0.90491,0.90458,0.90468,154
2024.01.25,13:30,0.90498,0.9052,0.9045,0.90485,271
2024.01.25,13:45,0.90483,0.90512,0.90473,0.90477,465
2024.01.25,14:00,0.90453,0.90482,0.90449,0.90452,424
2024.01.25,14:15,0.90437,0.90453,0.90424,0.90452,393
2024.01.25,14:30,0.90422,0.90437,0.90411,0.90421,465
2024.01.25,14:45,0.90424,0.90454,0.90419,0.90432,67
2024.01.25,15:00,0.90429,0.90449,0.90363,0.90415,77
2024.01.25,15:15,0.90375,0.90382,0.90369,0.90374,298
2024.01.25,15:30,0.9041,0.90423,0.90406,0.9042,327
2024.01.25,15:45,0.90371,0.90385,0.90323,0.9037,499
2024.01.25,16:00,0.903,0.90322,0.90298,0.90309,427
2024.01.25,16:15,0.90241,0.9026,0.90198,0.9023,413
2024.01.25,16:30,0.90243,0.90247,0.90226,0.90239,96
2024.01.25,16:45,0.90238,0.90239,0.90225,0.9023,417
2024.01.25,17:00,0.90284,0.90287,0.90276,0.90277,293
2024.01.25,17:15,0.90303,0.90315,0.90288,0.90297,484
2024.01.25,17:30,0.90261,0.90277,0.90258,0.9027,293
2024.01.25,17:45,0.90287,0.90297,0.90283,0.90287,471
2024.01.25,18:00,0.90306,0.90326,0.90305,0.90321,389
2024.01.25,18:15,0.90297,0.90306,0.9028,0.90305,222
2024.01.25,18:30,0.90314,0.90328,0.90281,0.90311,483
2024.01.25,18:45,0.90294,0.90308,0.90263,0.90296,332
2024.01.25,19:00,0.90277,0.90308,0.90248,0.90263,330
2024.01.25,19:15,0.90272,0.90298,0.90258,0.9026,85
2024.01.25,19:30,0.90262,0.90289,0.90252,0.90258,204
2024.01.25,19:45,0.90229,0.90242,0.90224,0.90225,365
2024.01.25,20:00,0.90194,0.90205,0.90176,0.90187,62
2024.01.25,20:15,0.90218,0.90236,0.90213,0.90213,154
2024.01.25,20:30,0.90209,0.90226,0.90203,0.90219,388
2024.01.25,20:45,0.90218,0.90233,0.90201,0.90221,50
2024.01.25,21:00,0.90231,0.90252,0.90231,0.90232,75
2024.01.25,21:15,0.90227,0.90241,0.90217,0.90221,359
2024.01.25,21:30,0.90225,0.90241,0.90222,0.90233,499
2024.01.25,21:45,0.90247,0.90258,0.9023,0.90249,151
2024.01.25,22:00,0.90243,0.90248,0.90236,0.90245,477
2024.01.25,22:15,0.902,0.9021,0.90189,0.90198,329
2024.01.25,22:30,0.90157,0.90164,0.90143,0.90162,103
2024.01.25,22:45,0.90145,0.90156,0.90121,0.90142,493
2024.01.25,23:00,0.90128,0.90151,0.90115,0.90115,198
2024.01.25,23:15,0.90138,0.9016,0.90108,0.90128,388
2024.01.25,23:30,0.90141,0.90149,0.90121,0.90128,133
2024.01.25,23:45,0.90109,0.90132,0.90088,0.90107,147
2024.01.26,00:00,0.90098,0.90105,0.90096,0.90096,417
2024.01.26,00:15,0.90143,0.90154,0.90131,0.90143,151
2024.01.26,00:30,0.90175,0.90185,0.90162,0.9017,463
2024.01.26,00:45,0.90201,0.90208,0.90169,0.90187,173
2024.01.26,01:00,0.90152,0.90155,0.9014,0.90144,148
2024.01.26,01:15,0.90145,0.9017,0.90137,0.9015,194
2024.01.26,01:30,0.90161,0.90175,0.90126,0.90155,64
2024.01.26,01:45,0.90146,0.90155,0.90115,0.90151,121
2024.01.26,02:00,0.90124,0.90149,0.90087,0.90115,274
2024.01.26,02:15,0.90117,0.90123,0.90083,0.90108,380
2024.01.26,02:30,0.90095,0.90117,0.90069,0.90107,352
2024.01.26,02:45,0.90112,0.90128,0.90093,0.90107,94
2024.01.26,03:00,0.90093,0.90096,0.90054,0.90076,468
2024.01.26,03:15,0.90072,0.90104,0.9006,0.90077,303
2024.01.26,03:30,0.90064,0.9008,0.90061,0.90067,222
2024.01.26,03:45,0.90048,0.9007,0.90029,0.90046,238
2024.01.26,04:00,0.90074,0.90086,0.90053,0.90066,460
2024.01.26,04:15,0.90082,0.9009,0.90058,0.90088,472
2024.01.26,04:30,0.90043,0.90047,0.90041,0.90043,186
2024.01.26,04:45,0.9001,0.90047,0.89981,0.90012,160
2024.01.26,05:00,0.90009,0.90022,0.89993,0.90012,234
2024.01.26,05:15,0.90023,0.90034,0.89992,0.90019,205
2024.01.26,05:30,0.90035,0.90042,0.90021,0.90042,56
2024.01.26,05:45,0.90021,0.90042,0.89999,0.9003,347
2024.01.26,06:00,0.90072,0.90084,0.90055,0.90057,147
2024.01.26,06:15,0.90012,0.90023,0.89992,0.90007,265
2024.01.26,06:30,0.90024,0.90031,0.90015,0.90025,360
2024.01.26,06:45,0.90013,0.90025,0.89998,0.90019,274
2024.01.26,07:00,0.90083,0.90087,0.90058,0.90086,331
2024.01.26,07:15,0.90089,0.90099,0.90086,0.90088,148
2024.01.26,07:30,0.90069,0.90077,0.90056,0.90075,192
2024.01.26,07:45,0.90032,0.90053,0.90023,0.90041,195
2024.01.26,08:00,0.90016,0.90057,0.90006,0.90009,293
2024.01.26,08:15,0.89995,0.90009,0.89968,0.89985,454
2024.01.26,08:30,0.89974,0.89985,0.89961,0.89964,421
2024.01.26,08:45,0.89935,0.89938,0.89926,0.89937,76
2024.01.26,09:00,0.89887,0.89904,0.89886,0.89892,90
2024.01.26,09:15,0.89914,0.89921,0.89902,0.89913,321
2024.01.26,09:30,0.89892,0.8991,0.8987,0.8989,326
2024.01.26,09:45,0.8988,0.89909,0.89866,0.89883,247
2024.01.26,10:00,0.89874,0.89895,0.89874,0.89876,450
2024.01.26,10:15,0.89869,0.89899,0.89855,0.89862,404
2024.01.26,10:30,0.89852,0.89867,0.89843,0.89862,468
2024.01.26,10:45,0.8986,0.89894,0.89844,0.89852,107
2024.01.26,11:00,0.89815,0.89817,0.89797,0.89806,382
2024.01.26,11:15,0.89821,0.89824,0.89813,0.8982,359
2024.01.26,11:30,0.89835,0.89843,0.89811,0.89837,396
2024.01.26,11:45,0.89841,0.89862,0.89835,0.89852,77
2024.01.26,12:00,0.89839,0.89855,0.89814,0.89827,257
2024.01.26,12:15,0.89825,0.8983,0.89801,0.89817,423
2024.01.26,12:30,0.8982,0.89845,0.89796,0.89823,150
2024.01.26,12:45,0.89852,0.89876,0.89845,0.89859,231
2024.01.26,13:00,0.89881,0.89893,0.8986,0.89868,270
2024.01.26,13:15,0.89822,0.89826,0.89795,0.89824,327
2024.01.26,13:30,0.89831,0.89848,0.8982,0.89829,357
2024.01.26,13:45,0.89782,0.89791,0.89771,0.89787,427
2024.01.26,14:00,0.89844,0.89864,0.89823,0.89836,72
2024.01.26,14:15,0.89791,0.89796,0.89786,0.89792,248
2024.01.26,14:30,0.898,0.89814,0.89784,0.89793,330
2024.01.26,14:45,0.89786,0.89799,0.89775,0.89783,265
2024.01.26,15:00,0.89805,0.89819,0.898,0.89803,294
2024.01.26,15:15,0.89788,0.89793,0.8978,0.89783,196
2024.01.26,15:30,0.89801,0.89836,0.89789,0.89803,480
2024.01.26,15:45,0.89833,0.89846,0.89812,0.89823,330
2024.01.26,16:00,0.89844,0.89861,0.89831,0.89831,123
2024.01.26,16:15,0.8985,0.89857,0.89836,0.89844,242
2024.01.26,16:30,0.89856,0.89873,0.89839,0.89853,429
2024.01.26,16:45,0.89863,0.89879,0.89862,0.89872,457
2024.01.26,17:00,0.89831,0.89832,0.8982,0.89827,389
2024.01.26,17:15,0.89833,0.89843,0.89822,0.89823,305
2024.01.26,17:30,0.89874,0.899,0.89845,0.89881,498
2024.01.26,17:45,0.8988,0.89915,0.89867,0.89887,429
2024.01.26,18:00,0.89919,0.89946,0.89898,0.89902,108
2024.01.26,18:15,0.89902,0.89907,0.89897,0.89906,320
2024.01.26,18:30,0.89934,0.89952,0.89925,0.89939,144
2024.01.26,18:45,0.89934,0.89963,0.89907,0.89923,347
2024.01.26,19:00,0.89888,0.89901,0.89846,0.89891,113
2024.01.26,19:15,0.89885,0.89888,0.89869,0.89876,367
2024.01.26,19:30,0.89903,0.89924,0.89872,0.89883,60
2024.01.26,19:45,0.89876,0.89884,0.89852,0.89871,243
2024.01.26,20:00,0.89852,0.89869,0.89827,0.89846,470
2024.01.26,20:15,0.89863,0.89894,0.89858,0.89869,241
2024.01.26,20:30,0.89862,0.89904,0.8985,0.89856,407
2024.01.26,20:45,0.89798,0.89802,0.89777,0.898,314
2024.01.26,21:00,0.89826,0.89846,0.8982,0.89843,467
2024.01.26,21:15,0.89878,0.89894,0.89837,0.89888,263
2024.01.26,21:30,0.89895,0.89911,0.89889,0.89889,346
2024.01.26,21:45,0.89842,0.89848,0.89835,0.89839,85
2024.01.26,22:00,0.8985,0.89871,0.89848,0.89853,489
2024.01.26,22:15,0.8983,0.89843,0.89827,0.89843,129
2024.01.26,22:30,0.8989,0.89901,0.89877,0.89897,436
2024.01.26,22:45,0.89948,0.8998,0.89935,0.89946,485
2024.01.26,23:00,0.8991,0.89921,0.89888,0.89914,169
2024.01.26,23:15,0.89937,0.89946,0.89905,0.89924,82
2024.01.26,23:30,0.89923,0.8996,0.89914,0.89931,347
2024.01.26,23:45,0.89948,0.89979,0.89927,0.89962,157
2024.01.29,00:00,0.89978,0.89981,0.8997,0.89975,62
2024.01.29,00:15,0.89945,0.89953,0.89907,0.89944,191
2024.01.29,00:30,0.89957,0.89957,0.89913,0.89952,419
2024.01.29,00:45,0.89944,0.89964,0.89929,0.89946,494
2024.01.29,01:00,0.89901,0.8993,0.89885,0.89904,85
2024.01.29,01:15,0.89905,0.89917,0.89886,0.89914,419
2024.01.29,01:30,0.89901,0.89917,0.89875,0.89894,273
2024.01.29,01:45,0.89938,0.89951,0.89921,0.89939,67
2024.01.29,02:00,0.89979,0.89988,0.89958,0.89975,227
2024.01.29,02:15,0.90025,0.90039,0.90008,0.90015,71
2024.01.29,02:30,0.89984,0.89989,0.89958,0.89976,469
2024.01.29,02:45,0.89997,0.90029,0.89992,0.90004,144
2024.01.29,03:00,0.90035,0.90057,0.90019,0.90038,298
2024.01.29,03:15,0.90029,0.90046,0.90026,0.90032,132
2024.01.29,03:30,0.90038,0.90058,0.90037,0.90045,452
2024.01.29,03:45,0.90036,0.90042,0.90034,0.9004,116
2024.01.29,04:00,0.90034,0.90047,0.9003,0.90042,315
2024.01.29,04:15,0.90044,0.90061,0.90041,0.90043,62
2024.01.29,04:30,0.90045,0.90047,0.89992,0.90036,179
2024.01.29,04:45,0.90032,0.90051,0.90024,0.90028,221
2024.01.29,05:00,0.90071,0.90085,0.90049,0.90076,285
2024.01.29,05:15,0.90087,0.9011,0.9008,0.90089,169
2024.01.29,05:30,0.90087,0.90097,0.90069,0.90071,423
2024.01.29,05:45,0.90039,0.90049,0.90023,0.90044,432
2024.01.29,06:00,0.90013,0.90046,0.89986,0.90009,83
2024.01.29,06:15,0.90035,0.90047,0.90016,0.90018,268
2024.01.29,06:30,0.89962,0.89974,0.89939,0.8996,339
2024.01.29,06:45,0.89918,0.89927,0.89913,0.89916,468
2024.01.29,07:00,0.89887,0.89917,0.89865,0.89893,85
2024.01.29,07:15,0.89935,0.89938,0.89929,0.89933,290
2024.01.29,07:30,0.8993,0.89934,0.89898,0.89927,159
2024.01.29,07:45,0.89942,0.89957,0.89937,0.89946,362
2024.01.29,08:00,0.89994,0.90024,0.89952,0.90007,338
2024.01.29,08:15,0.90005,0.90013,0.8999,0.90006,477
2024.01.29,08:30,0.90024,0.9003,0.90022,0.90028,70
2024.01.29,08:45,0.90049,0.90056,0.90014,0.90031,439
2024.01.29,09:00,0.90059,0.90068,0.90057,0.90064,454
2024.01.29,09:15,0.90081,0.90085,0.90065,0.90075,470
2024.01.29,09:30,0.90047,0.90057,0.90038,0.90052,321
2024.01.29,09:45,0.90009,0.90029,0.89988,0.90006,256
2024.01.29,10:00,0.90021,0.90032,0.90013,0.90015,159
2024.01.29,10:15,0.90029,0.90038,0.90006,0.90012,496
2024.01.29,10:30,0.8998,0.90012,0.89961,0.89984,381
2024.01.29,10:45,0.89994,0.90006,0.89962,0.90003,167
2024.01.29,11:00,0.89982,0.8999,0.89961,0.89977,486
2024.01.29,11:15,0.89924,0.89941,0.89901,0.89918,481
2024.01.29,11:30,0.89885,0.89912,0.89866,0.89898,157
2024.01.29,11:45,0.89883,0.8989,0.89866,0.89887,96
2024.01.29,12:00,0.89874,0.89888,0.89863,0.89874,389
2024.01.29,12:15,0.89905,0.89911,0.89903,0.89903,489
2024.01.29,12:30,0.89876,0.89891,0.89862,0.89886,486
2024.01.29,12:45,0.89873,0.89885,0.89861,0.89872,308
2024.01.29,13:00,0.89867,0.89879,0.89864,0.89869,249
2024.01.29,13:15,0.89843,0.89872,0.89825,0.89857,140
2024.01.29,13:30,0.89833,0.8984,0.89815,0.89837,288
2024.01.29,13:45,0.89781,0.89817,0.89751,0.89785,311
2024.01.29,14:00,0.89797,0.89802,0.89783,0.89787,254
2024.01.29,14:15,0.89783,0.89807,0.89753,0.89772,215
2024.01.29,14:30,0.89819,0.89825,0.89813,0.89818,50
2024.01.29,14:45,0.89847,0.89854,0.8984,0.89846,57
2024.01.29,15:00,0.8987,0.89893,0.89841,0.89866,360
2024.01.29,15:15,0.89849,0.89868,0.89836,0.89852,88
2024.01.29,15:30,0.89825,0.89828,0.89813,0.89819,424
2024.01.29,15:45,0.89831,0.8985,0.89827,0.89838,337
2024.01.29,16:00,0.89818,0.89861,0.89808,0.89831,262
2024.01.29,16:15,0.8979,0.89797,0.89783,0.89795,304
2024.01.29,16:30,0.89766,0.89773,0.89749,0.89771,181
2024.01.29,16:45,0.89794,0.89814,0.89771,0.89786,98
2024.01.29,17:00,0.89798,0.89815,0.8975,0.89804,155
2024.01.29,17:15,0.89809,0.89821,0.89796,0.89819,496
2024.01.29,17:30,0.89831,0.89849,0.8981,0.89846,366
2024.01.29,17:45,0.89871,0.89892,0.8986,0.89867,255
2024.01.29,18:00,0.89846,0.89859,0.89819,0.89851,364
2024.01.29,18:15,0.89892,0.89902,0.89865,0.89893,124
2024.01.29,18:30,0.89905,0.89908,0.899,0.89904,242
2024.01.29,18:45,0.8995,0.89966,0.89947,0.89949,283
2024.01.29,19:00,0.8999,0.89997,0.89965,0.89985,480
2024.01.29,19:15,0.89988,0.90001,0.89976,0.89985,185
2024.01.29,19:30,0.89976,0.90004,0.89975,0.89983,95
2024.01.29,19:45,0.89993,0.9001,0.89988,0.90001,492
2024.01.29,20:00,0.90016,0.90046,0.9,0.90024,265
2024.01.29,20:15,0.90048,0.90072,0.90042,0.90047,115
2024.01.29,20:30,0.90079,0.90109,0.90068,0.90085,448
2024.01.29,20:45,0.90061,0.90074,0.90044,0.90059,344
2024.01.29,21:00,0.90087,0.90089,0.90067,0.90085,86
2024.01.29,21:15,0.90079,0.90114,0.9006,0.90074,279
2024.01.29,21:30,0.90028,0.90044,0.90025,0.90033,427
2024.01.29,21:45,0.90006,0.90026,0.89994,0.90013,108
2024.01.29,22:00,0.90047,0.90049,0.90033,0.90045,300
2024.01.29,22:15,0.90045,0.90048,0.90028,0.90035,264
2024.01.29,22:30,0.90058,0.90062,0.90024,0.90051,423
2024.01.29,22:45,0.90033,0.90049,0.9001,0.90035,116
2024.01.29,23:00,0.90057,0.90102,0.90047,0.90071,297
2024.01.29,23:15,0.90082,0.90099,0.90079,0.9008,281
2024.01.29,23:30,0.90045,0.90066,0.9003,0.90032,126
2024.01.29,23:45,0.90022,0.9003,0.90014,0.90017,186
2024.01.30,00:00,0.90025,0.90035,0.90008,0.90032,59
2024.01.30,00:15,0.90045,0.90055,0.90031,0.90049,414
2024.01.30,00:30,0.90023,0.90026,0.89995,0.90019,166
2024.01.30,00:45,0.89986,0.89991,0.89952,0.89978,443
2024.01.30,01:00,0.89995,0.90006,0.89981,0.90004,234
2024.01.30,01:15,0.90041,0.90064,0.90011,0.90058,430
2024.01.30,01:30,0.9003,0.90031,0.89999,0.90027,412
2024.01.30,01:45,0.90032,0.90069,0.90027,0.90039,235
2024.01.30,02:00,0.90004,0.90023,0.89999,0.9,215
2024.01.30,02:15,0.89967,0.89992,0.89952,0.89958,120
2024.01.30,02:30,0.8997,0.89988,0.89963,0.89976,350
2024.01.30,02:45,0.90015,0.90027,0.90001,0.90026,495
2024.01.30,03:00,0.90076,0.90084,0.90057,0.90073,309
2024.01.30,03:15,0.90091,0.90132,0.90079,0.90101,330
2024.01.30,03:30,0.90106,0.9011,0.90056,0.90098,483
2024.01.30,03:45,0.90085,0.90091,0.90059,0.90089,58
2024.01.30,04:00,0.90105,0.90136,0.90086,0.90121,227
2024.01.30,04:15,0.90117,0.90149,0.9009,0.90107,154
2024.01.30,04:30,0.90123,0.90129,0.90101,0.9012,398
2024.01.30,04:45,0.90148,0.90174,0.90146,0.90148,223
2024.01.30,05:00,0.90136,0.90162,0.90129,0.90132,180
2024.01.30,05:15,0.90135,0.90144,0.90118,0.90119,491
2024.01.30,05:30,0.90131,0.90146,0.90118,0.90142,432
2024.01.30,05:45,0.90128,0.90138,0.90118,0.90136,206
2024.01.30,06:00,0.90134,0.90137,0.90113,0.90134,241
2024.01.30,06:15,0.90136,0.90157,0.90127,0.90132,232
2024.01.30,06:30,0.90122,0.90127,0.90113,0.90125,122
2024.01.30,06:45,0.90097,0.90104,0.90093,0.90094,439
2024.01.30,07:00,0.901,0.90114,0.90092,0.9011,135
2024.01.30,07:15,0.90092,0.90108,0.9008,0.90083,240
2024.01.30,07:30,0.9012,0.90148,0.90091,0.90117,402
2024.01.30,07:45,0.90092,0.90122,0.90082,0.90095,50
2024.01.30,08:00,0.90123,0.90145,0.90122,0.90133,240
2024.01.30,08:15,0.90108,0.90122,0.90098,0.90102,469
2024.01.30,08:30,0.9007,0.90085,0.90049,0.90059,222
2024.01.30,08:45,0.90066,0.90079,0.90036,0.90058,285
2024.01.30,09:00,0.90084,0.90086,0.90082,0.90083,469
2024.01.30,09:15,0.90097,0.9011,0.90086,0.90092,194
2024.01.30,09:30,0.90053,0.90089,0.90025,0.90062,174
2024.01.30,09:45,0.90049,0.90058,0.90022,0.90049,330
2024.01.30,10:00,0.90057,0.90065,0.90048,0.9005,459
2024.01.30,10:15,0.90065,0.9009,0.90042,0.90055,80
2024.01.30,10:30,0.90053,0.90058,0.90052,0.90057,212
2024.01.30,10:45,0.9003,0.90031,0.90013,0.90027,147
2024.01.30,11:00,0.90064,0.9009,0.90061,0.90063,339
2024.01.30,11:15,0.90041,0.90066,0.90024,0.9003,104
2024.01.30,11:30,0.90032,0.90052,0.90023,0.90036,238
2024.01.30,11:45,0.90049,0.9006,0.90024,0.90053,60
2024.01.30,12:00,0.90027,0.90037,0.90008,0.90012,70
2024.01.30,12:15,0.89995,0.90014,0.89994,0.90001,493
2024.01.30,12:30,0.89952,0.89961,0.89943,0.89944,350
2024.01.30,12:45,0.89986,0.89993,0.89975,0.89987,385
2024.01.30,13:00,0.89998,0.90011,0.89998,0.90005,414
2024.01.30,13:15,0.90015,0.90028,0.8998,0.9001,323
2024.01.30,13:30,0.90002,0.90008,0.89988,0.89999,225
2024.01.30,13:45,0.89989,0.90005,0.8997,0.89981,290
2024.01.30,14:00,0.90007,0.90025,0.89995,0.9001,338
2024.01.30,14:15,0.90033,0.90051,0.90015,0.90021,290
2024.01.30,14:30,0.90018,0.90041,0.90013,0.90021,155
2024.01.30,14:45,0.90002,0.90016,0.89978,0.89992,142
2024.01.30,15:00,0.8998,0.89986,0.89965,0.89967,473
2024.01.30,15:15,0.89999,0.9001,0.89986,0.9,357
2024.01.30,15:30,0.89979,0.90012,0.8997,0.89983,214
2024.01.30,15:45,0.89973,0.89981,0.89963,0.8997,264
2024.01.30,16:00,0.90008,0.90011,0.90007,0.90008,216
2024.01.30,16:15,0.90024,0.90033,0.90008,0.90027,446
2024.01.30,16:30,0.90052,0.90063,0.90044,0.9006,368
2024.01.30,16:45,0.90055,0.90064,0.90046,0.90055,229
2024.01.30,17:00,0.90028,0.90035,0.89996,0.90032,119
2024.01.30,17:15,0.90053,0.90082,0.90045,0.9006,81
2024.01.30,17:30,0.90062,0.90064,0.90029,0.90053,477
2024.01.30,17:45,0.90045,0.90068,0.9003,0.90048,235
2024.01.30,18:00,0.9002,0.90025,0.90019,0.90024,155
2024.01.30,18:15,0.90069,0.90083,0.90037,0.90069,237
2024.01.30,18:30,0.90031,0.90075,0.90012,0.90033,73
2024.01.30,18:45,0.90043,0.90074,0.90033,0.90036,452
2024.01.30,19:00,0.90057,0.90067,0.9001,0.9005,207
2024.01.30,19:15,0.90079,0.90086,0.9007,0.90082,111
2024.01.30,19:30,0.90099,0.90112,0.90091,0.90104,74
2024.01.30,19:45,0.90095,0.9012,0.90079,0.90092,360
2024.01.30,20:00,0.90113,0.9013,0.90101,0.90114,56
2024.01.30,20:15,0.90058,0.90086,0.90057,0.90071,414
2024.01.30,20:30,0.9007,0.90083,0.90058,0.90067,101
2024.01.30,20:45,0.90037,0.90043,0.90027,0.90031,153
2024.01.30,21:00,0.90055,0.9007,0.90048,0.90062,357
2024.01.30,21:15,0.90037,0.90058,0.90025,0.90028,236
2024.01.30,21:30,0.89975,0.90005,0.89955,0.89968,418
2024.01.30,21:45,0.89989,0.89995,0.8997,0.89986,194
2024.01.30,22:00,0.89982,0.90005,0.89981,0.89989,302
2024.01.30,22:15,0.89937,0.89958,0.8993,0.89937,308
2024.01.30,22:30,0.89951,0.8996,0.89944,0.89949,458
2024.01.30,22:45,0.89975,0.89985,0.89958,0.89983,395
2024.01.30,23:00,0.90004,0.90005,0.89987,0.90003,118
2024.01.30,23:15,0.89994,0.89998,0.89985,0.89992,50
2024.01.30,23:30,0.89974,0.8998,0.89969,0.89977,447
2024.01.30,23:45,0.9001,0.9003,0.89995,0.90015,252
2024.01.31,00:00,0.90071,0.90073,0.90068,0.90069,391
2024.01.31,00:15,0.90069,0.90099,0.90045,0.90063,64
2024.01.31,00:30,0.90089,0.90105,0.90078,0.90094,184
2024.01.31,00:45,0.90054,0.90083,0.90052,0.90064,436
2024.01.31,01:00,0.90104,0.90114,0.90096,0.90102,345
2024.01.31,01:15,0.90133,0.9016,0.90121,0.9014,360
2024.01.31,01:30,0.90097,0.90124,0.90076,0.901,468
2024.01.31,01:45,0.9015,0.9017,0.90148,0.90156,317
2024.01.31,02:00,0.9019,0.90221,0.90186,0.90191,350
2024.01.31,02:15,0.90161,0.90169,0.90159,0.90165,317
2024.01.31,02:30,0.90189,0.90208,0.90155,0.90184,231
2024.01.31,02:45,0.90234,0.90252,0.90228,0.90231,210
2024.01.31,03:00,0.90285,0.90305,0.90259,0.90288,311
2024.01.31,03:15,0.90268,0.90288,0.90259,0.90272,246
2024.01.31,03:30,0.90276,0.90289,0.90264,0.90286,326
2024.01.31,03:45,0.90282,0.90305,0.90265,0.9029,111
2024.01.31,04:00,0.90273,0.90299,0.90273,0.90273,224
2024.01.31,04:15,0.90278,0.90286,0.90274,0.90281,379
2024.01.31,04:30,0.90319,0.90327,0.90309,0.90325,423
2024.01.31,04:45,0.90349,0.90357,0.90335,0.90342,148
2024.01.31,05:00,0.90353,0.90377,0.90332,0.90356,239
2024.01.31,05:15,0.90316,0.90327,0.90305,0.90313,172
2024.01.31,05:30,0.903,0.90311,0.90288,0.90302,411
2024.01.31,05:45,0.90305,0.90308,0.90292,0.90294,118
2024.01.31,06:00,0.90314,0.90341,0.90303,0.90328,184
2024.01.31,06:15,0.90339,0.90358,0.90315,0.90345,256
2024.01.31,06:30,0.90386,0.90397,0.90381,0.90395,419
2024.01.31,06:45,0.90417,0.90449,0.90396,0.90407,62
2024.01.31,07:00,0.9036,0.90366,0.9033,0.90348,154
2024.01.31,07:15,0.90381,0.90399,0.90376,0.90378,104
2024.01.31,07:30,0.90384,0.90414,0.90383,0.90394,486
2024.01.31,07:45,0.90374,0.90385,0.90359,0.90383,82
2024.01.31,08:00,0.90405,0.90409,0.90405,0.90409,286
2024.01.31,08:15,0.90419,0.90434,0.90416,0.90426,356
2024.01.31,08:30,0.90442,0.90462,0.90438,0.90442,292
2024.01.31,08:45,0.90441,0.90474,0.90433,0.90457,87
2024.01.31,09:00,0.90455,0.90488,0.90454,0.90467,441
2024.01.31,09:15,0.90422,0.90433,0.90416,0.9043,164
2024.01.31,09:30,0.90424,0.90428,0.90416,0.90424,383
2024.01.31,09:45,0.90439,0.90477,0.90427,0.90442,462
2024.01.31,10:00,0.90438,0.90442,0.90437,0.90439,114
2024.01.31,10:15,0.90424,0.90442,0.90398,0.90409,53
2024.01.31,10:30,0.90444,0.90449,0.90444,0.90447,123
2024.01.31,10:45,0.9049,0.90497,0.90479,0.9049,59
2024.01.31,11:00,0.90525,0.90558,0.9051,0.90535,297
2024.01.31,11:15,0.90537,0.9054,0.90529,0.90538,417
2024.01.31,11:30,0.90546,0.90546,0.90529,0.90535,216
2024.01.31,11:45,0.90547,0.90576,0.90537,0.90556,159
2024.01.31,12:00,0.90555,0.90559,0.90553,0.90555,283
2024.01.31,12:15,0.90554,0.90583,0.90545,0.90554,201
2024.01.31,12:30,0.90523,0.9054,0.90504,0.90508,477
2024.01.31,12:45,0.90509,0.90548,0.90498,0.90521,155
2024.01.31,13:00,0.90503,0.90536,0.90502,0.90502,123
2024.01.31,13:15,0.90514,0.90515,0.90502,0.90506,273
2024.01.31,13:30,0.90502,0.90511,0.90476,0.90507,303
2024.01.31,13:45,0.90519,0.90541,0.90518,0.90522,397
2024.01.31,14:00,0.90513,0.90536,0.90499,0.90519,382
2024.01.31,14:15,0.90484,0.90501,0.90455,0.90474,108
2024.01.31,14:30,0.90479,0.90489,0.90477,0.90481,106
2024.01.31,14:45,0.90492,0.90522,0.90479,0.90488,337
2024.01.31,15:00,0.90485,0.90518,0.9048,0.90496,453
2024.01.31,15:15,0.90483,0.90488,0.90467,0.90486,402
2024.01.31,15:30,0.9045,0.90463,0.90414,0.90439,418
2024.01.31,15:45,0.90465,0.90487,0.90458,0.90462,499
2024.01.31,16:00,0.90423,0.90439,0.90418,0.90436,197
2024.01.31,16:15,0.90448,0.9048,0.90439,0.90451,241
2024.01.31,16:30,0.90483,0.90509,0.90472,0.90474,339
2024.01.31,16:45,0.90527,0.9057,0.90506,0.90535,85
2024.01.31,17:00,0.90522,0.90535,0.90495,0.90528,88
2024.01.31,17:15,0.9052,0.90529,0.90499,0.90523,174
2024.01.31,17:30,0.90573,0.90583,0.9057,0.90577,497
2024.01.31,17:45,0.90602,0.9061,0.9056,0.90594,175
2024.01.31,18:00,0.90551,0.90562,0.90551,0.90556,281
2024.01.31,18:15,0.90539,0.90546,0.90521,0.9054,464
2024.01.31,18:30,0.90543,0.90552,0.90526,0.90552,499
2024.01.31,18:45,0.90548,0.90572,0.90527,0.9055,364
2024.01.31,19:00,0.90539,0.90547,0.90493,0.9053,180
2024.01.31,19:15,0.90545,0.90575,0.9054,0.90557,331
2024.01.31,19:30,0.90545,0.90559,0.90512,0.90553,202
2024.01.31,19:45,0.90536,0.90552,0.9053,0.90543,295
2024.01.31,20:00,0.90512,0.90521,0.90484,0.90505,448
2024.01.31,20:15,0.90492,0.90511,0.9049,0.90492,325
2024.01.31,20:30,0.9047,0.9048,0.90459,0.90468,490
2024.01.31,20:45,0.9042,0.90434,0.90392,0.90422,275
2024.01.31,21:00,0.90464,0.90471,0.90458,0.90467,253
2024.01.31,21:15,0.90482,0.90498,0.9048,0.90482,476
2024.01.31,21:30,0.90471,0.90484,0.90449,0.90471,127
2024.01.31,21:45,0.9048,0.905,0.90476,0.90486,383
2024.01.31,22:00,0.90456,0.90482,0.90454,0.90454,336
2024.01.31,22:15,0.90434,0.90454,0.90433,0.90437,268
2024.01.31,22:30,0.90414,0.90428,0.90387,0.90421,222
2024.01.31,22:45,0.90412,0.90415,0.90403,0.90405,429
2024.01.31,23:00,0.90386,0.90398,0.90376,0.90379,74
2024.01.31,23:15,0.90369,0.90382,0.9036,0.90381,454
2024.01.31,23:30,0.90408,0.90446,0.90398,0.90427,444
2024.01.31,23:45,0.90464,0.9047,0.90443,0.90458,87
2024.02.01,00:00,0.9048,0.90503,0.90476,0.90486,357
2024.02.01,00:15,0.90478,0.90503,0.90469,0.90495,57
2024.02.01,00:30,0.90448,0.90464,0.90443,0.90444,324
2024.02.01,00:45,0.90438,0.90449,0.9043,0.90433,63
2024.02.01,01:00,0.9045,0.90468,0.90431,0.90463,203
2024.02.01,01:15,0.9046,0.90496,0.90443,0.90446,129
2024.02.01,01:30,0.90501,0.90528,0.90483,0.90486,53
2024.02.01,01:45,0.90518,0.90524,0.90477,0.9051,146
2024.02.01,02:00,0.90502,0.90506,0.90494,0.90498,187
2024.02.01,02:15,0.90498,0.90513,0.90494,0.90508,457
2024.02.01,02:30,0.90546,0.90557,0.90528,0.90538,295
2024.02.01,02:45,0.90537,0.90547,0.90526,0.90538,260
2024.02.01,03:00,0.90525,0.90525,0.90518,0.90519,285
2024.02.01,03:15,0.90509,0.90521,0.90502,0.90516,454
2024.02.01,03:30,0.905,0.90528,0.90483,0.90506,366
2024.02.01,03:45,0.90491,0.90494,0.90478,0.90487,459
2024.02.01,04:00,0.90455,0.90461,0.90435,0.9044,400
2024.02.01,04:15,0.90445,0.90455,0.90445,0.90452,288
2024.02.01,04:30,0.90434,0.90455,0.90409,0.90442,273
2024.02.01,04:45,0.90462,0.90463,0.90452,0.90452,80
2024.02.01,05:00,0.90436,0.90438,0.90412,0.9043,247
2024.02.01,05:15,0.90417,0.90426,0.90406,0.90408,448
2024.02.01,05:30,0.90411,0.90439,0.90408,0.90417,71
2024.02.01,05:45,0.90395,0.90412,0.90381,0.90401,279
2024.02.01,06:00,0.9045,0.90459,0.90441,0.90446,350
2024.02.01,06:15,0.90445,0.90462,0.90426,0.90439,123
2024.02.01,06:30,0.90455,0.90478,0.90452,0.90468,268
2024.02.01,06:45,0.90415,0.90422,0.90408,0.90412,251
2024.02.01,07:00,0.90389,0.90391,0.90383,0.90383,433
2024.02.01,07:15,0.90386,0.904,0.90382,0.9039,436
2024.02.01,07:30,0.90375,0.9038,0.90355,0.90366,393
2024.02.01,07:45,0.90347,0.90367,0.90331,0.90351,324
2024.02.01,08:00,0.90354,0.90365,0.9035,0.9035,338
2024.02.01,08:15,0.90341,0.90349,0.90331,0.90346,434
2024.02.01,08:30,0.90347,0.90352,0.9034,0.90351,374
2024.02.01,08:45,0.90378,0.90385,0.90362,0.90376,441
2024.02.01,09:00,0.90314,0.90326,0.903,0.90323,118
2024.02.01,09:15,0.9036,0.90375,0.90328,0.90366,178
2024.02.01,09:30,0.90343,0.9036,0.90338,0.90353,52
2024.02.01,09:45,0.90341,0.90358,0.90296,0.90333,295
2024.02.01,10:00,0.90352,0.90374,0.90342,0.90349,295
2024.02.01,10:15,0.90357,0.90384,0.90356,0.90359,173
2024.02.01,10:30,0.90371,0.90371,0.90357,0.90362,312
2024.02.01,10:45,0.90377,0.90389,0.90376,0.90388,248
2024.02.01,11:00,0.90351,0.90361,0.90315,0.9033,150
2024.02.01,11:15,0.90314,0.90323,0.90301,0.90316,172
2024.02.01,11:30,0.90383,0.90391,0.9036,0.9037,80
2024.02.01,11:45,0.90375,0.90414,0.90375,0.90376,55
2024.02.01,12:00,0.90344,0.90346,0.90327,0.90345,261
2024.02.01,12:15,0.90322,0.90339,0.90315,0.90333,491
2024.02.01,12:30,0.90304,0.90311,0.90271,0.90289,93
2024.02.01,12:45,0.9025,0.90255,0.90248,0.90251,109
2024.02.01,13:00,0.90207,0.90221,0.90204,0.90219,294
2024.02.01,13:15,0.9022,0.90233,0.90202,0.90209,141
2024.02.01,13:30,0.90199,0.90212,0.90172,0.90184,248
2024.02.01,13:45,0.90168,0.90202,0.90149,0.90159,169
2024.02.01,14:00,0.902,0.90211,0.90181,0.90201,460
2024.02.01,14:15,0.90219,0.90224,0.90207,0.90217,349
2024.02.01,14:30,0.90287,0.90313,0.90284,0.90294,83
2024.02.01,14:45,0.90311,0.90334,0.90308,0.90322,77
2024.02.01,15:00,0.90313,0.90319,0.90304,0.90316,130
2024.02.01,15:15,0.90322,0.90354,0.90308,0.9032,227
2024.02.01,15:30,0.90313,0.90327,0.90284,0.90303,64
2024.02.01,15:45,0.90342,0.90375,0.90334,0.90347,229
2024.02.01,16:00,0.9036,0.90371,0.9036,0.9037,109
2024.02.01,16:15,0.90386,0.90423,0.90383,0.90389,478
2024.02.01,16:30,0.90379,0.90406,0.90377,0.90385,357
2024.02.01,16:45,0.90381,0.90382,0.90369,0.90375,194
2024.02.01,17:00,0.90411,0.90417,0.9038,0.90414,369
2024.02.01,17:15,0.9039,0.90413,0.90381,0.90392,430
2024.02.01,17:30,0.904,0.90417,0.9039,0.90408,93
2024.02.01,17:45,0.90384,0.90402,0.90361,0.90385,126
2024.02.01,18:00,0.90396,0.90415,0.90373,0.90381,184
2024.02.01,18:15,0.90373,0.90384,0.90354,0.90361,52
2024.02.01,18:30,0.90399,0.90411,0.90384,0.9039,309
2024.02.01,18:45,0.90404,0.90416,0.90393,0.90393,359
2024.02.01,19:00,0.90425,0.90427,0.90416,0.9042,243
2024.02.01,19:15,0.90419,0.90422,0.90407,0.90419,148
2024.02.01,19:30,0.90419,0.90433,0.9039,0.90429,116
2024.02.01,19:45,0.90425,0.90432,0.90416,0.90422,192
2024.02.01,20:00,0.90436,0.90442,0.90428,0.90435,90
2024.02.01,20:15,0.90462,0.90477,0.90427,0.90471,241
2024.02.01,20:30,0.90507,0.90524,0.90501,0.9052,325
2024.02.01,20:45,0.90517,0.90517,0.90502,0.90511,123
2024.02.01,21:00,0.90506,0.90532,0.90481,0.90497,450
2024.02.01,21:15,0.90478,0.90512,0.90473,0.90492,309
2024.02.01,21:30,0.90544,0.90558,0.90507,0.90536,320
2024.02.01,21:45,0.90529,0.90536,0.90515,0.90532,110
2024.02.01,22:00,0.90518,0.90524,0.90494,0.90523,88
2024.02.01,22:15,0.90535,0.90558,0.90515,0.90533,341
2024.02.01,22:30,0.90553,0.90564,0.90544,0.90547,185
2024.02.01,22:45,0.90522,0.90549,0.90518,0.90524,493
2024.02.01,23:00,0.90516,0.90531,0.905,0.90523,184
2024.02.01,23:15,0.90502,0.9051,0.90472,0.90501,225
2024.02.01,23:30,0.90488,0.90504,0.90481,0.90485,439
2024.02.01,23:45,0.90451,0.90457,0.90431,0.90447,493
2024.02.02,00:00,0.9044,0.90449,0.90428,0.90445,417
2024.02.02,00:15,0.90433,0.90463,0.90415,0.90425,487
2024.02.02,00:30,0.90408,0.9043,0.9039,0.9041,151
2024.02.02,00:45,0.90396,0.90406,0.90383,0.90397,329
2024.02.02,01:00,0.90444,0.90449,0.90424,0.90447,187
2024.02.02,01:15,0.90437,0.90439,0.9043,0.90431,386
2024.02.02,01:30,0.90402,0.90417,0.90398,0.9041,189
2024.02.02,01:45,0.90427,0.90443,0.90411,0.90417,179
2024.02.02,02:00,0.90441,0.90468,0.90425,0.90452,452
2024.02.02,02:15,0.90431,0.90435,0.90422,0.90427,299
2024.02.02,02:30,0.90468,0.90487,0.90456,0.90475,373
2024.02.02,02:45,0.90459,0.90486,0.90408,0.90441,439
2024.02.02,03:00,0.90505,0.9052,0.90491,0.90506,294
2024.02.02,03:15,0.9051,0.90548,0.90489,0.90527,168
2024.02.02,03:30,0.90472,0.90494,0.90466,0.90477,489
2024.02.02,03:45,0.90519,0.9054,0.90511,0.9052,255
2024.02.02,04:00,0.90518,0.90519,0.905,0.90518,135
2024.02.02,04:15,0.90468,0.9049,0.90467,0.9047,252
2024.02.02,04:30,0.90453,0.90472,0.90427,0.90469,330
2024.02.02,04:45,0.90482,0.90492,0.90451,0.90467,293
2024.02.02,05:00,0.90501,0.90505,0.90488,0.90501,101
2024.02.02,05:15,0.90519,0.90536,0.90507,0.90515,353
2024.02.02,05:30,0.90463,0.90472,0.90448,0.90466,450
2024.02.02,05:45,0.90438,0.9045,0.90417,0.90425,91
2024.02.02,06:00,0.90416,0.90424,0.9041,0.90411,499
2024.02.02,06:15,0.90388,0.90398,0.90351,0.9038,194
2024.02.02,06:30,0.90409,0.90433,0.90391,0.90419,161
2024.02.02,06:45,0.90409,0.90419,0.9038,0.9041,264
2024.02.02,07:00,0.90376,0.90391,0.90359,0.90369,269
2024.02.02,07:15,0.90334,0.90339,0.90318,0.90327,151
2024.02.02,07:30,0.90322,0.90325,0.90303,0.90318,137
2024.02.02,07:45,0.90348,0.90357,0.90346,0.90353,173
2024.02.02,08:00,0.90383,0.90392,0.90363,0.90388,127
2024.02.02,08:15,0.90406,0.90419,0.90402,0.90403,242
2024.02.02,08:30,0.90408,0.90431,0.90398,0.904,267
2024.02.02,08:45,0.90405,0.90419,0.90401,0.90411,169
2024.02.02,09:00,0.90392,0.90396,0.90369,0.90392,135
2024.02.02,09:15,0.90384,0.90391,0.90362,0.90376,271
2024.02.02,09:30,0.90323,0.90325,0.90301,0.90322,53
2024.02.02,09:45,0.90314,0.90317,0.90297,0.90312,490
2024.02.02,10:00,0.90317,0.90342,0.903,0.90327,138
2024.02.02,10:15,0.90321,0.9033,0.90295,0.90306,300
2024.02.02,10:30,0.90279,0.90297,0.90261,0.90263,450
2024.02.02,10:45,0.90256,0.90264,0.90236,0.90245,217
2024.02.02,11:00,0.90275,0.90308,0.90248,0.9029,68
2024.02.02,11:15,0.90265,0.90274,0.90234,0.90255,115
2024.02.02,11:30,0.90272,0.90278,0.90249,0.90265,406
2024.02.02,11:45,0.90292,0.90302,0.90273,0.90298,225
2024.02.02,12:00,0.9033,0.90349,0.90318,0.90348,64
2024.02.02,12:15,0.90335,0.90342,0.90312,0.90318,113
2024.02.02,12:30,0.90305,0.90329,0.90273,0.90301,357
2024.02.02,12:45,0.90311,0.90328,0.90292,0.90318,400
2024.02.02,13:00,0.90287,0.90297,0.90273,0.90276,99
2024.02.02,13:15,0.90314,0.90326,0.90285,0.90309,77
2024.02.02,13:30,0.90296,0.90329,0.90273,0.90285,352
2024.02.02,13:45,0.90295,0.90298,0.90287,0.90294,331
2024.02.02,14:00,0.90272,0.90273,0.9026,0.90268,373
2024.02.02,14:15,0.90246,0.90272,0.90238,0.90249,267
2024.02.02,14:30,0.90226,0.90244,0.90208,0.90211,455
2024.02.02,14:45,0.90198,0.90217,0.90169,0.90198,239
2024.02.02,15:00,0.90143,0.90161,0.90138,0.90145,247
2024.02.02,15:15,0.90176,0.90183,0.90153,0.90174,93
2024.02.02,15:30,0.90187,0.90207,0.90166,0.90184,168
2024.02.02,15:45,0.90226,0.90265,0.90202,0.90213,84
2024.02.02,16:00,0.902,0.90227,0.90189,0.9021,66
2024.02.02,16:15,0.90203,0.90224,0.90199,0.90201,223
2024.02.02,16:30,0.90159,0.90182,0.90139,0.90159,205
2024.02.02,16:45,0.90141,0.90174,0.90135,0.90147,353
2024.02.02,17:00,0.90122,0.90125,0.90104,0.90114,452
2024.02.02,17:15,0.90105,0.90129,0.90101,0.90106,112
2024.02.02,17:30,0.90127,0.90133,0.90122,0.90123,183
2024.02.02,17:45,0.90117,0.90134,0.90102,0.90123,296
2024.02.02,18:00,0.90109,0.90125,0.90098,0.90125,115
2024.02.02,18:15,0.90163,0.90167,0.90135,0.90149,259
2024.02.02,18:30,0.9014,0.90146,0.9013,0.90136,266
2024.02.02,18:45,0.90093,0.90131,0.90091,0.90094,113
2024.02.02,19:00,0.90127,0.90143,0.90122,0.90124,367
2024.02.02,19:15,0.90119,0.90131,0.90089,0.90112,344
2024.02.02,19:30,0.9012,0.90124,0.90085,0.90109,280
2024.02.02,19:45,0.90101,0.90132,0.90097,0.90103,412
2024.02.02,20:00,0.90085,0.90091,0.9007,0.90082,141
2024.02.02,20:15,0.90067,0.90087,0.90061,0.90078,209
2024.02.02,20:30,0.90123,0.90143,0.90118,0.90119,458
2024.02.02,20:45,0.90151,0.90186,0.9012,0.90161,248
2024.02.02,21:00,0.90203,0.9022,0.9018,0.90209,193
2024.02.02,21:15,0.9025,0.90253,0.90231,0.90234,301
2024.02.02,21:30,0.90279,0.90305,0.90276,0.90287,387
2024.02.02,21:45,0.90285,0.90289,0.90271,0.90284,289
2024.02.02,22:00,0.90272,0.90294,0.90229,0.90263,380
2024.02.02,22:15,0.90219,0.90237,0.90212,0.90214,178
2024.02.02,22:30,0.90211,0.90232,0.90205,0.90211,192
2024.02.02,22:45,0.90216,0.90231,0.90195,0.90208,492
2024.02.02,23:00,0.90234,0.90236,0.90218,0.90231,302
2024.02.02,23:15,0.90218,0.90222,0.90213,0.90217,487
2024.02.02,23:30,0.90225,0.90244,0.9022,0.90228,367
2024.02.02,23:45,0.90212,0.90212,0.90209,0.90211,70
2024.02.05,00:00,0.90273,0.903,0.90258,0.90281,142
2024.02.05,00:15,0.90284,0.90314,0.90248,0.90281,284
2024.02.05,00:30,0.90249,0.90256,0.90219,0.90239,68
2024.02.05,00:45,0.90293,0.90297,0.90267,0.90291,482
2024.02.05,01:00,0.90347,0.90369,0.90346,0.90349,206
2024.02.05,01:15,0.90307,0.90326,0.90301,0.90311,231
2024.02.05,01:30,0.90354,0.90368,0.90338,0.90353,459
2024.02.05,01:45,0.90369,0.90375,0.90366,0.9037,440
2024.02.05,02:00,0.90383,0.90402,0.90371,0.90376,447
2024.02.05,02:15,0.90324,0.90341,0.90323,0.90334,182
2024.02.05,02:30,0.90313,0.90336,0.90296,0.90312,306
2024.02.05,02:45,0.90324,0.9034,0.90303,0.90318,384
2024.02.05,03:00,0.90315,0.90325,0.90312,0.90324,200
2024.02.05,03:15,0.90302,0.90315,0.90291,0.90302,364
2024.02.05,03:30,0.90313,0.9032,0.90308,0.90311,407
2024.02.05,03:45,0.90282,0.90301,0.90278,0.90291,405
2024.02.05,04:00,0.90276,0.90285,0.90248,0.90267,228
2024.02.05,04:15,0.90246,0.90256,0.90234,0.90237,252
2024.02.05,04:30,0.90227,0.90238,0.90222,0.90233,366
2024.02.05,04:45,0.90284,0.90297,0.90282,0.90289,215
2024.02.05,05:00,0.90265,0.90276,0.90259,0.90262,279
2024.02.05,05:15,0.90244,0.90259,0.90216,0.9025,434
2024.02.05,05:30,0.9025,0.90269,0.90242,0.90255,358
2024.02.05,05:45,0.90253,0.90276,0.90244,0.90247,374
2024.02.05,06:00,0.90225,0.90248,0.9021,0.90226,308
2024.02.05,06:15,0.90233,0.90241,0.90231,0.90238,81
2024.02.05,06:30,0.90212,0.90221,0.9019,0.90203,479
2024.02.05,06:45,0.9018,0.90193,0.90173,0.90182,434
2024.02.05,07:00,0.90148,0.90155,0.90128,0.90141,163
2024.02.05,07:15,0.9018,0.90182,0.90168,0.90172,102
2024.02.05,07:30,0.90201,0.90239,0.90192,0.90199,115
2024.02.05,07:45,0.90173,0.90186,0.90151,0.90178,333
2024.02.05,08:00,0.90174,0.90177,0.9014,0.90163,193
2024.02.05,08:15,0.90205,0.9023,0.90191,0.90192,415
2024.02.05,08:30,0.90268,0.90295,0.90256,0.90283,456
2024.02.05,08:45,0.90328,0.90332,0.90319,0.9032,194
2024.02.05,09:00,0.90312,0.90317,0.90301,0.90316,473
2024.02.05,09:15,0.90363,0.904,0.9036,0.90364,262
2024.02.05,09:30,0.90333,0.90338,0.90316,0.90326,83
2024.02.05,09:45,0.90258,0.90268,0.90233,0.9025,59
2024.02.05,10:00,0.90259,0.90273,0.90243,0.90264,107
2024.02.05,10:15,0.90283,0.90313,0.90251,0.90285,412
2024.02.05,10:30,0.90267,0.90279,0.90263,0.9027,473
2024.02.05,10:45,0.9027,0.90279,0.90234,0.90266,57
2024.02.05,11:00,0.90274,0.90276,0.90256,0.90265,203
2024.02.05,11:15,0.90288,0.90307,0.9028,0.9029,257
2024.02.05,11:30,0.90312,0.90337,0.90302,0.90308,236
2024.02.05,11:45,0.90356,0.90374,0.9035,0.90371,372
2024.02.05,12:00,0.9036,0.9037,0.90346,0.90362,276
2024.02.05,12:15,0.90405,0.90408,0.90376,0.90393,102
2024.02.05,12:30,0.90359,0.90362,0.90347,0.90349,486
2024.02.05,12:45,0.90358,0.90376,0.90344,0.90356,472
2024.02.05,13:00,0.90327,0.9035,0.90321,0.90333,369
2024.02.05,13:15,0.90323,0.90345,0.90313,0.9032,318
2024.02.05,13:30,0.90355,0.90367,0.90334,0.9035,129
2024.02.05,13:45,0.90346,0.90367,0.90326,0.90356,328
2024.02.05,14:00,0.90389,0.90401,0.90388,0.90392,209
2024.02.05,14:15,0.90353,0.90357,0.9033,0.90355,195
2024.02.05,14:30,0.90339,0.90356,0.90314,0.90347,412
2024.02.05,14:45,0.90337,0.90341,0.90323,0.90336,249
2024.02.05,15:00,0.90318,0.90327,0.903,0.90321,149
2024.02.05,15:15,0.90316,0.90325,0.90312,0.90312,394
2024.02.05,15:30,0.90352,0.90378,0.90349,0.90369,427
2024.02.05,15:45,0.90373,0.90386,0.90357,0.90383,186
2024.02.05,16:00,0.90431,0.90462,0.9043,0.90436,211
2024.02.05,16:15,0.90421,0.90433,0.90398,0.90416,461
2024.02.05,16:30,0.90508,0.90532,0.90496,0.90498,210
2024.02.05,16:45,0.90424,0.90462,0.90398,0.9041,250
2024.02.05,17:00,0.90391,0.90416,0.90374,0.90392,202
2024.02.05,17:15,0.90435,0.90471,0.90429,0.90439,448
2024.02.05,17:30,0.90478,0.90502,0.90461,0.90485,297
2024.02.05,17:45,0.9051,0.90536,0.90498,0.90506,64
2024.02.05,18:00,0.90563,0.90569,0.90558,0.90561,427
2024.02.05,18:15,0.90561,0.90569,0.90536,0.9056,236
2024.02.05,18:30,0.90535,0.90544,0.90509,0.90533,401
2024.02.05,18:45,0.90497,0.905,0.90487,0.90496,355
2024.02.05,19:00,0.9048,0.90496,0.90452,0.90467,195
2024.02.05,19:15,0.90432,0.90436,0.90418,0.90427,279
2024.02.05,19:30,0.90404,0.90419,0.904,0.90401,141
2024.02.05,19:45,0.90407,0.90427,0.90392,0.90404,95
2024.02.05,20:00,0.90417,0.90448,0.90412,0.90422,289
2024.02.05,20:15,0.90413,0.90418,0.90387,0.90406,392
2024.02.05,20:30,0.90363,0.90379,0.90358,0.90373,469
2024.02.05,20:45,0.90371,0.90383,0.90365,0.90369,464
2024.02.05,21:00,0.90409,0.90428,0.90379,0.90399,473
2024.02.05,21:15,0.90392,0.90417,0.90379,0.9038,455
2024.02.05,21:30,0.90378,0.90384,0.90339,0.90357,395
2024.02.05,21:45,0.90349,0.90362,0.90337,0.90344,457
2024.02.05,22:00,0.90292,0.9032,0.90287,0.90307,474
2024.02.05,22:15,0.90368,0.90379,0.90349,0.90376,105
2024.02.05,22:30,0.90387,0.90411,0.90384,0.90395,122
2024.02.05,22:45,0.90376,0.90395,0.90371,0.90378,403
2024.02.05,23:00,0.90368,0.90371,0.90314,0.90365,92
2024.02.05,23:15,0.90352,0.90358,0.90333,0.90353,312
2024.02.05,23:30,0.90342,0.90345,0.90327,0.90339,335
2024.02.05,23:45,0.90382,0.90392,0.90373,0.90388,469
2024.02.06,00:00,0.90413,0.90435,0.90402,0.90412,331
2024.02.06,00:15,0.90461,0.90466,0.90452,0.90455,405
2024.02.06,00:30,0.90477,0.90511,0.90458,0.90497,66
2024.02.06,00:45,0.90507,0.90508,0.90486,0.90497,163
