2025.11.19	00:00	0.66425	0.66437	0.66394	0.66418	409
2025.11.19	00:15	0.66437	0.66461	0.66436	0.6645	434
2025.11.19	00:30	0.66439	0.66455	0.66432	0.66442	216
2025.11.19	00:45	0.66478	0.6648	0.66458	0.6648	61
2025.11.19	01:00	0.66518	0.66528	0.66506	0.66513	435
2025.11.19	01:15	0.66514	0.66526	0.66501	0.66513	303
2025.11.19	01:30	0.66543	0.66558	0.66532	0.6654	213
2025.11.19	01:45	0.66594	0.66601	0.66574	0.66593	483
2025.11.19	02:00	0.66612	0.6664	0.66598	0.66613	207
2025.11.19	02:15	0.66623	0.66638	0.66607	0.6661	230
2025.11.19	02:30	0.66627	0.66653	0.66623	0.66639	307
2025.11.19	02:45	0.66618	0.66632	0.66612	0.66616	230
2025.11.19	03:00	0.66641	0.66675	0.66622	0.6663	246
2025.11.19	03:15	0.66638	0.66655	0.66627	0.66641	399
2025.11.19	03:30	0.66658	0.66665	0.66635	0.66651	288
2025.11.19	03:45	0.66658	0.66672	0.66652	0.66658	237
2025.11.19	04:00	0.6666	0.66679	0.66649	0.66664	295
2025.11.19	04:15	0.66658	0.66666	0.6665	0.66657	359
2025.11.19	04:30	0.66658	0.66664	0.66643	0.66656	128
2025.11.19	04:45	0.66649	0.66657	0.66642	0.6665	180
2025.11.19	05:00	0.66635	0.66649	0.66596	0.66627	361
2025.11.19	05:15	0.66645	0.66658	0.6664	0.66647	334
2025.11.19	05:30	0.66638	0.66644	0.66622	0.6663	417
2025.11.19	05:45	0.66619	0.66648	0.66599	0.66613	188
2025.11.19	06:00	0.66604	0.6662	0.66597	0.666	75
2025.11.19	06:15	0.66615	0.66633	0.66611	0.66613	325
2025.11.19	06:30	0.66596	0.66615	0.66575	0.66592	166
2025.11.19	06:45	0.66612	0.6662	0.66606	0.66614	162
2025.11.19	07:00	0.66569	0.666	0.66558	0.66577	92
2025.11.19	07:15	0.66612	0.66625	0.6661	0.66617	472
2025.11.19	07:30	0.6662	0.66638	0.66609	0.66612	51
2025.11.19	07:45	0.66592	0.66605	0.6657	0.66577	112
2025.11.19	08:00	0.66545	0.66566	0.66523	0.66539	109
2025.11.19	08:15	0.66565	0.66573	0.66553	0.66567	272
2025.11.19	08:30	0.66556	0.66577	0.66541	0.66567	68
2025.11.19	08:45	0.66559	0.66564	0.66538	0.66552	294
2025.11.19	09:00	0.66562	0.66565	0.66547	0.66559	277
2025.11.19	09:15	0.66555	0.66566	0.66552	0.66558	321
2025.11.19	09:30	0.66579	0.66581	0.66561	0.66573	444
2025.11.19	09:45	0.66569	0.66576	0.66559	0.66564	423
2025.11.19	10:00	0.66551	0.66586	0.66536	0.66555	64
2025.11.19	10:15	0.66551	0.66587	0.66546	0.66559	243
2025.11.19	10:30	0.66514	0.66538	0.66514	0.66517	376
2025.11.19	10:45	0.66489	0.66522	0.66474	0.66483	89
2025.11.19	11:00	0.66479	0.66513	0.66476	0.66477	380
2025.11.19	11:15	0.66495	0.66503	0.66482	0.66494	181
2025.11.19	11:30	0.66517	0.66537	0.66504	0.66514	338
2025.11.19	11:45	0.66488	0.665	0.66461	0.66481	182
2025.11.19	12:00	0.66484	0.66496	0.66483	0.66489	55
2025.11.19	12:15	0.66483	0.66501	0.66483	0.66489	447
2025.11.19	12:30	0.66491	0.66498	0.66483	0.66484	319
2025.11.19	12:45	0.66483	0.6649	0.66477	0.66482	356
2025.11.19	13:00	0.66469	0.66484	0.66463	0.66475	354
2025.11.19	13:15	0.66488	0.66506	0.66477	0.66491	369
2025.11.19	13:30	0.66494	0.66509	0.66483	0.66496	79
2025.11.19	13:45	0.66538	0.66547	0.66531	0.66546	469
2025.11.19	14:00	0.66522	0.6653	0.6649	0.66528	406
2025.11.19	14:15	0.66526	0.66526	0.66522	0.66526	261
2025.11.19	14:30	0.66541	0.66548	0.6653	0.66535	115
2025.11.19	14:45	0.6654	0.66557	0.66516	0.66537	401
2025.11.19	15:00	0.66508	0.66523	0.66492	0.66507	98
2025.11.19	15:15	0.66517	0.66547	0.66505	0.66514	65
2025.11.19	15:30	0.66499	0.66506	0.66484	0.66497	146
2025.11.19	15:45	0.66473	0.6648	0.66463	0.66475	368
2025.11.19	16:00	0.6649	0.66497	0.66487	0.66488	277
2025.11.19	16:15	0.66471	0.66486	0.66462	0.66474	238
2025.11.19	16:30	0.66491	0.66504	0.66469	0.66496	327
2025.11.19	16:45	0.66494	0.66507	0.66493	0.66498	200
2025.11.19	17:00	0.6649	0.66519	0.66476	0.66479	374
2025.11.19	17:15	0.6647	0.6648	0.66453	0.66461	362
2025.11.19	17:30	0.66462	0.66469	0.66448	0.66461	374
2025.11.19	17:45	0.66421	0.66448	0.66412	0.66436	439
2025.11.19	18:00	0.66459	0.66476	0.66454	0.66457	445
2025.11.19	18:15	0.66418	0.66449	0.66403	0.6642	390
2025.11.19	18:30	0.66409	0.66437	0.66388	0.66395	205
2025.11.19	18:45	0.66367	0.6638	0.66361	0.66366	55
2025.11.19	19:00	0.66383	0.66399	0.66374	0.66389	438
2025.11.19	19:15	0.66392	0.66409	0.66389	0.66389	230
2025.11.19	19:30	0.66403	0.66426	0.66383	0.66406	92
2025.11.19	19:45	0.6641	0.66418	0.66389	0.66414	316
2025.11.19	20:00	0.66418	0.66423	0.66402	0.66408	337
2025.11.19	20:15	0.66399	0.66431	0.66372	0.66405	412
2025.11.19	20:30	0.66408	0.66434	0.66392	0.66413	213
2025.11.19	20:45	0.66417	0.66435	0.66399	0.66415	399
2025.11.19	21:00	0.66403	0.66411	0.66385	0.66394	184
2025.11.19	21:15	0.66418	0.66443	0.66397	0.66426	478
2025.11.19	21:30	0.66431	0.66457	0.66415	0.66424	426
2025.11.19	21:45	0.66428	0.66437	0.6641	0.66422	484
2025.11.19	22:00	0.66427	0.66437	0.66398	0.66435	227
2025.11.19	22:15	0.6642	0.66437	0.66403	0.66414	115
2025.11.19	22:30	0.6644	0.66465	0.66439	0.66446	155
2025.11.19	22:45	0.66425	0.6643	0.66411	0.66425	409
2025.11.19	23:00	0.66412	0.66425	0.66401	0.66406	344
2025.11.19	23:15	0.66363	0.6638	0.66354	0.66358	322
2025.11.19	23:30	0.66348	0.66368	0.66343	0.66352	56
2025.11.19	23:45	0.66364	0.66365	0.66338	0.66353	150
2025.11.20	00:00	0.66339	0.66342	0.66331	0.66341	261
2025.11.20	00:15	0.66341	0.6636	0.66324	0.66358	399
2025.11.20	00:30	0.66384	0.66391	0.66381	0.66391	336
2025.11.20	00:45	0.66364	0.66364	0.66355	0.66358	175
2025.11.20	01:00	0.66395	0.66409	0.66388	0.66402	122
2025.11.20	01:15	0.6638	0.66407	0.66351	0.66392	373
2025.11.20	01:30	0.66377	0.66395	0.66351	0.66379	268
2025.11.20	01:45	0.66362	0.66379	0.66354	0.66357	132
2025.11.20	02:00	0.6637	0.66401	0.66348	0.66362	142
2025.11.20	02:15	0.66343	0.66369	0.66334	0.66356	446
2025.11.20	02:30	0.66339	0.66371	0.6633	0.66348	322
2025.11.20	02:45	0.66369	0.66374	0.66355	0.6637	92
2025.11.20	03:00	0.66394	0.66404	0.66389	0.66393	162
2025.11.20	03:15	0.66451	0.6647	0.66441	0.66444	195
2025.11.20	03:30	0.66452	0.66467	0.66434	0.66454	311
2025.11.20	03:45	0.66471	0.66493	0.66456	0.66466	450
2025.11.20	04:00	0.66464	0.66498	0.66462	0.66466	144
2025.11.20	04:15	0.66496	0.66511	0.66491	0.665	278
2025.11.20	04:30	0.66509	0.6653	0.6649	0.66508	397
2025.11.20	04:45	0.66503	0.66535	0.66482	0.66509	480
2025.11.20	05:00	0.66503	0.66512	0.6649	0.66496	99
2025.11.20	05:15	0.66536	0.66551	0.66524	0.66536	344
2025.11.20	05:30	0.66548	0.66569	0.66523	0.66545	477
2025.11.20	05:45	0.66541	0.66572	0.66523	0.6653	127
2025.11.20	06:00	0.66547	0.66561	0.66523	0.66543	381
2025.11.20	06:15	0.66565	0.66576	0.66554	0.66567	445
2025.11.20	06:30	0.66585	0.66606	0.66577	0.66587	249
2025.11.20	06:45	0.66623	0.66635	0.66618	0.66628	361
2025.11.20	07:00	0.66635	0.66654	0.66609	0.66636	499
2025.11.20	07:15	0.66635	0.66644	0.66612	0.66621	129
2025.11.20	07:30	0.66593	0.66611	0.66589	0.6661	102
2025.11.20	07:45	0.66592	0.66599	0.66553	0.66585	78
2025.11.20	08:00	0.66615	0.66628	0.66613	0.66618	285
2025.11.20	08:15	0.66621	0.66657	0.66607	0.6661	213
2025.11.20	08:30	0.66646	0.66665	0.6662	0.66635	442
2025.11.20	08:45	0.66652	0.66654	0.66651	0.66653	226
2025.11.20	09:00	0.66665	0.66681	0.66648	0.66665	139
2025.11.20	09:15	0.66644	0.6665	0.66624	0.66645	65
2025.11.20	09:30	0.66695	0.66707	0.6667	0.6669	383
2025.11.20	09:45	0.66671	0.66689	0.66659	0.66675	110
2025.11.20	10:00	0.66672	0.66686	0.66654	0.66667	385
2025.11.20	10:15	0.66659	0.66668	0.66644	0.66656	195
2025.11.20	10:30	0.66672	0.66716	0.66662	0.66678	307
2025.11.20	10:45	0.66667	0.66708	0.6665	0.66664	122
2025.11.20	11:00	0.66659	0.66668	0.66654	0.66661	293
2025.11.20	11:15	0.66661	0.66693	0.66644	0.66662	212
2025.11.20	11:30	0.66669	0.66692	0.66654	0.66679	189
2025.11.20	11:45	0.66675	0.66702	0.6667	0.66677	414
2025.11.20	12:00	0.66693	0.66701	0.66667	0.66688	80
2025.11.20	12:15	0.66729	0.66746	0.66722	0.66735	184
2025.11.20	12:30	0.6675	0.6677	0.66722	0.66753	236
2025.11.20	12:45	0.66778	0.66797	0.66759	0.66782	190
2025.11.20	13:00	0.66783	0.66789	0.66765	0.66788	136
2025.11.20	13:15	0.66791	0.66803	0.66772	0.66796	480
2025.11.20	13:30	0.66822	0.66833	0.66815	0.66819	283
2025.11.20	13:45	0.66836	0.66836	0.66822	0.66825	153
2025.11.20	14:00	0.66802	0.66823	0.66781	0.66808	195
2025.11.20	14:15	0.66829	0.66838	0.66817	0.66825	478
2025.11.20	14:30	0.66775	0.6678	0.6676	0.6677	128
2025.11.20	14:45	0.66771	0.66783	0.66749	0.66774	146
2025.11.20	15:00	0.66796	0.66819	0.66787	0.668	427
2025.11.20	15:15	0.66795	0.66819	0.66746	0.66788	287
2025.11.20	15:30	0.66786	0.66788	0.66779	0.66786	235
2025.11.20	15:45	0.66823	0.66842	0.66812	0.66835	340
2025.11.20	16:00	0.66802	0.66829	0.66776	0.66799	445
2025.11.20	16:15	0.66812	0.66823	0.66799	0.66812	280
2025.11.20	16:30	0.66787	0.66805	0.66776	0.66795	474
2025.11.20	16:45	0.66758	0.66778	0.66752	0.66758	219
2025.11.20	17:00	0.6676	0.66772	0.66739	0.66763	279
2025.11.20	17:15	0.66759	0.66776	0.66749	0.66756	162
2025.11.20	17:30	0.66744	0.66753	0.66712	0.66732	480
2025.11.20	17:45	0.66707	0.66711	0.66695	0.66708	385
2025.11.20	18:00	0.66715	0.66721	0.667	0.66706	260
2025.11.20	18:15	0.66717	0.66728	0.66707	0.6672	371
2025.11.20	18:30	0.66706	0.66742	0.66698	0.66699	226
2025.11.20	18:45	0.66693	0.66708	0.66689	0.66699	382
2025.11.20	19:00	0.66714	0.66727	0.66713	0.66722	383
2025.11.20	19:15	0.66719	0.6673	0.66711	0.66728	117
2025.11.20	19:30	0.6672	0.66743	0.66701	0.66727	428
2025.11.20	19:45	0.66719	0.66721	0.66704	0.66715	188
2025.11.20	20:00	0.66742	0.66767	0.66731	0.66742	209
2025.11.20	20:15	0.66748	0.66759	0.66738	0.66742	260
2025.11.20	20:30	0.66737	0.66771	0.66725	0.66746	434
2025.11.20	20:45	0.66759	0.66779	0.66724	0.66761	271
2025.11.20	21:00	0.66782	0.66794	0.66767	0.66777	382
2025.11.20	21:15	0.66749	0.6676	0.66729	0.66754	398
2025.11.20	21:30	0.66772	0.66792	0.66765	0.66776	457
2025.11.20	21:45	0.66762	0.66793	0.66737	0.66754	114
2025.11.20	22:00	0.66756	0.66767	0.66738	0.66745	270
2025.11.20	22:15	0.66748	0.66771	0.66729	0.66751	151
2025.11.20	22:30	0.66705	0.66711	0.667	0.66702	259
2025.11.20	22:45	0.66649	0.66683	0.66629	0.66641	128
2025.11.20	23:00	0.66644	0.66676	0.66633	0.66651	491
2025.11.20	23:15	0.66673	0.6668	0.6667	0.66672	292
2025.11.20	23:30	0.66659	0.6666	0.66626	0.66658	399
2025.11.20	23:45	0.66677	0.66698	0.66661	0.66675	428
2025.11.21	00:00	0.66685	0.66688	0.66662	0.66677	380
2025.11.21	00:15	0.66675	0.66689	0.66654	0.66669	283
2025.11.21	00:30	0.66665	0.66687	0.66662	0.66667	464
2025.11.21	00:45	0.66683	0.66699	0.6667	0.6668	452
2025.11.21	01:00	0.66661	0.66662	0.6665	0.66661	71
2025.11.21	01:15	0.66661	0.66669	0.66643	0.66666	202
2025.11.21	01:30	0.66653	0.66676	0.66623	0.66647	474
2025.11.21	01:45	0.66657	0.66672	0.66654	0.66655	425
2025.11.21	02:00	0.66689	0.66696	0.66688	0.6669	460
2025.11.21	02:15	0.66697	0.66709	0.66679	0.66696	378
2025.11.21	02:30	0.66687	0.66694	0.66667	0.66683	265
2025.11.21	02:45	0.66698	0.66708	0.66694	0.66696	76
2025.11.21	03:00	0.66696	0.6672	0.66687	0.66701	90
2025.11.21	03:15	0.66677	0.66682	0.66654	0.66682	333
2025.11.21	03:30	0.66696	0.667	0.66676	0.66688	73
2025.11.21	03:45	0.66681	0.667	0.66656	0.66687	453
2025.11.21	04:00	0.66677	0.66687	0.66673	0.6668	369
2025.11.21	04:15	0.66674	0.6669	0.66661	0.66684	406
2025.11.21	04:30	0.66673	0.66676	0.66657	0.66668	381
2025.11.21	04:45	0.66648	0.66661	0.66633	0.66638	148
2025.11.21	05:00	0.66641	0.6667	0.66636	0.66654	96
2025.11.21	05:15	0.66684	0.66701	0.66675	0.66691	332
2025.11.21	05:30	0.66661	0.66666	0.6666	0.66662	142
2025.11.21	05:45	0.66655	0.66664	0.66653	0.66659	156
2025.11.21	06:00	0.66664	0.66675	0.66644	0.66665	230
2025.11.21	06:15	0.66664	0.66686	0.66639	0.66658	418
2025.11.21	06:30	0.66646	0.66657	0.66645	0.66651	275
2025.11.21	06:45	0.66644	0.66656	0.66634	0.66642	155
2025.11.21	07:00	0.66673	0.66679	0.66666	0.66676	322
2025.11.21	07:15	0.66671	0.66684	0.66657	0.66661	367
2025.11.21	07:30	0.66658	0.66665	0.66656	0.66658	237
2025.11.21	07:45	0.6664	0.66652	0.6664	0.66643	145
2025.11.21	08:00	0.66638	0.66651	0.66626	0.66643	364
2025.11.21	08:15	0.66626	0.66637	0.66622	0.66625	369
2025.11.21	08:30	0.66598	0.66618	0.66587	0.66602	283
2025.11.21	08:45	0.66619	0.66628	0.66618	0.6662	126
2025.11.21	09:00	0.66597	0.66608	0.66592	0.66599	261
2025.11.21	09:15	0.666	0.66615	0.66589	0.66599	451
2025.11.21	09:30	0.66582	0.6661	0.66576	0.66589	142
2025.11.21	09:45	0.66605	0.6661	0.66603	0.66606	492
2025.11.21	10:00	0.66604	0.66621	0.666	0.66609	325
2025.11.21	10:15	0.66619	0.66638	0.66609	0.66622	411
2025.11.21	10:30	0.66612	0.66621	0.66599	0.66615	69
2025.11.21	10:45	0.66618	0.66645	0.66614	0.66614	394
2025.11.21	11:00	0.66603	0.66605	0.66592	0.66596	304
2025.11.21	11:15	0.6661	0.66613	0.66587	0.66612	335
2025.11.21	11:30	0.66587	0.66588	0.66582	0.66586	112
2025.11.21	11:45	0.66562	0.66575	0.66539	0.66561	225
2025.11.21	12:00	0.6654	0.66544	0.66522	0.66536	101
2025.11.21	12:15	0.66531	0.66545	0.66527	0.66541	239
2025.11.21	12:30	0.6655	0.66564	0.66545	0.6655	431
2025.11.21	12:45	0.6653	0.66538	0.66528	0.66535	277
2025.11.21	13:00	0.6656	0.66573	0.66549	0.66554	469
2025.11.21	13:15	0.66537	0.66544	0.66514	0.66539	232
2025.11.21	13:30	0.66552	0.66568	0.66547	0.66557	104
2025.11.21	13:45	0.66539	0.6655	0.66499	0.66529	113
2025.11.21	14:00	0.66534	0.66547	0.66528	0.66544	51
2025.11.21	14:15	0.66535	0.66547	0.66519	0.66534	189
2025.11.21	14:30	0.66506	0.66525	0.66492	0.66506	82
2025.11.21	14:45	0.66461	0.66469	0.66444	0.66457	195
2025.11.21	15:00	0.66462	0.6647	0.66445	0.66452	356
2025.11.21	15:15	0.66425	0.66436	0.66407	0.66426	209
2025.11.21	15:30	0.66422	0.66423	0.66406	0.66415	145
2025.11.21	15:45	0.66437	0.66471	0.66419	0.6643	429
2025.11.21	16:00	0.66444	0.66462	0.66425	0.66447	397
2025.11.21	16:15	0.66469	0.66484	0.66466	0.66468	286
2025.11.21	16:30	0.66504	0.66514	0.66496	0.66501	410
2025.11.21	16:45	0.66499	0.66535	0.6647	0.66498	167
2025.11.21	17:00	0.66504	0.66535	0.66459	0.66512	112
2025.11.21	17:15	0.66531	0.66551	0.66515	0.66538	325
2025.11.21	17:30	0.66538	0.66544	0.6653	0.66541	334
2025.11.21	17:45	0.66536	0.66541	0.66524	0.66539	329
2025.11.21	18:00	0.66551	0.66557	0.66523	0.66548	402
2025.11.21	18:15	0.66537	0.66542	0.66521	0.66533	499
2025.11.21	18:30	0.66551	0.66566	0.66545	0.66557	476
2025.11.21	18:45	0.66562	0.66569	0.66552	0.66556	53
2025.11.21	19:00	0.66557	0.66569	0.66543	0.66556	277
2025.11.21	19:15	0.66557	0.66586	0.66555	0.66564	73
2025.11.21	19:30	0.66539	0.6656	0.66511	0.66539	78
2025.11.21	19:45	0.66553	0.66557	0.66536	0.66544	375
2025.11.21	20:00	0.66542	0.66543	0.66529	0.6654	114
2025.11.21	20:15	0.66547	0.66574	0.66542	0.66556	329
2025.11.21	20:30	0.6654	0.66549	0.66523	0.6654	78
2025.11.21	20:45	0.66487	0.66496	0.6647	0.66489	279
2025.11.21	21:00	0.66495	0.66529	0.66492	0.66493	129
2025.11.21	21:15	0.66497	0.66501	0.66492	0.66499	403
2025.11.21	21:30	0.66492	0.66502	0.66455	0.66495	386
2025.11.21	21:45	0.66508	0.66508	0.66474	0.66504	294
2025.11.21	22:00	0.66492	0.66524	0.66492	0.66496	172
2025.11.21	22:15	0.66518	0.66538	0.66486	0.66512	299
2025.11.21	22:30	0.6652	0.66552	0.66503	0.66529	410
2025.11.21	22:45	0.66524	0.66528	0.66519	0.66523	196
2025.11.21	23:00	0.66492	0.66499	0.6648	0.66496	450
2025.11.21	23:15	0.66496	0.66514	0.66479	0.665	447
2025.11.21	23:30	0.66514	0.66519	0.66499	0.66503	171
2025.11.21	23:45	0.66505	0.66528	0.665	0.66503	359
2025.11.24	00:00	0.66496	0.66504	0.66485	0.66494	406
2025.11.24	00:15	0.66477	0.66493	0.6646	0.66471	475
2025.11.24	00:30	0.66509	0.66543	0.6649	0.6651	447
2025.11.24	00:45	0.66491	0.66515	0.6648	0.6649	366
2025.11.24	01:00	0.66472	0.66478	0.66456	0.66466	202
2025.11.24	01:15	0.66453	0.66469	0.66443	0.66445	496
2025.11.24	01:30	0.66417	0.66449	0.6639	0.66421	239
2025.11.24	01:45	0.66395	0.66402	0.66377	0.66392	250
2025.11.24	02:00	0.66394	0.66414	0.66381	0.66386	65
2025.11.24	02:15	0.6636	0.66373	0.66359	0.66361	444
2025.11.24	02:30	0.66381	0.66382	0.6636	0.66379	55
2025.11.24	02:45	0.66405	0.66433	0.66376	0.66414	85
2025.11.24	03:00	0.66451	0.66468	0.66444	0.6645	419
2025.11.24	03:15	0.66474	0.66491	0.66473	0.6648	164
2025.11.24	03:30	0.66489	0.66495	0.66467	0.66487	214
2025.11.24	03:45	0.6646	0.66471	0.66442	0.66456	176
2025.11.24	04:00	0.6644	0.6649	0.66439	0.66448	324
2025.11.24	04:15	0.66448	0.66455	0.66438	0.66444	243
2025.11.24	04:30	0.66467	0.66472	0.66446	0.66471	420
2025.11.24	04:45	0.66451	0.66467	0.66426	0.6646	431
2025.11.24	05:00	0.66438	0.66461	0.6643	0.66447	382
2025.11.24	05:15	0.66461	0.6648	0.66459	0.66461	152
2025.11.24	05:30	0.66467	0.66492	0.66434	0.66466	383
2025.11.24	05:45	0.66503	0.66503	0.66483	0.66502	148
2025.11.24	06:00	0.66484	0.66506	0.66463	0.66487	151
2025.11.24	06:15	0.66471	0.66474	0.66465	0.66466	130
2025.11.24	06:30	0.66473	0.66503	0.66472	0.66476	453
2025.11.24	06:45	0.66455	0.66477	0.66434	0.66452	382
2025.11.24	07:00	0.66481	0.66483	0.66469	0.66474	100
2025.11.24	07:15	0.6645	0.66458	0.66421	0.66451	217
2025.11.24	07:30	0.6644	0.66485	0.66423	0.66455	294
2025.11.24	07:45	0.6643	0.66456	0.66416	0.66437	271
2025.11.24	08:00	0.66436	0.6644	0.66428	0.66432	66
2025.11.24	08:15	0.66439	0.66459	0.66423	0.66447	423
2025.11.24	08:30	0.66458	0.66482	0.66448	0.66459	213
2025.11.24	08:45	0.66449	0.66486	0.66417	0.66452	189
2025.11.24	09:00	0.66438	0.66439	0.66435	0.66437	382
2025.11.24	09:15	0.66429	0.66444	0.66414	0.66431	132
2025.11.24	09:30	0.66411	0.66437	0.66396	0.66406	346
2025.11.24	09:45	0.66386	0.66392	0.66371	0.66377	95
2025.11.24	10:00	0.66378	0.66405	0.66352	0.66381	409
2025.11.24	10:15	0.66371	0.66399	0.66365	0.66373	81
2025.11.24	10:30	0.66381	0.66394	0.66365	0.66375	299
2025.11.24	10:45	0.66371	0.66379	0.66356	0.66377	361
2025.11.24	11:00	0.66359	0.6636	0.66345	0.66355	268
2025.11.24	11:15	0.66354	0.66375	0.66346	0.66364	81
2025.11.24	11:30	0.66353	0.66382	0.66339	0.66351	488
2025.11.24	11:45	0.66341	0.66356	0.66329	0.66338	439
2025.11.24	12:00	0.6632	0.66331	0.66301	0.66324	226
2025.11.24	12:15	0.66343	0.66364	0.66335	0.66352	167
2025.11.24	12:30	0.66339	0.66343	0.66327	0.66332	476
2025.11.24	12:45	0.66328	0.66363	0.66323	0.66325	292
2025.11.24	13:00	0.6632	0.66324	0.66311	0.66316	161
2025.11.24	13:15	0.66297	0.66312	0.66292	0.66294	80
2025.11.24	13:30	0.66291	0.663	0.6629	0.66295	463
2025.11.24	13:45	0.66294	0.66306	0.66273	0.66288	439
2025.11.24	14:00	0.66301	0.66311	0.66292	0.66298	260
2025.11.24	14:15	0.66298	0.66319	0.6626	0.66297	57
2025.11.24	14:30	0.66283	0.66299	0.66257	0.6628	119
2025.11.24	14:45	0.66268	0.66273	0.66256	0.66267	453
2025.11.24	15:00	0.66255	0.66279	0.66247	0.66261	412
2025.11.24	15:15	0.6629	0.66326	0.66276	0.66297	265
2025.11.24	15:30	0.66256	0.66262	0.66241	0.6625	405
2025.11.24	15:45	0.66247	0.6627	0.66232	0.66249	231
2025.11.24	16:00	0.6627	0.6628	0.66236	0.66265	296
2025.11.24	16:15	0.66252	0.66273	0.66227	0.66247	107
2025.11.24	16:30	0.66203	0.66206	0.66197	0.66206	230
2025.11.24	16:45	0.66204	0.66206	0.66182	0.66197	270
2025.11.24	17:00	0.66179	0.66186	0.66174	0.66184	498
2025.11.24	17:15	0.66135	0.66148	0.66108	0.66134	140
2025.11.24	17:30	0.66146	0.66167	0.66144	0.6615	82
2025.11.24	17:45	0.66156	0.6617	0.66144	0.6616	395
2025.11.24	18:00	0.66145	0.66146	0.66112	0.66142	209
2025.11.24	18:15	0.66162	0.66183	0.66134	0.66158	79
2025.11.24	18:30	0.66184	0.66185	0.66171	0.66185	65
2025.11.24	18:45	0.66192	0.66211	0.66158	0.66208	249
2025.11.24	19:00	0.66228	0.66245	0.66208	0.66234	460
2025.11.24	19:15	0.66244	0.66261	0.6624	0.66252	338
2025.11.24	19:30	0.6624	0.66248	0.66236	0.66244	213
2025.11.24	19:45	0.66244	0.66254	0.66231	0.66244	380
2025.11.24	20:00	0.66258	0.66294	0.66242	0.66247	402
2025.11.24	20:15	0.66222	0.66232	0.66212	0.66222	491
2025.11.24	20:30	0.66208	0.66226	0.66195	0.66208	442
2025.11.24	20:45	0.6625	0.66257	0.66239	0.66244	491
2025.11.24	21:00	0.66242	0.66274	0.66238	0.66243	390
2025.11.24	21:15	0.6624	0.66267	0.66238	0.66247	347
2025.11.24	21:30	0.66271	0.66277	0.66267	0.66269	388
2025.11.24	21:45	0.66257	0.66264	0.66232	0.66252	232
2025.11.24	22:00	0.6631	0.66316	0.66293	0.66313	66
2025.11.24	22:15	0.66284	0.66295	0.66273	0.66284	308
2025.11.24	22:30	0.66309	0.6632	0.66309	0.6631	249
2025.11.24	22:45	0.66324	0.66338	0.6632	0.66333	481
2025.11.24	23:00	0.66337	0.66342	0.6631	0.66341	70
2025.11.24	23:15	0.66321	0.66324	0.66308	0.66315	410
2025.11.24	23:30	0.66339	0.66343	0.66323	0.66335	213
2025.11.24	23:45	0.66333	0.6635	0.66328	0.66331	325
2025.11.25	00:00	0.66339	0.66351	0.66338	0.66347	378
2025.11.25	00:15	0.66344	0.66373	0.66328	0.66331	291
2025.11.25	00:30	0.6633	0.66354	0.6632	0.66334	84
2025.11.25	00:45	0.6637	0.66382	0.66368	0.66372	350
2025.11.25	01:00	0.6638	0.66411	0.66363	0.66392	253
2025.11.25	01:15	0.66391	0.66423	0.66382	0.66382	396
2025.11.25	01:30	0.66372	0.66406	0.66324	0.66372	315
2025.11.25	01:45	0.66385	0.66391	0.66382	0.66383	394
2025.11.25	02:00	0.66395	0.66424	0.66373	0.66404	266
2025.11.25	02:15	0.66395	0.66401	0.66389	0.66394	174
2025.11.25	02:30	0.66394	0.66399	0.66381	0.66399	328
2025.11.25	02:45	0.66381	0.66402	0.6636	0.66373	195
2025.11.25	03:00	0.66397	0.66411	0.66386	0.66396	237
2025.11.25	03:15	0.66424	0.66432	0.66392	0.66429	335
2025.11.25	03:30	0.66439	0.66461	0.66426	0.66445	198
2025.11.25	03:45	0.66426	0.66438	0.66425	0.66431	357
2025.11.25	04:00	0.66435	0.66436	0.66399	0.66434	327
2025.11.25	04:15	0.66391	0.66402	0.66387	0.66396	331
2025.11.25	04:30	0.66364	0.66405	0.66363	0.66367	277
2025.11.25	04:45	0.66372	0.66378	0.66346	0.6636	420
2025.11.25	05:00	0.66338	0.66356	0.66322	0.66346	276
2025.11.25	05:15	0.6633	0.6634	0.6633	0.66335	218
2025.11.25	05:30	0.66389	0.66415	0.66379	0.66388	299
2025.11.25	05:45	0.6641	0.66418	0.66409	0.66416	88
2025.11.25	06:00	0.66426	0.66448	0.66414	0.66438	277
2025.11.25	06:15	0.66411	0.66444	0.66402	0.66405	110
2025.11.25	06:30	0.66409	0.66422	0.66384	0.66404	374
2025.11.25	06:45	0.66412	0.66429	0.66402	0.66419	219
2025.11.25	07:00	0.66435	0.66463	0.66413	0.66429	218
2025.11.25	07:15	0.66419	0.66426	0.6641	0.66416	316
2025.11.25	07:30	0.66389	0.664	0.66362	0.66392	314
2025.11.25	07:45	0.66378	0.66384	0.66372	0.66374	263
2025.11.25	08:00	0.66391	0.66409	0.66377	0.66389	397
2025.11.25	08:15	0.66385	0.66398	0.66357	0.66384	288
2025.11.25	08:30	0.66351	0.66368	0.66327	0.66343	192
2025.11.25	08:45	0.66312	0.66325	0.66298	0.66311	329
2025.11.25	09:00	0.6632	0.66347	0.66306	0.66309	444
2025.11.25	09:15	0.66299	0.66309	0.66295	0.66302	62
2025.11.25	09:30	0.66308	0.66321	0.663	0.66311	461
2025.11.25	09:45	0.66295	0.66316	0.66271	0.6629	360
2025.11.25	10:00	0.66314	0.66316	0.66289	0.66311	177
2025.11.25	10:15	0.66307	0.66319	0.66294	0.66312	268
2025.11.25	10:30	0.66272	0.66297	0.66242	0.66272	65
2025.11.25	10:45	0.66296	0.66302	0.66282	0.66289	286
2025.11.25	11:00	0.66288	0.66299	0.66267	0.66283	414
2025.11.25	11:15	0.66321	0.66364	0.66319	0.66337	271
2025.11.25	11:30	0.66302	0.66309	0.66285	0.66297	143
2025.11.25	11:45	0.6631	0.66324	0.663	0.66307	261
2025.11.25	12:00	0.66304	0.66317	0.66296	0.66301	487
2025.11.25	12:15	0.66286	0.66309	0.66281	0.66285	76
2025.11.25	12:30	0.66275	0.66282	0.66242	0.66268	414
2025.11.25	12:45	0.6625	0.66275	0.66248	0.66252	303
2025.11.25	13:00	0.66262	0.66275	0.66244	0.66257	116
2025.11.25	13:15	0.66232	0.66253	0.66231	0.66239	363
2025.11.25	13:30	0.66235	0.66248	0.66222	0.66242	397
2025.11.25	13:45	0.66196	0.66215	0.66186	0.66191	492
2025.11.25	14:00	0.662	0.66211	0.6617	0.66194	411
2025.11.25	14:15	0.66172	0.66197	0.66161	0.66176	379
2025.11.25	14:30	0.66212	0.66227	0.66198	0.66216	293
2025.11.25	14:45	0.66251	0.66255	0.6623	0.66249	327
2025.11.25	15:00	0.66213	0.66216	0.66202	0.66206	368
2025.11.25	15:15	0.662	0.6622	0.66187	0.66195	428
2025.11.25	15:30	0.66152	0.66162	0.66145	0.66149	391
2025.11.25	15:45	0.66161	0.66166	0.66132	0.66145	413
2025.11.25	16:00	0.66138	0.6614	0.66124	0.66128	176
2025.11.25	16:15	0.66156	0.66192	0.6615	0.66167	243
2025.11.25	16:30	0.66173	0.66182	0.66166	0.66172	352
2025.11.25	16:45	0.66152	0.66155	0.66136	0.66147	302
2025.11.25	17:00	0.66162	0.66175	0.66137	0.66164	246
2025.11.25	17:15	0.66189	0.662	0.66188	0.66193	345
2025.11.25	17:30	0.66188	0.66193	0.66173	0.66192	312
2025.11.25	17:45	0.66185	0.66214	0.66177	0.66189	324
2025.11.25	18:00	0.66213	0.66214	0.662	0.66212	272
2025.11.25	18:15	0.66242	0.66247	0.66213	0.66239	74
2025.11.25	18:30	0.6622	0.66223	0.66197	0.6622	360
2025.11.25	18:45	0.66209	0.6623	0.66206	0.66212	258
2025.11.25	19:00	0.66222	0.66234	0.66213	0.66215	97
2025.11.25	19:15	0.66235	0.66244	0.66206	0.66228	180
2025.11.25	19:30	0.66242	0.66263	0.66234	0.66251	303
2025.11.25	19:45	0.66227	0.66251	0.66217	0.6624	312
2025.11.25	20:00	0.66264	0.66282	0.66258	0.66261	310
2025.11.25	20:15	0.66261	0.66267	0.66261	0.66264	144
2025.11.25	20:30	0.66267	0.66275	0.66265	0.6627	444
2025.11.25	20:45	0.66286	0.66331	0.66277	0.66298	272
2025.11.25	21:00	0.66331	0.66345	0.66316	0.66333	71
2025.11.25	21:15	0.66354	0.66373	0.66319	0.66358	375
2025.11.25	21:30	0.66346	0.6635	0.66343	0.66347	380
2025.11.25	21:45	0.66326	0.66349	0.66325	0.66329	213
2025.11.25	22:00	0.66297	0.663	0.66292	0.66293	72
2025.11.25	22:15	0.66307	0.66316	0.66298	0.66305	496
2025.11.25	22:30	0.66318	0.66334	0.663	0.66323	395
2025.11.25	22:45	0.66299	0.66315	0.66285	0.66294	77
2025.11.25	23:00	0.66281	0.66287	0.66268	0.66282	421
2025.11.25	23:15	0.66266	0.66271	0.66264	0.66268	322
2025.11.25	23:30	0.66265	0.66276	0.66254	0.66264	489
2025.11.25	23:45	0.66252	0.66262	0.66227	0.66251	131
2025.11.26	00:00	0.66253	0.66263	0.66247	0.6626	433
2025.11.26	00:15	0.66249	0.66276	0.66228	0.66257	270
2025.11.26	00:30	0.66243	0.66267	0.6624	0.66242	414
2025.11.26	00:45	0.66228	0.66233	0.66223	0.66223	204
2025.11.26	01:00	0.66221	0.66247	0.66207	0.66233	286
2025.11.26	01:15	0.66236	0.66244	0.66233	0.66239	421
2025.11.26	01:30	0.66244	0.66247	0.66224	0.66243	287
2025.11.26	01:45	0.66205	0.66224	0.66184	0.66213	326
2025.11.26	02:00	0.66224	0.66234	0.66219	0.66228	247
2025.11.26	02:15	0.66241	0.66276	0.66229	0.66249	320
2025.11.26	02:30	0.66218	0.6623	0.66204	0.66214	108
2025.11.26	02:45	0.66239	0.6624	0.66222	0.66232	257
2025.11.26	03:00	0.66228	0.66248	0.66225	0.6623	120
2025.11.26	03:15	0.66248	0.66255	0.66241	0.66243	350
2025.11.26	03:30	0.66231	0.66243	0.66218	0.66236	383
2025.11.26	03:45	0.66233	0.66248	0.66229	0.66237	220
2025.11.26	04:00	0.66271	0.66278	0.66264	0.66274	341
2025.11.26	04:15	0.66267	0.66276	0.6625	0.66271	490
2025.11.26	04:30	0.66286	0.66304	0.66267	0.66285	274
2025.11.26	04:45	0.66272	0.66287	0.66268	0.66276	293
2025.11.26	05:00	0.66253	0.66263	0.66225	0.66251	327
2025.11.26	05:15	0.66262	0.66267	0.66252	0.66267	274
2025.11.26	05:30	0.6628	0.66307	0.66263	0.66288	139
2025.11.26	05:45	0.66275	0.66295	0.66241	0.66286	280
2025.11.26	06:00	0.66282	0.66304	0.66269	0.66281	106
2025.11.26	06:15	0.66279	0.66302	0.66246	0.66272	257
2025.11.26	06:30	0.66297	0.66322	0.66277	0.66296	396
2025.11.26	06:45	0.66297	0.66299	0.66279	0.66296	245
2025.11.26	07:00	0.66264	0.66268	0.66236	0.66268	394
2025.11.26	07:15	0.66278	0.66283	0.66247	0.66275	306
2025.11.26	07:30	0.66298	0.66304	0.66281	0.66292	447
2025.11.26	07:45	0.66302	0.66316	0.66278	0.66305	426
2025.11.26	08:00	0.66306	0.6632	0.66306	0.66312	222
2025.11.26	08:15	0.66334	0.6635	0.66318	0.66322	415
2025.11.26	08:30	0.663	0.66313	0.66288	0.66307	163
2025.11.26	08:45	0.66334	0.66351	0.66324	0.66333	314
2025.11.26	09:00	0.66309	0.6632	0.66275	0.66298	471
2025.11.26	09:15	0.66303	0.66312	0.66295	0.66303	267
2025.11.26	09:30	0.66309	0.66325	0.66308	0.66308	68
2025.11.26	09:45	0.66316	0.6633	0.66292	0.66322	407
2025.11.26	10:00	0.66312	0.66316	0.663	0.66312	68
2025.11.26	10:15	0.66267	0.66285	0.66259	0.66265	93
2025.11.26	10:30	0.66258	0.66262	0.66257	0.66257	457
2025.11.26	10:45	0.66269	0.66294	0.66263	0.66266	371
2025.11.26	11:00	0.66255	0.66267	0.66237	0.66252	415
2025.11.26	11:15	0.66264	0.6628	0.6624	0.66261	77
2025.11.26	11:30	0.66244	0.66278	0.6622	0.6625	385
2025.11.26	11:45	0.66239	0.66257	0.66232	0.66236	214
2025.11.26	12:00	0.66262	0.66273	0.66255	0.66256	371
2025.11.26	12:15	0.66219	0.66238	0.66204	0.66218	262
2025.11.26	12:30	0.66197	0.6621	0.66189	0.662	218
2025.11.26	12:45	0.66199	0.66225	0.66192	0.66198	245
2025.11.26	13:00	0.66224	0.66243	0.66215	0.66224	217
2025.11.26	13:15	0.66173	0.66186	0.66146	0.66178	184
2025.11.26	13:30	0.66177	0.66187	0.6617	0.66186	95
2025.11.26	13:45	0.66161	0.66179	0.6615	0.6616	432
2025.11.26	14:00	0.66151	0.6616	0.66142	0.66142	162
2025.11.26	14:15	0.66136	0.66154	0.66134	0.66135	417
2025.11.26	14:30	0.66106	0.66116	0.66083	0.661	309
2025.11.26	14:45	0.66109	0.66143	0.66093	0.66102	228
2025.11.26	15:00	0.66113	0.66115	0.66105	0.66109	65
2025.11.26	15:15	0.6608	0.66103	0.66077	0.66084	477
2025.11.26	15:30	0.6608	0.6612	0.66075	0.66076	485
2025.11.26	15:45	0.66073	0.66075	0.66064	0.66066	454
2025.11.26	16:00	0.66078	0.66085	0.66065	0.6607	236
2025.11.26	16:15	0.6608	0.66086	0.66058	0.6608	488
2025.11.26	16:30	0.66145	0.66177	0.66139	0.66159	271
2025.11.26	16:45	0.66144	0.66165	0.66129	0.66145	223
2025.11.26	17:00	0.66162	0.66166	0.66152	0.66163	315
2025.11.26	17:15	0.66153	0.6617	0.66146	0.66156	294
2025.11.26	17:30	0.6611	0.66126	0.66096	0.66122	178
2025.11.26	17:45	0.6614	0.66142	0.66106	0.6614	405
2025.11.26	18:00	0.66137	0.66171	0.66129	0.66133	348
2025.11.26	18:15	0.66117	0.66132	0.661	0.66113	427
2025.11.26	18:30	0.66127	0.66141	0.66115	0.66124	353
2025.11.26	18:45	0.66109	0.66111	0.66091	0.66109	337
2025.11.26	19:00	0.66129	0.66132	0.66128	0.6613	292
2025.11.26	19:15	0.66135	0.66138	0.66125	0.66132	452
2025.11.26	19:30	0.66159	0.66173	0.66156	0.66165	357
2025.11.26	19:45	0.66168	0.66177	0.66154	0.66163	160
2025.11.26	20:00	0.66159	0.66165	0.66158	0.6616	377
2025.11.26	20:15	0.66182	0.662	0.66171	0.66178	83
2025.11.26	20:30	0.66214	0.66219	0.66208	0.6621	147
2025.11.26	20:45	0.66235	0.66249	0.66234	0.66237	301
2025.11.26	21:00	0.66217	0.66225	0.66177	0.66215	269
2025.11.26	21:15	0.66209	0.66237	0.66198	0.66217	482
2025.11.26	21:30	0.66211	0.66211	0.66198	0.66205	167
2025.11.26	21:45	0.66213	0.66226	0.66201	0.66211	176
2025.11.26	22:00	0.66215	0.66225	0.66201	0.66214	464
2025.11.26	22:15	0.66202	0.66204	0.66159	0.66194	90
2025.11.26	22:30	0.6617	0.66177	0.66149	0.66159	183
2025.11.26	22:45	0.6615	0.66174	0.66133	0.66146	240
2025.11.26	23:00	0.66156	0.66175	0.66143	0.66167	284
2025.11.26	23:15	0.6615	0.66157	0.66129	0.66151	223
2025.11.26	23:30	0.66169	0.66172	0.66153	0.66171	381
2025.11.26	23:45	0.66176	0.66201	0.6616	0.66172	451
2025.11.27	00:00	0.66146	0.66152	0.66144	0.66147	425
2025.11.27	00:15	0.66173	0.66187	0.6616	0.66173	253
2025.11.27	00:30	0.66162	0.66173	0.6616	0.66163	476
2025.11.27	00:45	0.66177	0.66184	0.66157	0.66175	390
2025.11.27	01:00	0.66199	0.66245	0.66196	0.66206	193
2025.11.27	01:15	0.66205	0.66225	0.66203	0.66208	129
2025.11.27	01:30	0.662	0.66215	0.66179	0.66203	235
2025.11.27	01:45	0.66215	0.66244	0.66206	0.66222	362
2025.11.27	02:00	0.66208	0.6623	0.66201	0.6621	462
2025.11.27	02:15	0.66242	0.66249	0.6624	0.66241	331
2025.11.27	02:30	0.66264	0.66272	0.66239	0.66263	309
2025.11.27	02:45	0.66244	0.66245	0.66232	0.66243	127
2025.11.27	03:00	0.66224	0.6624	0.66215	0.66227	427
2025.11.27	03:15	0.66222	0.66236	0.66217	0.66219	455
2025.11.27	03:30	0.66203	0.66208	0.66189	0.66202	452
2025.11.27	03:45	0.66228	0.66233	0.66199	0.66221	119
2025.11.27	04:00	0.66227	0.66239	0.66224	0.66225	202
2025.11.27	04:15	0.66242	0.6625	0.66229	0.66236	394
2025.11.27	04:30	0.66247	0.66252	0.66241	0.66249	347
2025.11.27	04:45	0.66276	0.66304	0.66267	0.66291	133
2025.11.27	05:00	0.66286	0.66304	0.66265	0.66284	469
2025.11.27	05:15	0.66271	0.66291	0.66267	0.66275	497
2025.11.27	05:30	0.66307	0.66331	0.6628	0.66296	328
2025.11.27	05:45	0.66327	0.66343	0.66311	0.66338	449
2025.11.27	06:00	0.66357	0.66361	0.66349	0.66353	53
2025.11.27	06:15	0.66333	0.66361	0.6631	0.66334	113
2025.11.27	06:30	0.66333	0.66346	0.66317	0.66324	148
2025.11.27	06:45	0.66317	0.6633	0.66307	0.66318	377
2025.11.27	07:00	0.66296	0.66302	0.66279	0.66289	291
2025.11.27	07:15	0.66301	0.66307	0.66291	0.66303	425
2025.11.27	07:30	0.66287	0.66292	0.66284	0.66288	230
2025.11.27	07:45	0.66293	0.66299	0.66274	0.66292	150
2025.11.27	08:00	0.66255	0.6628	0.66227	0.66262	74
2025.11.27	08:15	0.66287	0.66321	0.66263	0.66283	323
2025.11.27	08:30	0.6626	0.66282	0.66251	0.66268	451
2025.11.27	08:45	0.66263	0.66279	0.66256	0.66265	370
2025.11.27	09:00	0.66279	0.66285	0.66258	0.6627	421
2025.11.27	09:15	0.66257	0.66285	0.6623	0.66262	203
2025.11.27	09:30	0.66277	0.6628	0.66265	0.66269	127
2025.11.27	09:45	0.66317	0.66326	0.66309	0.66325	466
2025.11.27	10:00	0.66286	0.66308	0.66256	0.66291	339
2025.11.27	10:15	0.66277	0.66283	0.66255	0.66281	401
2025.11.27	10:30	0.66275	0.66289	0.66243	0.66273	337
2025.11.27	10:45	0.66267	0.66271	0.66248	0.66261	374
2025.11.27	11:00	0.66264	0.66284	0.66243	0.66268	338
2025.11.27	11:15	0.66301	0.66309	0.66285	0.66301	246
2025.11.27	11:30	0.6629	0.66292	0.66259	0.66285	439
2025.11.27	11:45	0.66267	0.66278	0.66261	0.66266	275
2025.11.27	12:00	0.66237	0.66248	0.66221	0.66231	130
2025.11.27	12:15	0.66219	0.66234	0.66219	0.66222	400
2025.11.27	12:30	0.66229	0.66241	0.66225	0.66236	330
2025.11.27	12:45	0.6622	0.66227	0.66197	0.66222	306
2025.11.27	13:00	0.66219	0.66226	0.66194	0.66221	279
2025.11.27	13:15	0.66221	0.66232	0.6622	0.6622	339
2025.11.27	13:30	0.66206	0.66219	0.66203	0.66206	468
2025.11.27	13:45	0.66168	0.66185	0.66157	0.66179	449
2025.11.27	14:00	0.66147	0.66161	0.66139	0.66141	275
2025.11.27	14:15	0.66174	0.66179	0.6616	0.66179	346
2025.11.27	14:30	0.66173	0.66206	0.66163	0.66171	232
2025.11.27	14:45	0.66196	0.66224	0.66182	0.662	77
2025.11.27	15:00	0.6619	0.66193	0.66179	0.66188	225
2025.11.27	15:15	0.66151	0.66153	0.66149	0.66152	138
2025.11.27	15:30	0.66159	0.6618	0.66146	0.66158	405
2025.11.27	15:45	0.66171	0.66194	0.66164	0.66173	164
2025.11.27	16:00	0.6618	0.66201	0.66155	0.66178	165
2025.11.27	16:15	0.66225	0.66239	0.662	0.66232	391
2025.11.27	16:30	0.66215	0.66227	0.66204	0.66221	72
2025.11.27	16:45	0.66223	0.6626	0.66212	0.6622	392
2025.11.27	17:00	0.66222	0.6624	0.66204	0.66231	316
2025.11.27	17:15	0.66209	0.6621	0.66209	0.66209	91
2025.11.27	17:30	0.66254	0.66305	0.66247	0.66259	372
2025.11.27	17:45	0.66253	0.66262	0.66211	0.66246	431
2025.11.27	18:00	0.66225	0.6626	0.66218	0.66234	126
2025.11.27	18:15	0.66213	0.66256	0.66206	0.66211	463
2025.11.27	18:30	0.66213	0.66227	0.6621	0.66215	152
2025.11.27	18:45	0.6623	0.66232	0.6623	0.66231	64
2025.11.27	19:00	0.66262	0.66289	0.66252	0.66277	194
2025.11.27	19:15	0.66271	0.66283	0.66259	0.66263	195
2025.11.27	19:30	0.66276	0.66295	0.66267	0.66289	140
2025.11.27	19:45	0.66301	0.66327	0.66299	0.66306	53
2025.11.27	20:00	0.66328	0.66339	0.66326	0.66327	476
2025.11.27	20:15	0.66333	0.66337	0.6631	0.66319	228
2025.11.27	20:30	0.66306	0.66313	0.66299	0.66302	215
2025.11.27	20:45	0.66303	0.66318	0.66289	0.66302	112
2025.11.27	21:00	0.66277	0.66295	0.6626	0.66274	95
2025.11.27	21:15	0.66258	0.6626	0.66215	0.66252	169
2025.11.27	21:30	0.66256	0.66262	0.66242	0.66249	76
2025.11.27	21:45	0.6624	0.66247	0.66233	0.66235	127
2025.11.27	22:00	0.66218	0.66243	0.66213	0.66222	118
2025.11.27	22:15	0.66185	0.66185	0.66179	0.66184	439
2025.11.27	22:30	0.66189	0.66203	0.66156	0.66186	430
2025.11.27	22:45	0.66216	0.66246	0.66189	0.66225	464
2025.11.27	23:00	0.66211	0.6622	0.66188	0.66216	409
2025.11.27	23:15	0.66205	0.66228	0.662	0.66211	134
2025.11.27	23:30	0.66187	0.66191	0.66181	0.66189	498
2025.11.27	23:45	0.66176	0.66183	0.66166	0.66181	219
2025.11.28	00:00	0.66195	0.66205	0.66177	0.66183	104
2025.11.28	00:15	0.66158	0.66187	0.66126	0.66161	217
2025.11.28	00:30	0.66139	0.66167	0.66124	0.66144	132
2025.11.28	00:45	0.66166	0.66197	0.66157	0.66169	367
2025.11.28	01:00	0.6617	0.66201	0.66164	0.66183	186
2025.11.28	01:15	0.66222	0.66234	0.66215	0.66225	250
2025.11.28	01:30	0.66261	0.66276	0.66261	0.66269	188
2025.11.28	01:45	0.66277	0.66285	0.66273	0.66279	291
2025.11.28	02:00	0.66256	0.66277	0.66242	0.66252	124
2025.11.28	02:15	0.66261	0.66269	0.66254	0.66255	240
2025.11.28	02:30	0.66265	0.66279	0.66263	0.66276	425
2025.11.28	02:45	0.66275	0.66306	0.66247	0.66268	299
2025.11.28	03:00	0.66241	0.66244	0.66226	0.66234	141
2025.11.28	03:15	0.66228	0.66248	0.6622	0.66232	352
2025.11.28	03:30	0.66235	0.66237	0.66223	0.66231	447
2025.11.28	03:45	0.66249	0.66292	0.66248	0.66249	379
2025.11.28	04:00	0.66283	0.663	0.66271	0.66299	135
2025.11.28	04:15	0.66297	0.66306	0.66292	0.66305	472
2025.11.28	04:30	0.66299	0.6632	0.66284	0.66294	97
2025.11.28	04:45	0.66308	0.66324	0.66303	0.66311	295
2025.11.28	05:00	0.66297	0.66311	0.6628	0.66301	419
2025.11.28	05:15	0.66276	0.6628	0.66271	0.66278	392
2025.11.28	05:30	0.66272	0.66302	0.66264	0.66271	203
2025.11.28	05:45	0.66281	0.66286	0.66268	0.6628	161
2025.11.28	06:00	0.66278	0.66292	0.66252	0.66277	71
2025.11.28	06:15	0.66259	0.66264	0.66236	0.66253	166
2025.11.28	06:30	0.66186	0.66196	0.66171	0.66192	346
2025.11.28	06:45	0.66159	0.66192	0.66148	0.66164	322
2025.11.28	07:00	0.6617	0.66192	0.66165	0.66169	224
2025.11.28	07:15	0.66184	0.66197	0.66155	0.66175	247
2025.11.28	07:30	0.66182	0.66212	0.66162	0.66163	388
2025.11.28	07:45	0.66181	0.66227	0.66168	0.66178	132
2025.11.28	08:00	0.66144	0.66165	0.66113	0.66144	205
2025.11.28	08:15	0.66139	0.66149	0.66123	0.66142	283
2025.11.28	08:30	0.66142	0.6617	0.66136	0.66144	219
2025.11.28	08:45	0.66141	0.66153	0.66135	0.6615	168
2025.11.28	09:00	0.66144	0.6615	0.66109	0.66145	60
2025.11.28	09:15	0.66152	0.66163	0.66144	0.66155	234
2025.11.28	09:30	0.66156	0.66162	0.66132	0.66149	217
2025.11.28	09:45	0.66138	0.66167	0.66129	0.66136	323
2025.11.28	10:00	0.66134	0.6615	0.66099	0.66134	200
2025.11.28	10:15	0.66142	0.66151	0.6614	0.66147	307
2025.11.28	10:30	0.66142	0.66146	0.66117	0.66131	92
2025.11.28	10:45	0.6611	0.66113	0.66065	0.66102	325
2025.11.28	11:00	0.66077	0.66083	0.66066	0.66078	483
2025.11.28	11:15	0.66065	0.66088	0.66033	0.66077	53
2025.11.28	11:30	0.66071	0.66079	0.66054	0.66064	296
2025.11.28	11:45	0.66086	0.66089	0.66057	0.6608	236
2025.11.28	12:00	0.66092	0.66116	0.66079	0.66088	318
2025.11.28	12:15	0.66086	0.66107	0.66069	0.66081	103
2025.11.28	12:30	0.66094	0.66102	0.66058	0.66098	359
2025.11.28	12:45	0.66083	0.66085	0.66081	0.66082	335
2025.11.28	13:00	0.66081	0.66087	0.66075	0.66079	362
2025.11.28	13:15	0.6608	0.66086	0.66049	0.66076	68
2025.11.28	13:30	0.66057	0.66068	0.66041	0.66062	356
2025.11.28	13:45	0.66041	0.66052	0.66015	0.66039	64
2025.11.28	14:00	0.66036	0.66054	0.66019	0.66035	143
2025.11.28	14:15	0.66046	0.66059	0.66025	0.66032	217
2025.11.28	14:30	0.66033	0.66046	0.66023	0.6603	367
2025.11.28	14:45	0.66011	0.66017	0.65997	0.66006	466
2025.11.28	15:00	0.65992	0.65999	0.65985	0.65993	184
2025.11.28	15:15	0.66021	0.66035	0.66018	0.66018	239
2025.11.28	15:30	0.66032	0.66039	0.65999	0.66028	230
2025.11.28	15:45	0.66026	0.66047	0.66024	0.66033	350
2025.11.28	16:00	0.6604	0.66056	0.66039	0.66047	499
2025.11.28	16:15	0.66052	0.66057	0.66045	0.66056	173
2025.11.28	16:30	0.66088	0.66099	0.66076	0.66079	448
2025.11.28	16:45	0.66087	0.66092	0.66082	0.66089	376
2025.11.28	17:00	0.66072	0.66081	0.66071	0.66071	55
2025.11.28	17:15	0.66042	0.66062	0.66012	0.66048	173
2025.11.28	17:30	0.66024	0.66032	0.66023	0.6603	259
2025.11.28	17:45	0.6603	0.66044	0.6601	0.66034	155
2025.11.28	18:00	0.66045	0.6605	0.66038	0.66048	284
2025.11.28	18:15	0.66061	0.66068	0.66041	0.66064	188
2025.11.28	18:30	0.66064	0.66069	0.66059	0.66061	476
2025.11.28	18:45	0.66064	0.66066	0.66049	0.66056	406
2025.11.28	19:00	0.66055	0.66069	0.66049	0.66063	462
2025.11.28	19:15	0.66076	0.66079	0.66056	0.66079	271
2025.11.28	19:30	0.66095	0.66102	0.66084	0.66089	123
2025.11.28	19:45	0.66076	0.66078	0.66062	0.6607	170
2025.11.28	20:00	0.66112	0.6613	0.6611	0.6611	86
2025.11.28	20:15	0.6611	0.66131	0.66099	0.66116	405
2025.11.28	20:30	0.6611	0.66146	0.66075	0.66103	190
2025.11.28	20:45	0.66086	0.66115	0.66082	0.66094	83
2025.11.28	21:00	0.66082	0.66085	0.66068	0.66079	217
2025.11.28	21:15	0.66056	0.66068	0.6604	0.66055	366
2025.11.28	21:30	0.66061	0.66083	0.66052	0.6607	129
2025.11.28	21:45	0.66065	0.661	0.66049	0.66065	244
2025.11.28	22:00	0.66067	0.66084	0.66046	0.66082	252
2025.11.28	22:15	0.66102	0.66111	0.6609	0.66096	283
2025.11.28	22:30	0.66101	0.66156	0.66092	0.66102	188
2025.11.28	22:45	0.661	0.66105	0.66091	0.66096	268
2025.11.28	23:00	0.66129	0.66132	0.66111	0.66117	289
2025.11.28	23:15	0.66106	0.66107	0.66087	0.66106	410
2025.11.28	23:30	0.66102	0.66106	0.66088	0.66097	203
2025.11.28	23:45	0.66111	0.66114	0.66098	0.66104	180
2025.12.01	00:00	0.66103	0.66139	0.66094	0.66114	407
2025.12.01	00:15	0.6614	0.66145	0.66136	0.66138	126
2025.12.01	00:30	0.66163	0.66177	0.66163	0.66171	240
2025.12.01	00:45	0.66199	0.66209	0.66176	0.66201	108
2025.12.01	01:00	0.66218	0.66253	0.6621	0.66216	102
2025.12.01	01:15	0.66215	0.66216	0.66206	0.66211	126
2025.12.01	01:30	0.66216	0.66219	0.66203	0.66216	64
2025.12.01	01:45	0.66201	0.66231	0.66196	0.66204	265
2025.12.01	02:00	0.66202	0.66203	0.66188	0.66198	315
2025.12.01	02:15	0.66187	0.66194	0.66144	0.66182	334
2025.12.01	02:30	0.66171	0.66182	0.66163	0.66174	281
2025.12.01	02:45	0.66161	0.66169	0.66137	0.66145	186
2025.12.01	03:00	0.66124	0.66133	0.66099	0.66125	436
2025.12.01	03:15	0.6608	0.66113	0.6607	0.66095	339
2025.12.01	03:30	0.66092	0.66133	0.6608	0.661	100
2025.12.01	03:45	0.66117	0.66137	0.66093	0.66111	226
2025.12.01	04:00	0.66131	0.66167	0.66126	0.66138	310
2025.12.01	04:15	0.66176	0.66184	0.66157	0.66175	69
2025.12.01	04:30	0.66205	0.66227	0.66196	0.662	237
2025.12.01	04:45	0.66205	0.66213	0.66203	0.66206	106
2025.12.01	05:00	0.66169	0.66181	0.66161	0.66163	226
2025.12.01	05:15	0.66141	0.66164	0.66134	0.66144	126
2025.12.01	05:30	0.66144	0.66162	0.66119	0.66147	278
2025.12.01	05:45	0.66146	0.66154	0.66123	0.66148	124
2025.12.01	06:00	0.6614	0.66153	0.66131	0.66137	430
2025.12.01	06:15	0.66169	0.66186	0.66148	0.66163	158
2025.12.01	06:30	0.66138	0.66151	0.66108	0.66125	458
2025.12.01	06:45	0.66132	0.66146	0.66127	0.6614	283
2025.12.01	07:00	0.66158	0.66167	0.66146	0.6615	321
2025.12.01	07:15	0.66161	0.66167	0.66137	0.66153	133
2025.12.01	07:30	0.66167	0.66184	0.66157	0.6617	274
2025.12.01	07:45	0.66184	0.66194	0.66174	0.66191	396
2025.12.01	08:00	0.66207	0.66231	0.66188	0.66202	208
2025.12.01	08:15	0.66201	0.66206	0.66183	0.66202	114
2025.12.01	08:30	0.66192	0.66216	0.66171	0.66195	124
2025.12.01	08:45	0.66201	0.66231	0.662	0.66215	295
2025.12.01	09:00	0.66198	0.66214	0.66197	0.66203	417
2025.12.01	09:15	0.66202	0.66206	0.66176	0.66199	55
2025.12.01	09:30	0.66188	0.66194	0.6618	0.66189	440
2025.12.01	09:45	0.66176	0.66193	0.66175	0.66188	161
2025.12.01	10:00	0.66191	0.66201	0.66183	0.66191	109
2025.12.01	10:15	0.66177	0.66187	0.66174	0.66177	324
2025.12.01	10:30	0.66181	0.6619	0.66149	0.66176	266
2025.12.01	10:45	0.66189	0.66205	0.66173	0.66184	217
2025.12.01	11:00	0.66163	0.66183	0.6614	0.66159	275
2025.12.01	11:15	0.66152	0.66176	0.66128	0.66155	442
2025.12.01	11:30	0.66119	0.66125	0.66116	0.66117	399
2025.12.01	11:45	0.66114	0.66122	0.66099	0.66113	266
2025.12.01	12:00	0.66107	0.66116	0.66097	0.66113	189
2025.12.01	12:15	0.66086	0.66091	0.66054	0.66078	317
2025.12.01	12:30	0.66101	0.66114	0.66075	0.66102	475
2025.12.01	12:45	0.66111	0.66123	0.66109	0.66119	310
2025.12.01	13:00	0.66093	0.66095	0.66074	0.66094	55
2025.12.01	13:15	0.66097	0.66103	0.6608	0.66093	158
2025.12.01	13:30	0.66074	0.66085	0.66063	0.66075	411
2025.12.01	13:45	0.6608	0.66106	0.66071	0.66087	364
2025.12.01	14:00	0.66124	0.66131	0.66087	0.6612	210
2025.12.01	14:15	0.66128	0.66136	0.66108	0.66127	192
2025.12.01	14:30	0.66123	0.66145	0.66101	0.66129	484
2025.12.01	14:45	0.66144	0.66156	0.66126	0.66149	408
2025.12.01	15:00	0.66155	0.66174	0.66131	0.66151	64
2025.12.01	15:15	0.66116	0.66144	0.66103	0.66121	73
2025.12.01	15:30	0.66171	0.6618	0.66171	0.66174	105
2025.12.01	15:45	0.6616	0.66161	0.66149	0.66159	222
2025.12.01	16:00	0.66166	0.66184	0.66142	0.66168	396
2025.12.01	16:15	0.66178	0.66189	0.66169	0.66185	289
2025.12.01	16:30	0.66184	0.662	0.6618	0.66182	252
2025.12.01	16:45	0.66135	0.66153	0.66116	0.66138	481
2025.12.01	17:00	0.66107	0.66113	0.6607	0.66102	212
2025.12.01	17:15	0.66085	0.66101	0.66043	0.66077	156
2025.12.01	17:30	0.66088	0.66097	0.66082	0.66095	328
2025.12.01	17:45	0.66081	0.66093	0.66063	0.66071	53
2025.12.01	18:00	0.66059	0.66067	0.66047	0.66061	264
2025.12.01	18:15	0.66049	0.66062	0.66015	0.66038	285
2025.12.01	18:30	0.66026	0.66033	0.66019	0.66024	343
2025.12.01	18:45	0.66023	0.66044	0.66008	0.66027	339
2025.12.01	19:00	0.66046	0.66046	0.6604	0.6604	458
2025.12.01	19:15	0.66029	0.66033	0.66022	0.66027	392
2025.12.01	19:30	0.65982	0.66003	0.6595	0.65969	207
2025.12.01	19:45	0.6591	0.65929	0.65895	0.65914	290
2025.12.01	20:00	0.65923	0.65947	0.65919	0.65929	400
2025.12.01	20:15	0.6596	0.65965	0.65959	0.65959	157
2025.12.01	20:30	0.6596	0.65968	0.65935	0.65953	75
2025.12.01	20:45	0.65947	0.65966	0.65933	0.65942	327
2025.12.01	21:00	0.65963	0.65992	0.65934	0.6597	180
2025.12.01	21:15	0.6596	0.6597	0.65935	0.65966	82
2025.12.01	21:30	0.65959	0.65964	0.65942	0.6596	328
2025.12.01	21:45	0.65968	0.65972	0.65964	0.65972	81
2025.12.01	22:00	0.6596	0.65963	0.65931	0.6595	415
2025.12.01	22:15	0.65926	0.65953	0.65903	0.65934	410
2025.12.01	22:30	0.65929	0.65932	0.65926	0.65926	463
2025.12.01	22:45	0.65884	0.65905	0.65883	0.65889	386
2025.12.01	23:00	0.65866	0.65891	0.65835	0.65869	293
2025.12.01	23:15	0.65883	0.65894	0.6587	0.65891	69
2025.12.01	23:30	0.65855	0.65865	0.6584	0.65864	319
2025.12.01	23:45	0.65885	0.65906	0.65878	0.65891	280
2025.12.02	00:00	0.65896	0.65912	0.65893	0.65896	229
2025.12.02	00:15	0.65885	0.65904	0.65872	0.65879	215
2025.12.02	00:30	0.65869	0.65883	0.65847	0.65868	472
2025.12.02	00:45	0.65867	0.65888	0.65859	0.65873	462
2025.12.02	01:00	0.65892	0.65905	0.6589	0.65897	322
2025.12.02	01:15	0.65887	0.65897	0.65883	0.65892	118
2025.12.02	01:30	0.65888	0.65897	0.65878	0.65888	72
2025.12.02	01:45	0.65894	0.65912	0.65852	0.65888	375
2025.12.02	02:00	0.65891	0.659	0.6589	0.65892	205
2025.12.02	02:15	0.65869	0.65891	0.65849	0.65873	387
2025.12.02	02:30	0.65917	0.65932	0.65911	0.65925	320
2025.12.02	02:45	0.65908	0.6592	0.65899	0.65906	211
2025.12.02	03:00	0.65898	0.65916	0.65885	0.65893	415
2025.12.02	03:15	0.65885	0.65907	0.65875	0.65889	334
2025.12.02	03:30	0.65893	0.65903	0.65865	0.65889	57
2025.12.02	03:45	0.65929	0.65949	0.65918	0.65919	371
2025.12.02	04:00	0.65936	0.65953	0.65929	0.65941	171
2025.12.02	04:15	0.65951	0.65972	0.65929	0.65962	79
2025.12.02	04:30	0.65977	0.6599	0.65954	0.65981	162
2025.12.02	04:45	0.65976	0.65984	0.65959	0.65983	179
2025.12.02	05:00	0.65981	0.66002	0.65957	0.65976	241
2025.12.02	05:15	0.65937	0.65944	0.659	0.65932	453
2025.12.02	05:30	0.65946	0.65957	0.65941	0.65951	268
2025.12.02	05:45	0.65936	0.65947	0.65912	0.6593	351
2025.12.02	06:00	0.65929	0.65944	0.65919	0.65936	131
2025.12.02	06:15	0.65962	0.65965	0.65947	0.65953	134
2025.12.02	06:30	0.65971	0.65988	0.6597	0.65972	404
2025.12.02	06:45	0.65952	0.65961	0.65948	0.65958	144
2025.12.02	07:00	0.6594	0.65956	0.65928	0.65946	332
2025.12.02	07:15	0.65923	0.65942	0.65899	0.65922	443
2025.12.02	07:30	0.65902	0.65916	0.65894	0.65899	80
2025.12.02	07:45	0.65909	0.65912	0.65893	0.65907	328
2025.12.02	08:00	0.65941	0.65976	0.65892	0.65951	496
2025.12.02	08:15	0.65908	0.6591	0.65882	0.659	150
2025.12.02	08:30	0.65935	0.65952	0.65919	0.65938	397
2025.12.02	08:45	0.65937	0.65939	0.65918	0.65937	407
2025.12.02	09:00	0.65917	0.65931	0.65901	0.65919	499
2025.12.02	09:15	0.65918	0.6593	0.65903	0.65913	484
2025.12.02	09:30	0.65917	0.65932	0.65914	0.65918	223
2025.12.02	09:45	0.65922	0.65924	0.65915	0.65922	416
2025.12.02	10:00	0.65908	0.65918	0.659	0.6591	52
2025.12.02	10:15	0.65888	0.65903	0.65872	0.65888	136
2025.12.02	10:30	0.6589	0.65899	0.65883	0.65884	68
2025.12.02	10:45	0.65882	0.65914	0.65876	0.6589	341
2025.12.02	11:00	0.65889	0.65894	0.65882	0.65888	344
2025.12.02	11:15	0.65879	0.65885	0.6587	0.65874	430
2025.12.02	11:30	0.65935	0.65954	0.65929	0.65934	346
2025.12.02	11:45	0.65924	0.65941	0.65903	0.65907	296
2025.12.02	12:00	0.65888	0.65891	0.65868	0.65881	220
2025.12.02	12:15	0.65926	0.65958	0.6592	0.6593	365
2025.12.02	12:30	0.65924	0.65926	0.6591	0.65922	137
2025.12.02	12:45	0.65934	0.65936	0.65932	0.65936	139
2025.12.02	13:00	0.65938	0.65955	0.65914	0.65937	354
2025.12.02	13:15	0.65947	0.65947	0.65928	0.65935	346
2025.12.02	13:30	0.65953	0.65956	0.65942	0.65943	301
2025.12.02	13:45	0.65968	0.65974	0.65944	0.65966	391
2025.12.02	14:00	0.6596	0.65968	0.65957	0.65962	212
2025.12.02	14:15	0.6598	0.65986	0.65974	0.65983	102
2025.12.02	14:30	0.65991	0.66007	0.65981	0.65991	150
2025.12.02	14:45	0.65993	0.65993	0.65985	0.65988	378
2025.12.02	15:00	0.65987	0.65997	0.65962	0.65992	106
2025.12.02	15:15	0.65948	0.65958	0.65941	0.65953	209
2025.12.02	15:30	0.6599	0.66	0.65984	0.66	300
2025.12.02	15:45	0.6601	0.66014	0.65982	0.66012	242
2025.12.02	16:00	0.66014	0.66027	0.65993	0.66019	416
2025.12.02	16:15	0.66053	0.66074	0.66035	0.66057	163
2025.12.02	16:30	0.66037	0.6604	0.66009	0.66024	75
2025.12.02	16:45	0.66004	0.66013	0.65972	0.65999	177
2025.12.02	17:00	0.65988	0.66015	0.65981	0.65994	373
2025.12.02	17:15	0.65993	0.66031	0.65965	0.65988	272
2025.12.02	17:30	0.6599	0.6601	0.65979	0.66	479
2025.12.02	17:45	0.65994	0.66009	0.65986	0.65999	226
2025.12.02	18:00	0.66003	0.66023	0.65999	0.66013	219
2025.12.02	18:15	0.6598	0.66003	0.65959	0.65974	394
2025.12.02	18:30	0.6597	0.6599	0.6592	0.65964	378
2025.12.02	18:45	0.65901	0.6594	0.65874	0.65912	108
2025.12.02	19:00	0.65914	0.65916	0.65894	0.65913	156
2025.12.02	19:15	0.65911	0.65913	0.65882	0.65902	487
2025.12.02	19:30	0.65919	0.65937	0.65904	0.65931	85
2025.12.02	19:45	0.65945	0.65952	0.65936	0.65947	181
2025.12.02	20:00	0.65939	0.65965	0.65912	0.65945	326
2025.12.02	20:15	0.65962	0.65988	0.6596	0.65963	150
2025.12.02	20:30	0.65966	0.65969	0.65949	0.65954	122
2025.12.02	20:45	0.65932	0.65953	0.65922	0.65924	152
2025.12.02	21:00	0.6592	0.65928	0.65896	0.65921	218
2025.12.02	21:15	0.65928	0.65938	0.65918	0.65926	172
2025.12.02	21:30	0.6593	0.65954	0.65917	0.65939	223
2025.12.02	21:45	0.65934	0.65953	0.65933	0.65936	155
2025.12.02	22:00	0.65953	0.65961	0.65946	0.6596	240
2025.12.02	22:15	0.65955	0.65975	0.65939	0.65954	381
2025.12.02	22:30	0.65972	0.66002	0.65955	0.65986	389
2025.12.02	22:45	0.65991	0.66001	0.65986	0.65997	171
2025.12.02	23:00	0.66015	0.66031	0.66003	0.66016	71
2025.12.02	23:15	0.66024	0.66033	0.66021	0.66032	444
2025.12.02	23:30	0.66022	0.66042	0.65992	0.66012	122
2025.12.02	23:45	0.66001	0.66017	0.65976	0.65992	445
2025.12.03	00:00	0.65996	0.66009	0.65977	0.66008	147
2025.12.03	00:15	0.66019	0.66035	0.65996	0.66016	294
2025.12.03	00:30	0.66034	0.66034	0.66002	0.66025	477
2025.12.03	00:45	0.66041	0.6605	0.66027	0.66046	68
2025.12.03	01:00	0.66059	0.6607	0.6605	0.66068	487
2025.12.03	01:15	0.66061	0.66064	0.66053	0.66055	60
2025.12.03	01:30	0.66027	0.66041	0.66017	0.66033	291
2025.12.03	01:45	0.66041	0.66068	0.6603	0.66056	464
2025.12.03	02:00	0.66068	0.66074	0.66031	0.66069	356
2025.12.03	02:15	0.66047	0.66054	0.66044	0.66052	150
2025.12.03	02:30	0.66035	0.66039	0.66019	0.66034	326
2025.12.03	02:45	0.66059	0.66072	0.66044	0.66061	340
2025.12.03	03:00	0.66068	0.66078	0.66063	0.66069	465
2025.12.03	03:15	0.66095	0.6611	0.66081	0.66095	191
2025.12.03	03:30	0.66107	0.66113	0.66104	0.66109	403
2025.12.03	03:45	0.66086	0.66093	0.66076	0.6608	77
2025.12.03	04:00	0.66105	0.66136	0.66102	0.66105	116
2025.12.03	04:15	0.6607	0.6608	0.66064	0.66066	184
2025.12.03	04:30	0.66059	0.66072	0.66059	0.66062	53
2025.12.03	04:45	0.66062	0.66075	0.66052	0.66069	112
2025.12.03	05:00	0.66026	0.66032	0.66023	0.66032	417
2025.12.03	05:15	0.66041	0.66056	0.66021	0.66048	303
2025.12.03	05:30	0.66052	0.6606	0.66051	0.66051	371
2025.12.03	05:45	0.66052	0.66063	0.66045	0.66052	460
2025.12.03	06:00	0.66022	0.66034	0.66019	0.66028	420
2025.12.03	06:15	0.66008	0.66024	0.65994	0.6601	70
2025.12.03	06:30	0.66016	0.66041	0.65994	0.6602	368
2025.12.03	06:45	0.66026	0.66034	0.66016	0.66031	93
2025.12.03	07:00	0.66029	0.66038	0.6602	0.66029	207
2025.12.03	07:15	0.66063	0.66078	0.66057	0.66063	323
2025.12.03	07:30	0.66083	0.66094	0.66072	0.6609	215
2025.12.03	07:45	0.66122	0.66131	0.66101	0.66122	122
2025.12.03	08:00	0.66155	0.66184	0.66136	0.66162	417
2025.12.03	08:15	0.6614	0.6615	0.66139	0.66144	233
2025.12.03	08:30	0.66178	0.66201	0.66169	0.66174	170
2025.12.03	08:45	0.6618	0.66191	0.66132	0.66173	196
2025.12.03	09:00	0.66162	0.66193	0.66158	0.66158	50
2025.12.03	09:15	0.66151	0.66177	0.66133	0.6616	386
2025.12.03	09:30	0.66172	0.66188	0.66145	0.66161	312
2025.12.03	09:45	0.66156	0.66166	0.66149	0.66153	313
2025.12.03	10:00	0.66177	0.66191	0.66161	0.66182	322
2025.12.03	10:15	0.66208	0.66221	0.66194	0.66206	397
2025.12.03	10:30	0.66191	0.66197	0.66171	0.66176	102
2025.12.03	10:45	0.66157	0.66159	0.66132	0.66148	205
2025.12.03	11:00	0.66146	0.66153	0.66144	0.66145	72
2025.12.03	11:15	0.66161	0.66191	0.66154	0.66159	221
2025.12.03	11:30	0.66145	0.66153	0.66129	0.6613	405
2025.12.03	11:45	0.66162	0.66172	0.66146	0.66162	254
2025.12.03	12:00	0.6614	0.66161	0.66135	0.6614	51
2025.12.03	12:15	0.66136	0.66142	0.66119	0.66141	211
2025.12.03	12:30	0.66153	0.66167	0.66141	0.66161	166
2025.12.03	12:45	0.66165	0.66184	0.66146	0.6617	448
2025.12.03	13:00	0.66165	0.66169	0.66152	0.66161	456
2025.12.03	13:15	0.66181	0.66184	0.66176	0.66177	113
2025.12.03	13:30	0.66153	0.66157	0.66147	0.66152	96
2025.12.03	13:45	0.66119	0.66126	0.66117	0.66117	67
2025.12.03	14:00	0.66113	0.66133	0.66102	0.66118	77
2025.12.03	14:15	0.66128	0.6615	0.66118	0.66131	128
2025.12.03	14:30	0.66102	0.6611	0.66096	0.66099	221
2025.12.03	14:45	0.66123	0.6614	0.66104	0.66121	356
2025.12.03	15:00	0.66127	0.66141	0.66113	0.66129	155
2025.12.03	15:15	0.66116	0.66141	0.66075	0.6612	498
2025.12.03	15:30	0.66122	0.66141	0.66116	0.66124	218
2025.12.03	15:45	0.66111	0.6612	0.66095	0.66106	429
2025.12.03	16:00	0.66094	0.661	0.66089	0.6609	479
2025.12.03	16:15	0.66084	0.66108	0.6607	0.66086	198
2025.12.03	16:30	0.66114	0.6614	0.6611	0.66118	448
2025.12.03	16:45	0.66138	0.66151	0.66106	0.66127	220
2025.12.03	17:00	0.66112	0.66152	0.6609	0.66109	473
2025.12.03	17:15	0.66092	0.66128	0.66068	0.66095	328
2025.12.03	17:30	0.66098	0.66111	0.6609	0.66101	272
2025.12.03	17:45	0.66118	0.66118	0.66105	0.66113	245
2025.12.03	18:00	0.66099	0.66121	0.66084	0.66106	92
2025.12.03	18:15	0.66119	0.66122	0.6611	0.66114	241
2025.12.03	18:30	0.66114	0.66136	0.66107	0.66126	182
2025.12.03	18:45	0.6618	0.66189	0.66169	0.66169	437
2025.12.03	19:00	0.66178	0.66187	0.6616	0.66168	304
2025.12.03	19:15	0.66167	0.66197	0.66153	0.66162	359
2025.12.03	19:30	0.66169	0.66178	0.66159	0.66174	75
2025.12.03	19:45	0.6619	0.66199	0.66175	0.66183	213
2025.12.03	20:00	0.66164	0.66172	0.66157	0.66162	216
2025.12.03	20:15	0.66182	0.66191	0.66168	0.6618	446
2025.12.03	20:30	0.66173	0.66191	0.66164	0.66175	329
2025.12.03	20:45	0.6614	0.66166	0.66121	0.66149	98
2025.12.03	21:00	0.66137	0.66165	0.6612	0.66127	295
2025.12.03	21:15	0.66136	0.66143	0.66131	0.66134	445
2025.12.03	21:30	0.66091	0.661	0.66067	0.66087	151
2025.12.03	21:45	0.66078	0.66093	0.66058	0.66082	189
2025.12.03	22:00	0.66109	0.66124	0.66108	0.66113	134
2025.12.03	22:15	0.66147	0.66177	0.66143	0.6615	435
2025.12.03	22:30	0.66166	0.6618	0.66158	0.66174	279
2025.12.03	22:45	0.6617	0.66185	0.66154	0.66179	330
2025.12.03	23:00	0.6618	0.66201	0.6617	0.66191	162
2025.12.03	23:15	0.66199	0.66201	0.66164	0.66194	424
2025.12.03	23:30	0.66203	0.66233	0.66196	0.66202	385
2025.12.03	23:45	0.66196	0.66235	0.66191	0.66201	223
2025.12.04	00:00	0.66191	0.66234	0.6616	0.66199	498
2025.12.04	00:15	0.66191	0.66197	0.66184	0.6619	298
2025.12.04	00:30	0.66196	0.66207	0.66189	0.66205	397
2025.12.04	00:45	0.66185	0.66206	0.66168	0.66194	459
2025.12.04	01:00	0.66167	0.6617	0.66145	0.66153	322
2025.12.04	01:15	0.6617	0.66179	0.66147	0.66169	280
2025.12.04	01:30	0.66137	0.66154	0.66121	0.6614	388
2025.12.04	01:45	0.66142	0.66161	0.6613	0.66146	464
2025.12.04	02:00	0.66151	0.66163	0.66135	0.66147	246
2025.12.04	02:15	0.66121	0.66151	0.66113	0.66128	225
2025.12.04	02:30	0.66133	0.6618	0.66124	0.6614	240
2025.12.04	02:45	0.66111	0.66116	0.66087	0.66094	440
2025.12.04	03:00	0.66129	0.66151	0.66128	0.66133	136
2025.12.04	03:15	0.66138	0.66161	0.6613	0.66136	150
2025.12.04	03:30	0.66118	0.66124	0.6611	0.66111	298
2025.12.04	03:45	0.66116	0.66118	0.66099	0.66116	325
2025.12.04	04:00	0.66126	0.66128	0.66118	0.66124	225
2025.12.04	04:15	0.66137	0.66167	0.66124	0.66136	419
2025.12.04	04:30	0.66087	0.661	0.66083	0.66094	96
2025.12.04	04:45	0.66129	0.66136	0.66108	0.66127	337
2025.12.04	05:00	0.66157	0.66158	0.66133	0.66147	87
2025.12.04	05:15	0.66146	0.66151	0.66124	0.6615	126
2025.12.04	05:30	0.66139	0.66173	0.66131	0.6614	80
2025.12.04	05:45	0.6614	0.66143	0.66132	0.66142	109
2025.12.04	06:00	0.66184	0.66198	0.66166	0.66184	141
2025.12.04	06:15	0.66219	0.66236	0.66193	0.66219	330
2025.12.04	06:30	0.66248	0.66258	0.66242	0.66252	494
2025.12.04	06:45	0.66261	0.66264	0.6625	0.66252	465
2025.12.04	07:00	0.66214	0.66243	0.66213	0.66217	480
2025.12.04	07:15	0.66184	0.662	0.66161	0.66176	185
2025.12.04	07:30	0.66161	0.66169	0.66149	0.66156	489
2025.12.04	07:45	0.66181	0.66228	0.66173	0.66188	129
2025.12.04	08:00	0.6615	0.66181	0.66142	0.6616	381
2025.12.04	08:15	0.66161	0.66182	0.66152	0.66171	267
2025.12.04	08:30	0.66174	0.66195	0.66154	0.6618	339
2025.12.04	08:45	0.66149	0.66151	0.66103	0.66145	390
2025.12.04	09:00	0.66185	0.66225	0.6618	0.66185	309
2025.12.04	09:15	0.66189	0.66211	0.66189	0.6619	364
2025.12.04	09:30	0.66204	0.66229	0.6619	0.66217	160
2025.12.04	09:45	0.66213	0.66225	0.66193	0.66221	181
2025.12.04	10:00	0.66262	0.66274	0.66245	0.66258	109
2025.12.04	10:15	0.6623	0.66245	0.66205	0.66225	197
2025.12.04	10:30	0.66211	0.66225	0.66197	0.66204	499
2025.12.04	10:45	0.66211	0.66238	0.66204	0.66207	394
2025.12.04	11:00	0.66178	0.66178	0.66162	0.66173	447
2025.12.04	11:15	0.66196	0.66208	0.66186	0.66193	397
2025.12.04	11:30	0.66193	0.66195	0.66183	0.66187	406
2025.12.04	11:45	0.66206	0.66211	0.66193	0.66203	128
2025.12.04	12:00	0.66182	0.66185	0.66152	0.66183	426
2025.12.04	12:15	0.66171	0.66179	0.66168	0.66171	495
2025.12.04	12:30	0.66179	0.66205	0.66159	0.66172	421
2025.12.04	12:45	0.6619	0.66194	0.66173	0.66189	494
2025.12.04	13:00	0.66167	0.66177	0.66156	0.66167	424
2025.12.04	13:15	0.66169	0.66186	0.66153	0.66168	303
2025.12.04	13:30	0.6615	0.66176	0.66134	0.66142	317
2025.12.04	13:45	0.66178	0.66183	0.66163	0.66172	324
2025.12.04	14:00	0.66198	0.66229	0.66191	0.66196	467
2025.12.04	14:15	0.66196	0.66217	0.66189	0.662	59
2025.12.04	14:30	0.66207	0.66231	0.66201	0.66203	275
2025.12.04	14:45	0.662	0.66215	0.66194	0.66195	417
2025.12.04	15:00	0.66243	0.66273	0.66238	0.66248	199
2025.12.04	15:15	0.66243	0.66263	0.66233	0.66251	408
2025.12.04	15:30	0.66215	0.66228	0.66214	0.66217	269
2025.12.04	15:45	0.66214	0.66251	0.66203	0.66217	195
2025.12.04	16:00	0.66222	0.66232	0.6622	0.66225	262
2025.12.04	16:15	0.6622	0.6622	0.662	0.66215	265
2025.12.04	16:30	0.66176	0.66187	0.6616	0.66168	351
2025.12.04	16:45	0.6618	0.66183	0.66179	0.66181	142
2025.12.04	17:00	0.66153	0.66177	0.66126	0.66149	478
2025.12.04	17:15	0.66177	0.66208	0.66161	0.66188	444
2025.12.04	17:30	0.66175	0.66191	0.66175	0.66176	456
2025.12.04	17:45	0.6616	0.66163	0.66146	0.6616	78
2025.12.04	18:00	0.66161	0.66181	0.66159	0.66167	460
2025.12.04	18:15	0.6617	0.66179	0.66158	0.66173	406
2025.12.04	18:30	0.66145	0.66151	0.66142	0.66143	481
2025.12.04	18:45	0.66132	0.66133	0.66121	0.66132	338
2025.12.04	19:00	0.66088	0.66108	0.66061	0.66081	161
2025.12.04	19:15	0.6604	0.66044	0.66016	0.66042	472
2025.12.04	19:30	0.66068	0.66088	0.66056	0.66072	497
2025.12.04	19:45	0.66103	0.66119	0.66086	0.66107	451
2025.12.04	20:00	0.66118	0.66127	0.6611	0.66121	420
2025.12.04	20:15	0.66138	0.66145	0.66119	0.6613	97
2025.12.04	20:30	0.66149	0.66152	0.66139	0.66143	163
2025.12.04	20:45	0.66101	0.66104	0.66086	0.66102	54
2025.12.04	21:00	0.66123	0.66125	0.6612	0.66121	57
2025.12.04	21:15	0.66137	0.66144	0.66109	0.66135	479
2025.12.04	21:30	0.66144	0.66163	0.66114	0.66138	401
2025.12.04	21:45	0.66154	0.66166	0.66132	0.66157	489
2025.12.04	22:00	0.66138	0.6616	0.66092	0.66137	185
2025.12.04	22:15	0.66117	0.6614	0.661	0.66113	423
2025.12.04	22:30	0.66101	0.66107	0.66068	0.66095	413
2025.12.04	22:45	0.6606	0.66071	0.66045	0.6606	214
2025.12.04	23:00	0.66053	0.66073	0.66053	0.66059	211
2025.12.04	23:15	0.6601	0.66033	0.66003	0.66011	112
2025.12.04	23:30	0.66061	0.66085	0.6606	0.66062	417
2025.12.04	23:45	0.6604	0.66053	0.66034	0.66045	274
2025.12.05	00:00	0.66037	0.66064	0.66031	0.66034	195
2025.12.05	00:15	0.6603	0.66046	0.66011	0.6603	68
2025.12.05	00:30	0.66018	0.66035	0.66017	0.66023	251
2025.12.05	00:45	0.66024	0.66032	0.66011	0.66029	466
2025.12.05	01:00	0.66061	0.66067	0.6606	0.66065	286
2025.12.05	01:15	0.66059	0.66071	0.66039	0.66054	328
2025.12.05	01:30	0.66061	0.66085	0.66047	0.66066	426
2025.12.05	01:45	0.6608	0.66102	0.66065	0.66076	295
2025.12.05	02:00	0.66076	0.66101	0.66065	0.66078	132
2025.12.05	02:15	0.66107	0.6612	0.66081	0.66096	283
2025.12.05	02:30	0.66084	0.66102	0.66079	0.66084	233
2025.12.05	02:45	0.66108	0.66126	0.66085	0.66107	126
2025.12.05	03:00	0.66096	0.66101	0.66081	0.66095	366
2025.12.05	03:15	0.66119	0.66124	0.66101	0.6612	491
2025.12.05	03:30	0.66163	0.6617	0.66152	0.66159	171
2025.12.05	03:45	0.66149	0.66153	0.66127	0.66134	248
2025.12.05	04:00	0.66128	0.66145	0.66126	0.66126	67
2025.12.05	04:15	0.66134	0.66138	0.66121	0.66131	223
2025.12.05	04:30	0.66138	0.66157	0.66135	0.66146	400
2025.12.05	04:45	0.66151	0.66177	0.66146	0.66155	175
2025.12.05	05:00	0.66113	0.66113	0.66107	0.66109	291
2025.12.05	05:15	0.66136	0.6615	0.66132	0.66139	299
2025.12.05	05:30	0.66155	0.66169	0.66128	0.66163	216
2025.12.05	05:45	0.66153	0.66154	0.66148	0.6615	359
2025.12.05	06:00	0.66142	0.6615	0.66129	0.66149	467
2025.12.05	06:15	0.66133	0.66138	0.66122	0.66135	134
2025.12.05	06:30	0.66129	0.66131	0.66105	0.66126	189
2025.12.05	06:45	0.66127	0.66134	0.66112	0.66118	357
2025.12.05	07:00	0.66114	0.66138	0.66112	0.66116	147
2025.12.05	07:15	0.66124	0.66136	0.66116	0.66131	211
2025.12.05	07:30	0.66135	0.66144	0.66128	0.66135	81
2025.12.05	07:45	0.6612	0.66125	0.66086	0.66123	111
2025.12.05	08:00	0.66118	0.66136	0.66091	0.66108	130
2025.12.05	08:15	0.66093	0.66111	0.66085	0.66103	132
2025.12.05	08:30	0.66112	0.66138	0.66103	0.66106	127
2025.12.05	08:45	0.66111	0.66127	0.66095	0.66109	406
2025.12.05	09:00	0.66136	0.66141	0.66104	0.6612	273
2025.12.05	09:15	0.66096	0.66115	0.66081	0.66102	123
2025.12.05	09:30	0.66105	0.66144	0.66099	0.6612	282
2025.12.05	09:45	0.66113	0.66122	0.66097	0.66115	321
2025.12.05	10:00	0.66127	0.66128	0.66108	0.66121	335
2025.12.05	10:15	0.66128	0.66137	0.66107	0.66134	162
2025.12.05	10:30	0.66132	0.66153	0.66111	0.66127	148
2025.12.05	10:45	0.66093	0.66101	0.66071	0.66088	314
2025.12.05	11:00	0.66062	0.6608	0.66057	0.66063	126
2025.12.05	11:15	0.66058	0.66069	0.66025	0.66047	272
2025.12.05	11:30	0.66078	0.66108	0.66057	0.66069	273
2025.12.05	11:45	0.66073	0.66092	0.66055	0.66078	212
2025.12.05	12:00	0.66095	0.66097	0.6608	0.66093	230
2025.12.05	12:15	0.66113	0.66129	0.66101	0.66111	395
2025.12.05	12:30	0.66142	0.66167	0.66138	0.66138	99
2025.12.05	12:45	0.6613	0.66146	0.66061	0.66122	489
2025.12.05	13:00	0.66118	0.6612	0.66106	0.66114	347
2025.12.05	13:15	0.66106	0.66106	0.66095	0.66105	52
2025.12.05	13:30	0.66101	0.66102	0.66071	0.661	364
2025.12.05	13:45	0.66112	0.6613	0.66093	0.66107	116
2025.12.05	14:00	0.66112	0.66123	0.66108	0.66108	407
2025.12.05	14:15	0.66121	0.66139	0.66111	0.66119	352
2025.12.05	14:30	0.66143	0.66155	0.66141	0.66143	377
2025.12.05	14:45	0.66125	0.66136	0.66116	0.66117	199
2025.12.05	15:00	0.66098	0.66107	0.66096	0.66101	281
2025.12.05	15:15	0.66099	0.66126	0.66078	0.66106	395
2025.12.05	15:30	0.66116	0.6616	0.66114	0.66119	239
2025.12.05	15:45	0.66122	0.66132	0.66105	0.66124	190
2025.12.05	16:00	0.66108	0.66112	0.66091	0.6611	163
2025.12.05	16:15	0.66093	0.66093	0.66082	0.66083	418
2025.12.05	16:30	0.66081	0.66084	0.66064	0.66077	140
2025.12.05	16:45	0.66082	0.66102	0.66075	0.66077	88
2025.12.05	17:00	0.66065	0.66073	0.6604	0.66064	68
2025.12.05	17:15	0.66063	0.66074	0.66047	0.66063	456
2025.12.05	17:30	0.66066	0.66081	0.66056	0.66066	102
2025.12.05	17:45	0.66065	0.66104	0.66052	0.66067	352
2025.12.05	18:00	0.66047	0.66059	0.66036	0.66053	336
2025.12.05	18:15	0.6604	0.66047	0.66024	0.66041	293
2025.12.05	18:30	0.66047	0.66054	0.66016	0.66048	423
2025.12.05	18:45	0.66055	0.66059	0.66037	0.66053	333
2025.12.05	19:00	0.66051	0.66052	0.66047	0.66051	406
2025.12.05	19:15	0.66005	0.66016	0.65998	0.66008	432
2025.12.05	19:30	0.65987	0.65999	0.65976	0.65991	398
2025.12.05	19:45	0.66024	0.66032	0.6602	0.66026	245
2025.12.05	20:00	0.66016	0.66045	0.65994	0.66016	353
2025.12.05	20:15	0.66007	0.66029	0.66	0.66011	378
2025.12.05	20:30	0.66016	0.66029	0.66016	0.66023	148
2025.12.05	20:45	0.66048	0.66062	0.66037	0.66049	260
2025.12.05	21:00	0.66063	0.66064	0.6604	0.66057	299
2025.12.05	21:15	0.66079	0.66084	0.66058	0.66076	172
2025.12.05	21:30	0.66082	0.66089	0.66081	0.66088	268
2025.12.05	21:45	0.66122	0.66133	0.66099	0.66122	426
2025.12.05	22:00	0.66121	0.66125	0.66094	0.66118	274
2025.12.05	22:15	0.66107	0.66121	0.66099	0.66105	366
2025.12.05	22:30	0.66108	0.66143	0.661	0.66112	360
2025.12.05	22:45	0.66118	0.66133	0.66091	0.66127	105
2025.12.05	23:00	0.6614	0.66167	0.66137	0.66141	350
2025.12.05	23:15	0.66151	0.66164	0.66134	0.66143	88
2025.12.05	23:30	0.66107	0.66112	0.66089	0.66105	495
2025.12.05	23:45	0.66089	0.6609	0.66082	0.66084	166
2025.12.08	00:00	0.6608	0.6608	0.66073	0.66073	434
2025.12.08	00:15	0.66087	0.66091	0.66087	0.66087	176
2025.12.08	00:30	0.66066	0.66084	0.66061	0.66066	355
2025.12.08	00:45	0.66051	0.66075	0.66004	0.66044	380
2025.12.08	01:00	0.66075	0.66087	0.6607	0.66075	59
2025.12.08	01:15	0.66038	0.66065	0.66036	0.66037	447
2025.12.08	01:30	0.66072	0.66079	0.66067	0.66074	383
2025.12.08	01:45	0.66068	0.66076	0.66068	0.66072	232
2025.12.08	02:00	0.66074	0.66074	0.66045	0.66071	486
2025.12.08	02:15	0.6608	0.66093	0.66066	0.66077	265
2025.12.08	02:30	0.66069	0.66085	0.66056	0.66075	172
2025.12.08	02:45	0.66089	0.66122	0.66066	0.66088	405
2025.12.08	03:00	0.6609	0.66099	0.66072	0.6609	309
2025.12.08	03:15	0.6614	0.6618	0.66125	0.66145	103
2025.12.08	03:30	0.66165	0.66187	0.66164	0.66169	332
2025.12.08	03:45	0.66174	0.66183	0.66165	0.66169	140
2025.12.08	04:00	0.66193	0.66198	0.66172	0.66193	364
2025.12.08	04:15	0.66187	0.66199	0.66179	0.66189	128
2025.12.08	04:30	0.66217	0.66227	0.66215	0.66221	451
2025.12.08	04:45	0.66228	0.66239	0.66218	0.66229	219
2025.12.08	05:00	0.66222	0.66246	0.66205	0.66205	399
2025.12.08	05:15	0.66218	0.66236	0.66211	0.66226	201
2025.12.08	05:30	0.6623	0.66232	0.66203	0.66228	84
2025.12.08	05:45	0.66244	0.66264	0.6622	0.66238	374
2025.12.08	06:00	0.66257	0.66294	0.66212	0.66268	67
2025.12.08	06:15	0.66292	0.66304	0.66272	0.66291	152
2025.12.08	06:30	0.66275	0.66298	0.66254	0.66268	147
2025.12.08	06:45	0.66298	0.66306	0.6627	0.66294	187
2025.12.08	07:00	0.66237	0.66264	0.66235	0.66237	176
2025.12.08	07:15	0.66209	0.66215	0.66182	0.66211	250
2025.12.08	07:30	0.66213	0.66232	0.66208	0.66217	122
2025.12.08	07:45	0.66172	0.66182	0.66164	0.66179	106
2025.12.08	08:00	0.66207	0.66223	0.6619	0.66199	385
2025.12.08	08:15	0.66202	0.66209	0.66194	0.66197	177
2025.12.08	08:30	0.66211	0.66238	0.66171	0.66208	373
2025.12.08	08:45	0.66173	0.6619	0.66155	0.66177	283
2025.12.08	09:00	0.66157	0.66176	0.66142	0.66148	488
2025.12.08	09:15	0.66164	0.66189	0.66134	0.66172	80
2025.12.08	09:30	0.66158	0.66159	0.66157	0.66158	325
2025.12.08	09:45	0.66107	0.66139	0.6608	0.66121	379
2025.12.08	10:00	0.6613	0.66136	0.66123	0.66124	484
2025.12.08	10:15	0.66063	0.66071	0.66049	0.66055	481
2025.12.08	10:30	0.66048	0.66053	0.66032	0.66039	54
2025.12.08	10:45	0.66029	0.66042	0.66019	0.66023	141
2025.12.08	11:00	0.66003	0.66022	0.65984	0.66009	104
2025.12.08	11:15	0.65997	0.65997	0.65976	0.65995	188
2025.12.08	11:30	0.66007	0.66012	0.65997	0.66004	455
2025.12.08	11:45	0.65926	0.65943	0.65914	0.65926	58
2025.12.08	12:00	0.65921	0.65942	0.65874	0.65929	153
2025.12.08	12:15	0.65908	0.65912	0.65901	0.65905	485
2025.12.08	12:30	0.659	0.65902	0.65895	0.65902	107
2025.12.08	12:45	0.65907	0.6594	0.6589	0.65917	308
2025.12.08	13:00	0.65937	0.65946	0.65934	0.65938	214
2025.12.08	13:15	0.65945	0.65948	0.65919	0.65939	243
2025.12.08	13:30	0.65903	0.6592	0.65888	0.659	114
2025.12.08	13:45	0.6591	0.65921	0.65899	0.6592	337
2025.12.08	14:00	0.65881	0.65899	0.65869	0.65876	422
2025.12.08	14:15	0.65907	0.65914	0.65893	0.65897	482
2025.12.08	14:30	0.65935	0.65949	0.65925	0.65928	182
2025.12.08	14:45	0.65928	0.65934	0.6591	0.65914	498
2025.12.08	15:00	0.65913	0.65921	0.6591	0.65916	161
2025.12.08	15:15	0.65904	0.65929	0.65879	0.65909	240
2025.12.08	15:30	0.6592	0.65951	0.65905	0.65905	55
2025.12.08	15:45	0.65911	0.65932	0.65906	0.65917	198
2025.12.08	16:00	0.65904	0.6592	0.65885	0.65886	403
2025.12.08	16:15	0.65866	0.65916	0.65864	0.65869	410
2025.12.08	16:30	0.65883	0.65906	0.65876	0.65883	213
2025.12.08	16:45	0.65871	0.65893	0.65864	0.6587	258
2025.12.08	17:00	0.65864	0.65878	0.6586	0.65868	253
2025.12.08	17:15	0.65855	0.65865	0.65825	0.65851	298
2025.12.08	17:30	0.65849	0.6587	0.65803	0.65841	442
2025.12.08	17:45	0.65867	0.65872	0.65856	0.65865	206
2025.12.08	18:00	0.65882	0.65887	0.6587	0.65883	220
2025.12.08	18:15	0.65884	0.65885	0.65872	0.65879	461
2025.12.08	18:30	0.65877	0.65887	0.65859	0.65876	273
2025.12.08	18:45	0.65869	0.65879	0.65855	0.65868	465
2025.12.08	19:00	0.65844	0.65844	0.65833	0.65842	355
2025.12.08	19:15	0.65853	0.65857	0.65834	0.65854	103
2025.12.08	19:30	0.65862	0.65865	0.65862	0.65864	87
2025.12.08	19:45	0.65853	0.65865	0.65833	0.65854	358
2025.12.08	20:00	0.65862	0.659	0.65859	0.65866	265
2025.12.08	20:15	0.65862	0.65872	0.65841	0.65844	311
2025.12.08	20:30	0.65852	0.65859	0.65849	0.65854	79
2025.12.08	20:45	0.65834	0.6585	0.65828	0.65835	496
2025.12.08	21:00	0.65819	0.65837	0.65815	0.65819	454
2025.12.08	21:15	0.65821	0.65829	0.6582	0.65823	390
2025.12.08	21:30	0.65826	0.65844	0.65806	0.65819	304
2025.12.08	21:45	0.6583	0.6583	0.65806	0.65829	409
2025.12.08	22:00	0.65858	0.65863	0.65846	0.65856	99
2025.12.08	22:15	0.65853	0.65857	0.65838	0.65854	163
2025.12.08	22:30	0.65817	0.65826	0.65816	0.65821	426
2025.12.08	22:45	0.65838	0.65841	0.65831	0.65837	394
2025.12.08	23:00	0.65869	0.65894	0.65858	0.65876	487
2025.12.08	23:15	0.65852	0.65886	0.65815	0.65851	78
2025.12.08	23:30	0.65807	0.65823	0.658	0.65803	346
2025.12.08	23:45	0.65785	0.65798	0.65775	0.65783	167
2025.12.09	00:00	0.65778	0.65811	0.65772	0.65772	227
2025.12.09	00:15	0.65746	0.65766	0.65734	0.65743	237
2025.12.09	00:30	0.65762	0.65773	0.65761	0.65773	442
2025.12.09	00:45	0.65739	0.65757	0.65711	0.65728	408
2025.12.09	01:00	0.65732	0.65732	0.65708	0.65726	214
2025.12.09	01:15	0.65734	0.65742	0.6572	0.65733	297
2025.12.09	01:30	0.65713	0.65733	0.65704	0.65711	228
2025.12.09	01:45	0.65698	0.6573	0.65692	0.65711	147
2025.12.09	02:00	0.65705	0.65714	0.65701	0.65702	146
2025.12.09	02:15	0.65709	0.65727	0.65682	0.657	304
2025.12.09	02:30	0.65695	0.657	0.65691	0.65696	411
2025.12.09	02:45	0.65715	0.65717	0.65688	0.65712	294
2025.12.09	03:00	0.65691	0.65697	0.65686	0.6569	275
2025.12.09	03:15	0.65708	0.65712	0.65693	0.65712	239
2025.12.09	03:30	0.65658	0.65685	0.65635	0.65644	334
2025.12.09	03:45	0.65669	0.65693	0.65667	0.65675	350
2025.12.09	04:00	0.65697	0.6572	0.65678	0.65692	496
2025.12.09	04:15	0.65725	0.65731	0.65724	0.6573	393
2025.12.09	04:30	0.65738	0.65753	0.65715	0.65742	372
2025.12.09	04:45	0.65703	0.65712	0.65689	0.65694	392
2025.12.09	05:00	0.65669	0.65672	0.65651	0.65662	178
2025.12.09	05:15	0.65687	0.65699	0.6568	0.65685	83
2025.12.09	05:30	0.65694	0.65716	0.65658	0.65696	245
2025.12.09	05:45	0.65699	0.65724	0.65676	0.65703	290
2025.12.09	06:00	0.65711	0.65718	0.65699	0.65709	489
2025.12.09	06:15	0.65693	0.65706	0.65691	0.65705	268
2025.12.09	06:30	0.657	0.65708	0.65682	0.65698	88
2025.12.09	06:45	0.65709	0.65712	0.65696	0.65711	445
2025.12.09	07:00	0.65708	0.65716	0.65685	0.65703	169
2025.12.09	07:15	0.65719	0.65733	0.65704	0.65724	458
2025.12.09	07:30	0.65734	0.65744	0.65724	0.65736	496
2025.12.09	07:45	0.65737	0.65751	0.65713	0.65737	288
2025.12.09	08:00	0.65743	0.65749	0.65727	0.65743	227
2025.12.09	08:15	0.65746	0.65765	0.65725	0.65757	184
2025.12.09	08:30	0.65727	0.65742	0.65719	0.65723	271
2025.12.09	08:45	0.65723	0.65726	0.65712	0.65725	290
2025.12.09	09:00	0.65744	0.65751	0.65723	0.65744	74
2025.12.09	09:15	0.6574	0.65754	0.65733	0.65734	211
2025.12.09	09:30	0.65749	0.65764	0.65739	0.6574	450
2025.12.09	09:45	0.65721	0.65729	0.65711	0.65716	458
2025.12.09	10:00	0.65721	0.65737	0.6572	0.65721	248
2025.12.09	10:15	0.65725	0.65741	0.65721	0.65727	264
2025.12.09	10:30	0.65744	0.65747	0.65732	0.6574	96
2025.12.09	10:45	0.65753	0.65785	0.65744	0.65759	244
2025.12.09	11:00	0.65744	0.65759	0.65711	0.65741	120
2025.12.09	11:15	0.65718	0.65743	0.65706	0.65722	409
2025.12.09	11:30	0.65748	0.65765	0.65748	0.65749	403
2025.12.09	11:45	0.6572	0.65749	0.65716	0.65718	82
2025.12.09	12:00	0.65716	0.65726	0.65712	0.65721	217
2025.12.09	12:15	0.6574	0.65759	0.6573	0.65753	79
2025.12.09	12:30	0.65748	0.65786	0.65725	0.65734	346
2025.12.09	12:45	0.65749	0.65773	0.65746	0.65759	427
2025.12.09	13:00	0.65761	0.65782	0.65752	0.65773	73
2025.12.09	13:15	0.6575	0.65785	0.65745	0.65758	315
2025.12.09	13:30	0.65785	0.65801	0.65771	0.65793	467
2025.12.09	13:45	0.65771	0.65794	0.65759	0.65765	120
2025.12.09	14:00	0.6577	0.65779	0.65758	0.65769	65
2025.12.09	14:15	0.6576	0.65769	0.65754	0.65756	109
2025.12.09	14:30	0.65742	0.6575	0.65733	0.65747	329
2025.12.09	14:45	0.65708	0.6574	0.65698	0.65706	448
2025.12.09	15:00	0.65742	0.65742	0.6572	0.6574	56
2025.12.09	15:15	0.65764	0.65769	0.6572	0.65759	180
2025.12.09	15:30	0.65767	0.65771	0.65758	0.65769	124
2025.12.09	15:45	0.6577	0.65788	0.65752	0.65775	185
2025.12.09	16:00	0.65771	0.65779	0.65765	0.65771	471
2025.12.09	16:15	0.65752	0.6576	0.65735	0.65754	111
2025.12.09	16:30	0.6577	0.65777	0.65758	0.65762	274
2025.12.09	16:45	0.65778	0.65785	0.65757	0.65775	402
2025.12.09	17:00	0.65752	0.65762	0.65728	0.65747	117
2025.12.09	17:15	0.6575	0.65769	0.65746	0.65759	324
2025.12.09	17:30	0.65756	0.65779	0.65752	0.65758	312
2025.12.09	17:45	0.65807	0.65811	0.65802	0.65803	161
2025.12.09	18:00	0.65826	0.65843	0.65817	0.65835	169
2025.12.09	18:15	0.65854	0.65859	0.65837	0.65852	345
2025.12.09	18:30	0.65889	0.65905	0.6588	0.65899	138
2025.12.09	18:45	0.65929	0.65941	0.65926	0.65927	103
2025.12.09	19:00	0.65952	0.65969	0.65941	0.65952	318
2025.12.09	19:15	0.65953	0.65971	0.65952	0.65965	413
2025.12.09	19:30	0.65954	0.65972	0.65949	0.6596	422
2025.12.09	19:45	0.6597	0.65977	0.65956	0.65975	136
2025.12.09	20:00	0.65944	0.65968	0.65938	0.65951	400
2025.12.09	20:15	0.6597	0.66001	0.65955	0.65981	497
2025.12.09	20:30	0.6601	0.66014	0.65999	0.66011	180
2025.12.09	20:45	0.66014	0.66027	0.6599	0.66017	228
2025.12.09	21:00	0.66008	0.66016	0.65984	0.66001	294
2025.12.09	21:15	0.66001	0.66022	0.65984	0.65997	79
2025.12.09	21:30	0.66012	0.66018	0.65985	0.6601	440
2025.12.09	21:45	0.66012	0.66043	0.65994	0.66018	225
2025.12.09	22:00	0.66013	0.66019	0.65994	0.66001	385
2025.12.09	22:15	0.66008	0.66018	0.66	0.66006	59
2025.12.09	22:30	0.66007	0.66024	0.65988	0.66008	201
2025.12.09	22:45	0.66045	0.66057	0.66021	0.66045	337
2025.12.09	23:00	0.66079	0.66087	0.66052	0.66084	273
2025.12.09	23:15	0.66052	0.66067	0.66046	0.66056	160
2025.12.09	23:30	0.66077	0.6609	0.66071	0.66083	113
2025.12.09	23:45	0.6605	0.66076	0.66034	0.66056	115
2025.12.10	00:00	0.6604	0.66045	0.66034	0.6604	287
2025.12.10	00:15	0.66035	0.66047	0.66012	0.66035	283
2025.12.10	00:30	0.66059	0.6607	0.66058	0.66066	401
2025.12.10	00:45	0.66076	0.66078	0.66063	0.66068	340
2025.12.10	01:00	0.66067	0.66077	0.66028	0.66056	369
2025.12.10	01:15	0.66056	0.66062	0.6604	0.66058	92
2025.12.10	01:30	0.66037	0.66055	0.66032	0.66054	292
2025.12.10	01:45	0.66029	0.66038	0.6602	0.66033	378
2025.12.10	02:00	0.66019	0.6602	0.66018	0.6602	89
2025.12.10	02:15	0.6602	0.66022	0.6601	0.66013	170
2025.12.10	02:30	0.66005	0.66024	0.65985	0.66004	446
2025.12.10	02:45	0.65966	0.66007	0.65955	0.65969	485
2025.12.10	03:00	0.65944	0.65966	0.65937	0.6594	316
2025.12.10	03:15	0.65925	0.65926	0.65914	0.6592	377
2025.12.10	03:30	0.65945	0.65967	0.65916	0.65936	445
2025.12.10	03:45	0.65902	0.65908	0.65893	0.65896	154
2025.12.10	04:00	0.65877	0.65889	0.6586	0.65885	427
2025.12.10	04:15	0.65857	0.65866	0.6583	0.65848	50
2025.12.10	04:30	0.65856	0.65861	0.65839	0.65854	92
2025.12.10	04:45	0.65854	0.65892	0.65844	0.65865	185
2025.12.10	05:00	0.65867	0.65881	0.65858	0.65867	70
2025.12.10	05:15	0.65845	0.65855	0.65827	0.65853	440
2025.12.10	05:30	0.6583	0.65845	0.65789	0.65819	256
2025.12.10	05:45	0.65826	0.65836	0.65792	0.6583	161
2025.12.10	06:00	0.65827	0.65844	0.65813	0.65823	401
2025.12.10	06:15	0.65837	0.65854	0.65811	0.65833	462
2025.12.10	06:30	0.65842	0.6585	0.65824	0.65841	301
2025.12.10	06:45	0.65816	0.65836	0.65799	0.65822	146
2025.12.10	07:00	0.65826	0.65833	0.65819	0.65827	397
2025.12.10	07:15	0.65818	0.65832	0.65802	0.65827	302
2025.12.10	07:30	0.65831	0.65834	0.65821	0.65828	316
2025.12.10	07:45	0.65859	0.65887	0.65832	0.65851	84
2025.12.10	08:00	0.65854	0.65888	0.65847	0.65852	256
2025.12.10	08:15	0.65867	0.65887	0.65851	0.65873	190
2025.12.10	08:30	0.65888	0.65894	0.65885	0.65892	201
2025.12.10	08:45	0.65922	0.65939	0.65911	0.65918	452
2025.12.10	09:00	0.65952	0.65969	0.65935	0.65954	263
2025.12.10	09:15	0.65964	0.65981	0.65934	0.65968	452
2025.12.10	09:30	0.65978	0.65999	0.65966	0.65969	438
2025.12.10	09:45	0.66003	0.66005	0.65957	0.65989	389
2025.12.10	10:00	0.65994	0.65996	0.65982	0.65985	383
2025.12.10	10:15	0.66021	0.66028	0.66007	0.66009	393
2025.12.10	10:30	0.66041	0.66077	0.66037	0.66042	412
2025.12.10	10:45	0.66033	0.66061	0.66026	0.6603	236
2025.12.10	11:00	0.66049	0.66073	0.6604	0.66058	421
2025.12.10	11:15	0.66067	0.66069	0.66064	0.66065	420
2025.12.10	11:30	0.66055	0.66063	0.66044	0.66049	352
2025.12.10	11:45	0.66059	0.66062	0.66031	0.66057	472
2025.12.10	12:00	0.66059	0.66066	0.66042	0.66058	278
2025.12.10	12:15	0.66101	0.66113	0.66096	0.66097	485
2025.12.10	12:30	0.66102	0.6612	0.66094	0.6611	236
2025.12.10	12:45	0.66102	0.66128	0.66089	0.66097	193
2025.12.10	13:00	0.6609	0.66098	0.66083	0.66094	73
2025.12.10	13:15	0.66101	0.66123	0.66069	0.6609	98
2025.12.10	13:30	0.66094	0.6611	0.66078	0.66093	55
2025.12.10	13:45	0.66076	0.6609	0.66065	0.66078	491
2025.12.10	14:00	0.66066	0.6607	0.66051	0.66061	395
2025.12.10	14:15	0.66077	0.66084	0.66062	0.66068	250
2025.12.10	14:30	0.66034	0.66047	0.6603	0.6603	344
2025.12.10	14:45	0.66012	0.6603	0.66009	0.66016	257
2025.12.10	15:00	0.66019	0.66029	0.66005	0.66015	309
2025.12.10	15:15	0.65968	0.65983	0.65951	0.65973	386
2025.12.10	15:30	0.65957	0.65961	0.65941	0.65953	213
2025.12.10	15:45	0.65956	0.65977	0.65951	0.65958	350
2025.12.10	16:00	0.65926	0.65937	0.65912	0.65919	411
2025.12.10	16:15	0.65923	0.65935	0.65902	0.65927	368
2025.12.10	16:30	0.65949	0.65966	0.65916	0.65959	403
2025.12.10	16:45	0.65957	0.6596	0.6595	0.65959	400
2025.12.10	17:00	0.65965	0.65996	0.65943	0.6596	353
2025.12.10	17:15	0.65925	0.6593	0.65906	0.65915	222
2025.12.10	17:30	0.65934	0.65938	0.65933	0.65938	266
2025.12.10	17:45	0.65926	0.65941	0.65901	0.65931	333
2025.12.10	18:00	0.65954	0.65957	0.65933	0.65953	317
2025.12.10	18:15	0.66	0.66041	0.65992	0.66013	242
2025.12.10	18:30	0.66019	0.66026	0.65983	0.66016	445
2025.12.10	18:45	0.66	0.6603	0.65985	0.66004	209
2025.12.10	19:00	0.6603	0.6606	0.66004	0.66034	158
2025.12.10	19:15	0.65995	0.6602	0.65989	0.65998	278
2025.12.10	19:30	0.65993	0.65997	0.65987	0.65988	69
2025.12.10	19:45	0.66006	0.66036	0.65999	0.66011	220
2025.12.10	20:00	0.66044	0.66045	0.66024	0.66043	276
2025.12.10	20:15	0.66026	0.66057	0.66025	0.66028	139
2025.12.10	20:30	0.66014	0.66015	0.65998	0.66003	411
2025.12.10	20:45	0.6598	0.65998	0.65972	0.65976	228
2025.12.10	21:00	0.65976	0.65995	0.65969	0.65975	279
2025.12.10	21:15	0.65979	0.65989	0.65978	0.65983	210
2025.12.10	21:30	0.66018	0.66043	0.66	0.66011	58
2025.12.10	21:45	0.65999	0.66003	0.65978	0.66001	380
2025.12.10	22:00	0.66027	0.66033	0.66023	0.66026	283
2025.12.10	22:15	0.66029	0.66041	0.66025	0.6604	297
2025.12.10	22:30	0.66058	0.66069	0.66022	0.66048	399
2025.12.10	22:45	0.66063	0.66069	0.66047	0.66055	140
2025.12.10	23:00	0.6608	0.66095	0.66053	0.6607	252
2025.12.10	23:15	0.66103	0.66123	0.66099	0.66101	167
2025.12.10	23:30	0.66093	0.66104	0.66081	0.66091	461
2025.12.10	23:45	0.66086	0.66095	0.66074	0.66085	364
2025.12.11	00:00	0.66062	0.66077	0.66059	0.66065	169
2025.12.11	00:15	0.6607	0.66081	0.66061	0.66074	277
2025.12.11	00:30	0.66087	0.66118	0.66056	0.66091	190
2025.12.11	00:45	0.66071	0.66078	0.6606	0.66066	107
2025.12.11	01:00	0.66027	0.66037	0.6602	0.66028	203
2025.12.11	01:15	0.66015	0.66021	0.66008	0.66016	207
2025.12.11	01:30	0.65992	0.66016	0.6598	0.66003	435
2025.12.11	01:45	0.65994	0.66004	0.65985	0.66003	298
2025.12.11	02:00	0.65985	0.65991	0.65961	0.65985	493
2025.12.11	02:15	0.65954	0.65963	0.65945	0.65951	375
2025.12.11	02:30	0.65954	0.65962	0.65939	0.65948	248
2025.12.11	02:45	0.65933	0.65962	0.65912	0.6594	69
2025.12.11	03:00	0.65922	0.65929	0.6592	0.65921	140
2025.12.11	03:15	0.65911	0.65938	0.65909	0.65915	375
2025.12.11	03:30	0.65926	0.65927	0.65906	0.65925	269
2025.12.11	03:45	0.65928	0.65931	0.65907	0.65927	170
2025.12.11	04:00	0.65926	0.6593	0.65925	0.65929	309
2025.12.11	04:15	0.65937	0.65954	0.65909	0.65947	497
2025.12.11	04:30	0.65948	0.65957	0.65942	0.65956	98
2025.12.11	04:45	0.65981	0.6601	0.65965	0.65981	184
2025.12.11	05:00	0.6598	0.65993	0.65968	0.65984	158
2025.12.11	05:15	0.65963	0.65981	0.65953	0.65969	472
2025.12.11	05:30	0.65978	0.65985	0.65973	0.65977	96
2025.12.11	05:45	0.66005	0.66022	0.65988	0.66009	144
2025.12.11	06:00	0.65974	0.65995	0.65964	0.65978	83
2025.12.11	06:15	0.65967	0.65979	0.65954	0.65972	115
2025.12.11	06:30	0.65978	0.65979	0.65953	0.65977	121
2025.12.11	06:45	0.6597	0.65974	0.65957	0.65967	60
2025.12.11	07:00	0.65963	0.65984	0.65955	0.65959	242
2025.12.11	07:15	0.65957	0.65971	0.65949	0.65963	294
2025.12.11	07:30	0.65994	0.66005	0.65981	0.65988	439
2025.12.11	07:45	0.65977	0.66	0.6596	0.65987	111
2025.12.11	08:00	0.65978	0.6599	0.65968	0.65982	403
2025.12.11	08:15	0.65972	0.65987	0.65939	0.65969	184
2025.12.11	08:30	0.65965	0.65973	0.65945	0.65966	397
2025.12.11	08:45	0.65983	0.66011	0.65971	0.65992	454
2025.12.11	09:00	0.66015	0.66038	0.66011	0.66013	368
2025.12.11	09:15	0.65986	0.66016	0.65985	0.65991	267
2025.12.11	09:30	0.65969	0.6599	0.65968	0.65973	426
2025.12.11	09:45	0.65944	0.65957	0.65923	0.65935	147
2025.12.11	10:00	0.65938	0.6595	0.65926	0.65937	495
2025.12.11	10:15	0.6594	0.65959	0.6593	0.65944	442
2025.12.11	10:30	0.65937	0.6595	0.65929	0.65937	330
2025.12.11	10:45	0.65924	0.65957	0.65914	0.65926	110
2025.12.11	11:00	0.6592	0.65937	0.659	0.65922	400
2025.12.11	11:15	0.65944	0.65956	0.65923	0.65945	465
2025.12.11	11:30	0.65937	0.65961	0.65924	0.65935	256
2025.12.11	11:45	0.65966	0.65974	0.65949	0.6596	270
2025.12.11	12:00	0.66005	0.66019	0.66003	0.66009	118
2025.12.11	12:15	0.66009	0.66018	0.66004	0.66015	57
2025.12.11	12:30	0.6599	0.6601	0.65974	0.65992	381
2025.12.11	12:45	0.65961	0.65976	0.65941	0.6597	180
2025.12.11	13:00	0.65924	0.65932	0.65923	0.65926	470
2025.12.11	13:15	0.65909	0.65934	0.65906	0.6592	332
2025.12.11	13:30	0.65911	0.65935	0.65896	0.65909	108
2025.12.11	13:45	0.65916	0.65919	0.65898	0.65917	473
2025.12.11	14:00	0.6589	0.65891	0.65879	0.65887	308
2025.12.11	14:15	0.65885	0.65902	0.65867	0.65894	95
2025.12.11	14:30	0.65915	0.65925	0.65882	0.65915	145
2025.12.11	14:45	0.65922	0.65934	0.65889	0.65907	353
2025.12.11	15:00	0.65894	0.65906	0.65883	0.65891	306
2025.12.11	15:15	0.65902	0.65922	0.65877	0.65909	92
2025.12.11	15:30	0.65908	0.65933	0.65905	0.65925	307
2025.12.11	15:45	0.65922	0.6595	0.65899	0.65924	446
2025.12.11	16:00	0.65913	0.65914	0.65901	0.65906	228
2025.12.11	16:15	0.65888	0.65899	0.65882	0.65895	423
2025.12.11	16:30	0.65926	0.65931	0.65917	0.65918	368
2025.12.11	16:45	0.659	0.65909	0.65887	0.65904	208
2025.12.11	17:00	0.65908	0.65917	0.65898	0.65906	56
2025.12.11	17:15	0.65945	0.65964	0.65931	0.65941	285
2025.12.11	17:30	0.65944	0.65955	0.65936	0.65944	400
2025.12.11	17:45	0.65957	0.65968	0.65948	0.6595	126
2025.12.11	18:00	0.65936	0.65963	0.65924	0.65939	306
2025.12.11	18:15	0.65966	0.65968	0.6595	0.65958	92
2025.12.11	18:30	0.65982	0.66	0.65954	0.65977	197
2025.12.11	18:45	0.65969	0.65982	0.65959	0.65971	199
2025.12.11	19:00	0.66007	0.66018	0.66001	0.66013	263
2025.12.11	19:15	0.66014	0.66025	0.65988	0.66005	458
2025.12.11	19:30	0.65998	0.66011	0.65984	0.65997	438
2025.12.11	19:45	0.66019	0.66026	0.66005	0.66016	199
2025.12.11	20:00	0.6605	0.66067	0.66041	0.66059	352
2025.12.11	20:15	0.66043	0.66078	0.6604	0.66048	391
2025.12.11	20:30	0.66055	0.66075	0.66034	0.66064	360
2025.12.11	20:45	0.66058	0.66067	0.66054	0.66062	448
2025.12.11	21:00	0.66073	0.66089	0.66051	0.66066	363
2025.12.11	21:15	0.66058	0.66067	0.66035	0.66062	492
2025.12.11	21:30	0.66051	0.6606	0.6604	0.6606	403
2025.12.11	21:45	0.66079	0.66106	0.66049	0.6607	311
2025.12.11	22:00	0.66076	0.66084	0.66067	0.66071	148
2025.12.11	22:15	0.66024	0.66026	0.66009	0.66023	207
2025.12.11	22:30	0.66023	0.66037	0.65995	0.66025	314
2025.12.11	22:45	0.66001	0.66026	0.65995	0.66003	299
2025.12.11	23:00	0.66026	0.66049	0.66002	0.66031	290
2025.12.11	23:15	0.66011	0.66032	0.65997	0.66022	329
2025.12.11	23:30	0.66021	0.66032	0.66	0.66019	455
2025.12.11	23:45	0.66045	0.6605	0.66031	0.66049	452
2025.12.12	00:00	0.66069	0.66079	0.66046	0.66075	87
2025.12.12	00:15	0.66018	0.66022	0.66007	0.66013	110
2025.12.12	00:30	0.66009	0.66042	0.66006	0.66012	189
2025.12.12	00:45	0.66036	0.66051	0.66029	0.66037	496
2025.12.12	01:00	0.66035	0.66077	0.66016	0.6605	443
2025.12.12	01:15	0.66077	0.66096	0.66071	0.66072	74
2025.12.12	01:30	0.66042	0.66063	0.66025	0.66038	176
2025.12.12	01:45	0.66029	0.66053	0.66022	0.66024	494
2025.12.12	02:00	0.66049	0.66067	0.66047	0.66049	101
2025.12.12	02:15	0.66045	0.66051	0.65973	0.66033	183
2025.12.12	02:30	0.66034	0.66051	0.66004	0.66018	93
2025.12.12	02:45	0.66014	0.66039	0.65999	0.66015	347
2025.12.12	03:00	0.66042	0.66064	0.66038	0.66049	109
2025.12.12	03:15	0.66052	0.66066	0.66048	0.66049	79
2025.12.12	03:30	0.66066	0.66083	0.6605	0.66057	423
2025.12.12	03:45	0.66066	0.66069	0.66041	0.66066	220
2025.12.12	04:00	0.66062	0.6608	0.66055	0.66058	129
2025.12.12	04:15	0.66067	0.66071	0.66062	0.66065	366
2025.12.12	04:30	0.66087	0.66108	0.66071	0.66099	404
2025.12.12	04:45	0.66101	0.66121	0.66082	0.66098	422
2025.12.12	05:00	0.66102	0.66111	0.66086	0.66103	334
2025.12.12	05:15	0.66124	0.66136	0.66114	0.66134	266
2025.12.12	05:30	0.66137	0.66153	0.66105	0.6613	359
2025.12.12	05:45	0.66176	0.66187	0.66159	0.66171	253
2025.12.12	06:00	0.66205	0.66206	0.66182	0.66196	435
2025.12.12	06:15	0.66194	0.66205	0.66181	0.66192	114
2025.12.12	06:30	0.66178	0.66192	0.66156	0.66184	280
2025.12.12	06:45	0.66203	0.66225	0.66202	0.66213	413
2025.12.12	07:00	0.66232	0.66235	0.66224	0.66225	462
2025.12.12	07:15	0.66196	0.66213	0.66182	0.66201	63
2025.12.12	07:30	0.66202	0.66216	0.662	0.66203	227
2025.12.12	07:45	0.66175	0.66178	0.66146	0.66178	367
2025.12.12	08:00	0.66174	0.66194	0.66171	0.66173	234
2025.12.12	08:15	0.6619	0.66202	0.66171	0.66196	318
2025.12.12	08:30	0.66172	0.66174	0.66131	0.6617	435
2025.12.12	08:45	0.66124	0.66145	0.66103	0.66119	420
2025.12.12	09:00	0.66131	0.66149	0.66128	0.66132	470
2025.12.12	09:15	0.66134	0.66172	0.66124	0.66135	288
2025.12.12	09:30	0.6614	0.66153	0.66131	0.66147	404
2025.12.12	09:45	0.66132	0.66165	0.66122	0.66127	87
2025.12.12	10:00	0.66111	0.66146	0.66103	0.66104	144
2025.12.12	10:15	0.66111	0.66118	0.66093	0.66117	174
2025.12.12	10:30	0.66107	0.66133	0.66094	0.66116	499
2025.12.12	10:45	0.66116	0.66125	0.66113	0.6612	291
2025.12.12	11:00	0.66099	0.66114	0.66089	0.66097	316
2025.12.12	11:15	0.66097	0.6611	0.6608	0.66091	195
2025.12.12	11:30	0.66089	0.6611	0.6607	0.66087	211
2025.12.12	11:45	0.66087	0.66091	0.66083	0.6609	440
2025.12.12	12:00	0.66074	0.6609	0.66054	0.66065	198
2025.12.12	12:15	0.66056	0.66072	0.66045	0.66051	367
2025.12.12	12:30	0.66042	0.66058	0.66036	0.66047	226
2025.12.12	12:45	0.66073	0.66087	0.66067	0.66087	84
2025.12.12	13:00	0.66094	0.66119	0.66073	0.66103	137
2025.12.12	13:15	0.6608	0.66093	0.66055	0.66076	71
2025.12.12	13:30	0.66077	0.66086	0.66059	0.66072	270
2025.12.12	13:45	0.66053	0.66062	0.66035	0.66053	239
2025.12.12	14:00	0.66056	0.66061	0.66036	0.66057	259
2025.12.12	14:15	0.66052	0.66055	0.66035	0.66054	371
2025.12.12	14:30	0.66092	0.66095	0.66087	0.66095	350
2025.12.12	14:45	0.66086	0.66131	0.6608	0.66088	139
2025.12.12	15:00	0.66101	0.66104	0.6607	0.66097	294
2025.12.12	15:15	0.661	0.66108	0.66086	0.66098	450
2025.12.12	15:30	0.66072	0.66078	0.66062	0.66071	195
2025.12.12	15:45	0.66069	0.66075	0.66055	0.66069	144
2025.12.12	16:00	0.66097	0.66102	0.66081	0.66099	447
2025.12.12	16:15	0.6605	0.66052	0.66025	0.66052	131
2025.12.12	16:30	0.66059	0.66063	0.66048	0.66056	383
2025.12.12	16:45	0.66036	0.66058	0.66035	0.66042	209
2025.12.12	17:00	0.66043	0.66045	0.66035	0.66044	227
2025.12.12	17:15	0.66069	0.66088	0.66064	0.66075	482
2025.12.12	17:30	0.66053	0.66058	0.66048	0.66049	459
2025.12.12	17:45	0.66053	0.66076	0.6605	0.6606	208
2025.12.12	18:00	0.66062	0.66064	0.66047	0.66064	376
2025.12.12	18:15	0.66043	0.66063	0.66027	0.66044	321
2025.12.12	18:30	0.66059	0.66072	0.66044	0.66066	185
2025.12.12	18:45	0.66078	0.66088	0.66073	0.66081	100
2025.12.12	19:00	0.6607	0.66085	0.66068	0.66073	300
2025.12.12	19:15	0.66097	0.66113	0.66087	0.6609	410
2025.12.12	19:30	0.66102	0.6614	0.66098	0.66102	324
2025.12.12	19:45	0.661	0.66122	0.66071	0.66108	296
2025.12.12	20:00	0.66133	0.66135	0.66114	0.66123	327
2025.12.12	20:15	0.66155	0.66182	0.66127	0.66162	64
2025.12.12	20:30	0.66138	0.66151	0.66104	0.66135	468
2025.12.12	20:45	0.66143	0.66148	0.66138	0.66143	144
2025.12.12	21:00	0.6614	0.66151	0.66115	0.66133	74
2025.12.12	21:15	0.66124	0.66132	0.66108	0.66126	419
2025.12.12	21:30	0.66173	0.66178	0.66153	0.66174	398
2025.12.12	21:45	0.66162	0.6618	0.66157	0.66161	143
2025.12.12	22:00	0.66186	0.6619	0.66181	0.66184	257
2025.12.12	22:15	0.6616	0.66198	0.66158	0.66171	358
2025.12.12	22:30	0.66179	0.66182	0.66145	0.66163	314
2025.12.12	22:45	0.66189	0.66194	0.66178	0.66185	391
2025.12.12	23:00	0.6616	0.66166	0.66141	0.66159	64
2025.12.12	23:15	0.66142	0.66175	0.66141	0.66146	323
2025.12.12	23:30	0.66158	0.66162	0.66142	0.66153	273
2025.12.12	23:45	0.6615	0.66168	0.6613	0.66154	150
2025.12.15	00:00	0.66183	0.6619	0.66159	0.66183	219
2025.12.15	00:15	0.66198	0.66208	0.66185	0.662	455
2025.12.15	00:30	0.66187	0.66189	0.6617	0.66183	298
2025.12.15	00:45	0.66157	0.66173	0.66127	0.66153	488
2025.12.15	01:00	0.66155	0.6617	0.66146	0.66151	381
2025.12.15	01:15	0.66145	0.66162	0.66118	0.66132	119
2025.12.15	01:30	0.66174	0.66199	0.66159	0.66181	411
2025.12.15	01:45	0.66197	0.6623	0.66165	0.6619	149
2025.12.15	02:00	0.66152	0.66167	0.66147	0.66162	118
2025.12.15	02:15	0.6618	0.66191	0.66164	0.66181	413
2025.12.15	02:30	0.66184	0.66187	0.66179	0.66184	404
2025.12.15	02:45	0.66217	0.66222	0.66216	0.66219	58
2025.12.15	03:00	0.66204	0.66219	0.66183	0.66204	254
2025.12.15	03:15	0.6619	0.66202	0.66181	0.66182	156
2025.12.15	03:30	0.66163	0.66197	0.66155	0.66172	229
2025.12.15	03:45	0.66176	0.66188	0.66167	0.66168	51
2025.12.15	04:00	0.6618	0.66184	0.66174	0.66179	340
2025.12.15	04:15	0.6619	0.66206	0.66168	0.66186	470
2025.12.15	04:30	0.6619	0.66208	0.66182	0.66196	226
2025.12.15	04:45	0.66213	0.66227	0.66209	0.66224	289
2025.12.15	05:00	0.66246	0.66248	0.66244	0.66244	436
2025.12.15	05:15	0.66237	0.66252	0.66223	0.66225	352
2025.12.15	05:30	0.6622	0.66246	0.66192	0.66208	318
2025.12.15	05:45	0.66214	0.6622	0.66203	0.6621	237
2025.12.15	06:00	0.66217	0.66238	0.66201	0.66215	206
2025.12.15	06:15	0.66237	0.66254	0.66211	0.66233	109
2025.12.15	06:30	0.66249	0.66256	0.66214	0.66242	291
2025.12.15	06:45	0.66252	0.66278	0.66249	0.66257	490
2025.12.15	07:00	0.66233	0.66263	0.66226	0.66239	274
2025.12.15	07:15	0.66219	0.66219	0.66201	0.66215	89
2025.12.15	07:30	0.66239	0.66254	0.66224	0.66244	154
2025.12.15	07:45	0.66221	0.66228	0.66205	0.66225	134
2025.12.15	08:00	0.66252	0.66278	0.66247	0.66256	171
2025.12.15	08:15	0.66277	0.66292	0.66269	0.66282	103
2025.12.15	08:30	0.66273	0.66289	0.66271	0.66281	387
2025.12.15	08:45	0.66308	0.66328	0.66294	0.66312	334
2025.12.15	09:00	0.66331	0.66352	0.6632	0.66335	288
2025.12.15	09:15	0.66297	0.66313	0.6629	0.66308	271
2025.12.15	09:30	0.66338	0.66354	0.66326	0.66337	78
2025.12.15	09:45	0.66343	0.66358	0.66327	0.66342	359
2025.12.15	10:00	0.66315	0.66354	0.66307	0.66315	346
2025.12.15	10:15	0.66298	0.66326	0.66271	0.66292	231
2025.12.15	10:30	0.66315	0.66329	0.6631	0.66311	481
2025.12.15	10:45	0.66327	0.66354	0.66315	0.66334	232
2025.12.15	11:00	0.6629	0.6633	0.66272	0.66292	352
2025.12.15	11:15	0.66286	0.663	0.6628	0.66292	371
2025.12.15	11:30	0.6626	0.66279	0.66236	0.66261	457
2025.12.15	11:45	0.66224	0.66252	0.66203	0.6623	345
2025.12.15	12:00	0.66263	0.66283	0.6625	0.66256	371
2025.12.15	12:15	0.66283	0.66292	0.66266	0.66277	441
2025.12.15	12:30	0.66283	0.6629	0.66254	0.66281	256
2025.12.15	12:45	0.66297	0.66324	0.66278	0.66294	139
2025.12.15	13:00	0.66321	0.66333	0.66308	0.66309	94
2025.12.15	13:15	0.66304	0.66331	0.66298	0.66301	117
2025.12.15	13:30	0.6626	0.66266	0.66256	0.66258	444
2025.12.15	13:45	0.66261	0.66279	0.6625	0.66268	168
2025.12.15	14:00	0.66286	0.66318	0.66282	0.66288	97
2025.12.15	14:15	0.6628	0.66286	0.66245	0.66269	235
2025.12.15	14:30	0.66268	0.66276	0.66267	0.66274	116
2025.12.15	14:45	0.66254	0.66261	0.6625	0.66261	322
2025.12.15	15:00	0.66268	0.66274	0.66263	0.66271	404
2025.12.15	15:15	0.66266	0.66269	0.66238	0.6626	371
2025.12.15	15:30	0.66282	0.66291	0.66272	0.66275	254
2025.12.15	15:45	0.66272	0.66273	0.66268	0.66271	284
2025.12.15	16:00	0.6627	0.66305	0.66265	0.66279	239
2025.12.15	16:15	0.66291	0.66295	0.66266	0.66289	299
2025.12.15	16:30	0.66281	0.66287	0.66254	0.66272	324
2025.12.15	16:45	0.66266	0.66285	0.66251	0.66273	354
2025.12.15	17:00	0.66276	0.66319	0.66264	0.66265	450
2025.12.15	17:15	0.66257	0.6628	0.66248	0.6626	432
2025.12.15	17:30	0.66263	0.66265	0.66255	0.66259	208
2025.12.15	17:45	0.66269	0.66277	0.66248	0.6626	56
2025.12.15	18:00	0.66263	0.66279	0.66258	0.66265	314
2025.12.15	18:15	0.66263	0.66278	0.66247	0.66258	399
2025.12.15	18:30	0.66249	0.66252	0.66246	0.6625	437
2025.12.15	18:45	0.66222	0.66226	0.66194	0.66226	457
2025.12.15	19:00	0.66221	0.66238	0.66212	0.66227	238
2025.12.15	19:15	0.66227	0.66242	0.66222	0.66223	219
2025.12.15	19:30	0.6626	0.66271	0.66225	0.66258	220
2025.12.15	19:45	0.66266	0.66272	0.66262	0.6627	297
2025.12.15	20:00	0.66257	0.66269	0.6622	0.66259	342
2025.12.15	20:15	0.66273	0.66282	0.66262	0.66276	384
2025.12.15	20:30	0.66251	0.66262	0.66229	0.66257	425
2025.12.15	20:45	0.66252	0.66262	0.66241	0.66248	213
2025.12.15	21:00	0.66248	0.66252	0.66233	0.66244	224
2025.12.15	21:15	0.66233	0.66243	0.66214	0.66235	399
2025.12.15	21:30	0.66208	0.66219	0.66194	0.66203	494
2025.12.15	21:45	0.66191	0.66195	0.66182	0.66193	166
2025.12.15	22:00	0.66192	0.66226	0.66169	0.66189	489
2025.12.15	22:15	0.66164	0.66198	0.66143	0.66177	56
2025.12.15	22:30	0.6619	0.66212	0.6617	0.6619	283
2025.12.15	22:45	0.66193	0.66213	0.66175	0.66186	420
2025.12.15	23:00	0.66201	0.66219	0.66192	0.66203	441
2025.12.15	23:15	0.66211	0.66257	0.6621	0.66227	75
2025.12.15	23:30	0.66204	0.66221	0.66181	0.66198	143
2025.12.15	23:45	0.66209	0.66235	0.66196	0.66211	89
2025.12.16	00:00	0.6622	0.66239	0.66215	0.66221	70
2025.12.16	00:15	0.66221	0.66223	0.66184	0.66217	163
2025.12.16	00:30	0.66201	0.66216	0.66188	0.66199	279
2025.12.16	00:45	0.66197	0.66199	0.66188	0.6619	205
2025.12.16	01:00	0.66204	0.66224	0.66203	0.6621	279
2025.12.16	01:15	0.6623	0.66239	0.66207	0.66236	147
2025.12.16	01:30	0.66223	0.66229	0.66209	0.66223	458
2025.12.16	01:45	0.6626	0.66264	0.66242	0.66256	237
2025.12.16	02:00	0.66259	0.66263	0.66251	0.66253	250
2025.12.16	02:15	0.66262	0.66277	0.66243	0.66267	108
2025.12.16	02:30	0.66262	0.66272	0.66248	0.66261	360
2025.12.16	02:45	0.66297	0.66323	0.66296	0.66303	183
2025.12.16	03:00	0.66267	0.66269	0.66248	0.66262	247
2025.12.16	03:15	0.66236	0.66246	0.66221	0.66235	97
2025.12.16	03:30	0.66247	0.66267	0.66223	0.66253	62
2025.12.16	03:45	0.66236	0.66244	0.66223	0.66238	361
2025.12.16	04:00	0.66254	0.6626	0.66243	0.66249	274
2025.12.16	04:15	0.66262	0.66272	0.6625	0.66254	456
2025.12.16	04:30	0.66273	0.66284	0.66267	0.66276	136
2025.12.16	04:45	0.66302	0.66329	0.66277	0.66295	473
2025.12.16	05:00	0.66289	0.66314	0.66273	0.66294	319
2025.12.16	05:15	0.66288	0.66303	0.66273	0.66273	101
2025.12.16	05:30	0.66296	0.66306	0.66283	0.66291	74
2025.12.16	05:45	0.66279	0.66287	0.66262	0.66275	65
2025.12.16	06:00	0.66256	0.66265	0.66225	0.66258	188
2025.12.16	06:15	0.66251	0.66267	0.66232	0.66242	445
2025.12.16	06:30	0.66257	0.66258	0.66254	0.66258	332
2025.12.16	06:45	0.66272	0.66287	0.66267	0.66278	55
2025.12.16	07:00	0.66284	0.66311	0.66274	0.66285	323
2025.12.16	07:15	0.66307	0.66318	0.66301	0.6631	115
2025.12.16	07:30	0.66303	0.66311	0.66285	0.66304	104
2025.12.16	07:45	0.6631	0.66329	0.66304	0.66308	449
2025.12.16	08:00	0.66314	0.66328	0.66283	0.66306	337
2025.12.16	08:15	0.66309	0.66325	0.66302	0.66311	295
2025.12.16	08:30	0.6631	0.66319	0.66301	0.66307	128
2025.12.16	08:45	0.66318	0.66332	0.66307	0.66312	52
2025.12.16	09:00	0.66294	0.66303	0.66275	0.66298	70
2025.12.16	09:15	0.66292	0.66308	0.66281	0.66287	362
2025.12.16	09:30	0.66302	0.66308	0.66285	0.66293	339
2025.12.16	09:45	0.66321	0.66337	0.66315	0.6632	443
2025.12.16	10:00	0.66341	0.6635	0.66318	0.66342	369
2025.12.16	10:15	0.66314	0.66316	0.66309	0.66313	205
2025.12.16	10:30	0.66325	0.66345	0.66322	0.66324	126
2025.12.16	10:45	0.66359	0.66359	0.66336	0.66356	266
2025.12.16	11:00	0.66364	0.66367	0.66346	0.66366	99
2025.12.16	11:15	0.6636	0.66361	0.66348	0.66353	344
2025.12.16	11:30	0.66335	0.66348	0.66302	0.66338	464
2025.12.16	11:45	0.66367	0.6639	0.66363	0.66371	443
2025.12.16	12:00	0.66371	0.66374	0.66357	0.66365	415
2025.12.16	12:15	0.66376	0.66402	0.66373	0.66381	385
2025.12.16	12:30	0.66397	0.66416	0.66388	0.66403	72
2025.12.16	12:45	0.66397	0.66411	0.66383	0.66397	225
2025.12.16	13:00	0.66376	0.66391	0.6636	0.66363	297
2025.12.16	13:15	0.66358	0.66387	0.66343	0.66363	355
2025.12.16	13:30	0.66357	0.66363	0.6633	0.66343	173
2025.12.16	13:45	0.66319	0.66326	0.66315	0.66317	397
2025.12.16	14:00	0.66319	0.66333	0.66313	0.66329	98
2025.12.16	14:15	0.66341	0.66346	0.66296	0.66339	395
2025.12.16	14:30	0.66322	0.66337	0.66301	0.66329	95
2025.12.16	14:45	0.66345	0.66363	0.66312	0.66336	134
2025.12.16	15:00	0.663	0.66307	0.66297	0.66303	220
2025.12.16	15:15	0.66313	0.66328	0.66307	0.66308	250
2025.12.16	15:30	0.66292	0.66308	0.6629	0.66292	465
2025.12.16	15:45	0.663	0.66309	0.66284	0.66292	374
2025.12.16	16:00	0.66303	0.66308	0.66279	0.66292	332
2025.12.16	16:15	0.66323	0.6633	0.66313	0.66319	69
2025.12.16	16:30	0.66307	0.66321	0.66307	0.66313	144
2025.12.16	16:45	0.66353	0.66364	0.66345	0.66353	334
2025.12.16	17:00	0.66344	0.66355	0.66338	0.66344	354
2025.12.16	17:15	0.66357	0.66371	0.66351	0.66364	317
2025.12.16	17:30	0.66378	0.66386	0.66375	0.66381	297
2025.12.16	17:45	0.66422	0.66432	0.66419	0.66422	70
2025.12.16	18:00	0.66401	0.66404	0.66398	0.66403	297
2025.12.16	18:15	0.66402	0.66426	0.66402	0.66414	84
2025.12.16	18:30	0.66404	0.66439	0.66379	0.66408	149
2025.12.16	18:45	0.6641	0.66429	0.66385	0.66412	418
2025.12.16	19:00	0.66375	0.66381	0.66363	0.66377	185
2025.12.16	19:15	0.66378	0.6639	0.66357	0.66376	149
2025.12.16	19:30	0.66359	0.66368	0.66335	0.66361	252
2025.12.16	19:45	0.66352	0.66367	0.6634	0.66351	225
2025.12.16	20:00	0.66344	0.66358	0.66317	0.66335	381
2025.12.16	20:15	0.66339	0.66372	0.66327	0.66348	496
2025.12.16	20:30	0.66375	0.66392	0.66372	0.66373	334
2025.12.16	20:45	0.66404	0.66418	0.66401	0.66407	488
2025.12.16	21:00	0.66432	0.66437	0.66419	0.66431	276
2025.12.16	21:15	0.66416	0.66427	0.66402	0.66406	332
2025.12.16	21:30	0.66382	0.66394	0.66378	0.66381	89
2025.12.16	21:45	0.66409	0.66419	0.66392	0.66414	418
2025.12.16	22:00	0.66424	0.66434	0.66421	0.66423	159
2025.12.16	22:15	0.66411	0.66425	0.66407	0.66417	443
2025.12.16	22:30	0.66401	0.66403	0.66388	0.664	291
2025.12.16	22:45	0.66398	0.66414	0.66379	0.66399	82
2025.12.16	23:00	0.6642	0.66434	0.66401	0.66426	162
2025.12.16	23:15	0.6643	0.66451	0.6642	0.66425	227
2025.12.16	23:30	0.66436	0.66439	0.66416	0.66432	270
2025.12.16	23:45	0.66425	0.66438	0.66416	0.66429	334
2025.12.17	00:00	0.66449	0.66456	0.66449	0.66451	82
2025.12.17	00:15	0.66441	0.66449	0.66414	0.66428	173
2025.12.17	00:30	0.66382	0.66395	0.66352	0.66381	340
2025.12.17	00:45	0.664	0.66418	0.66386	0.66398	295
2025.12.17	01:00	0.66394	0.66402	0.66367	0.66388	183
2025.12.17	01:15	0.66399	0.66402	0.66398	0.66401	378
2025.12.17	01:30	0.66382	0.66398	0.66373	0.66384	207
2025.12.17	01:45	0.66412	0.66419	0.66404	0.66408	249
2025.12.17	02:00	0.66404	0.66405	0.6639	0.664	275
2025.12.17	02:15	0.66401	0.66406	0.66391	0.66404	126
2025.12.17	02:30	0.66413	0.66428	0.6641	0.66421	377
2025.12.17	02:45	0.66431	0.66453	0.6642	0.66439	151
2025.12.17	03:00	0.6642	0.66429	0.66404	0.66415	359
2025.12.17	03:15	0.66415	0.66426	0.66398	0.66415	353
2025.12.17	03:30	0.66422	0.66424	0.66414	0.66421	73
2025.12.17	03:45	0.66444	0.66468	0.66424	0.66448	464
2025.12.17	04:00	0.66448	0.66467	0.66439	0.66455	440
2025.12.17	04:15	0.6648	0.66512	0.66478	0.66486	85
2025.12.17	04:30	0.66496	0.66502	0.66462	0.66488	486
2025.12.17	04:45	0.66489	0.66497	0.66467	0.66478	65
2025.12.17	05:00	0.66469	0.66471	0.66456	0.66463	492
2025.12.17	05:15	0.66456	0.66456	0.66443	0.6645	291
2025.12.17	05:30	0.6645	0.66458	0.66429	0.66449	146
2025.12.17	05:45	0.66482	0.66487	0.66471	0.66482	123
2025.12.17	06:00	0.66464	0.66466	0.66422	0.66459	294
2025.12.17	06:15	0.66481	0.66503	0.66473	0.66489	422
2025.12.17	06:30	0.66493	0.66505	0.66492	0.66496	207
2025.12.17	06:45	0.66497	0.66501	0.66472	0.66497	87
2025.12.17	07:00	0.66518	0.66536	0.66502	0.66514	405
2025.12.17	07:15	0.6652	0.6654	0.6651	0.66519	177
2025.12.17	07:30	0.66519	0.66547	0.66498	0.66528	472
2025.12.17	07:45	0.66521	0.66524	0.66503	0.66523	121
2025.12.17	08:00	0.66521	0.66539	0.66518	0.66519	108
2025.12.17	08:15	0.66511	0.66531	0.66503	0.66509	84
2025.12.17	08:30	0.66513	0.66523	0.66493	0.66515	401
2025.12.17	08:45	0.66521	0.66531	0.66502	0.66522	424
2025.12.17	09:00	0.66566	0.66576	0.66552	0.66572	482
2025.12.17	09:15	0.66573	0.66579	0.66554	0.66578	318
2025.12.17	09:30	0.66575	0.66578	0.66553	0.66575	88
2025.12.17	09:45	0.66605	0.66644	0.66586	0.66609	351
2025.12.17	10:00	0.66594	0.66625	0.66584	0.66596	382
2025.12.17	10:15	0.66631	0.66634	0.66609	0.66625	97
2025.12.17	10:30	0.66646	0.66663	0.66629	0.66644	425
2025.12.17	10:45	0.66623	0.66625	0.66601	0.66621	393
2025.12.17	11:00	0.66651	0.6667	0.66633	0.66658	476
2025.12.17	11:15	0.66674	0.66684	0.6666	0.66682	433
2025.12.17	11:30	0.66719	0.66724	0.66713	0.66716	238
2025.12.17	11:45	0.66714	0.66719	0.66707	0.66711	270
2025.12.17	12:00	0.66679	0.66687	0.66661	0.66687	154
2025.12.17	12:15	0.66676	0.667	0.66654	0.66662	494
2025.12.17	12:30	0.66659	0.6666	0.66624	0.66656	311
2025.12.17	12:45	0.66677	0.66692	0.66663	0.66681	452
2025.12.17	13:00	0.66692	0.66707	0.66679	0.66688	395
2025.12.17	13:15	0.66676	0.66691	0.66675	0.66679	112
2025.12.17	13:30	0.66653	0.6667	0.6664	0.66658	219
2025.12.17	13:45	0.66661	0.66679	0.66656	0.66663	298
2025.12.17	14:00	0.66657	0.66664	0.66638	0.66645	471
2025.12.17	14:15	0.66651	0.66667	0.66623	0.66645	201
2025.12.17	14:30	0.66676	0.6669	0.66658	0.66678	252
2025.12.17	14:45	0.66686	0.66689	0.66683	0.66684	76
2025.12.17	15:00	0.66689	0.66706	0.6668	0.66692	324
2025.12.17	15:15	0.66684	0.66696	0.66659	0.66677	59
2025.12.17	15:30	0.66687	0.66727	0.66684	0.66695	314
2025.12.17	15:45	0.66682	0.66717	0.66674	0.66686	268
2025.12.17	16:00	0.66662	0.66676	0.66635	0.66672	179
2025.12.17	16:15	0.66657	0.66684	0.6664	0.66653	312
2025.12.17	16:30	0.66636	0.66638	0.66619	0.66623	316
2025.12.17	16:45	0.66619	0.66676	0.66619	0.66622	340
2025.12.17	17:00	0.66601	0.66606	0.6658	0.66598	293
2025.12.17	17:15	0.66616	0.66621	0.66591	0.66613	363
2025.12.17	17:30	0.66615	0.66627	0.66602	0.6661	267
2025.12.17	17:45	0.66624	0.6663	0.66611	0.66623	473
2025.12.17	18:00	0.66622	0.66628	0.66616	0.66627	361
2025.12.17	18:15	0.66602	0.66614	0.66584	0.66608	81
2025.12.17	18:30	0.66604	0.66622	0.66575	0.66593	398
2025.12.17	18:45	0.66615	0.66627	0.66606	0.6662	447
2025.12.17	19:00	0.66612	0.66614	0.66566	0.66609	242
2025.12.17	19:15	0.66593	0.66619	0.66586	0.66589	183
2025.12.17	19:30	0.66619	0.66625	0.66612	0.66617	278
2025.12.17	19:45	0.66587	0.66605	0.66573	0.66581	74
