2025.11.19	00:00	1.2657	1.26593	1.26564	1.26577	228
2025.11.19	00:05	1.26608	1.26616	1.26572	1.26607	488
2025.11.19	00:10	1.26568	1.26592	1.26555	1.2656	343
2025.11.19	00:15	1.26581	1.26597	1.2655	1.26596	365
2025.11.19	00:20	1.26532	1.26545	1.26514	1.26542	350
2025.11.19	00:25	1.2653	1.26531	1.26504	1.26515	443
2025.11.19	00:30	1.26602	1.26616	1.26579	1.2658	266
2025.11.19	00:35	1.26618	1.26636	1.266	1.26633	463
2025.11.19	00:40	1.26686	1.26695	1.26657	1.26663	121
2025.11.19	00:45	1.26724	1.26745	1.26712	1.26725	247
2025.11.19	00:50	1.26679	1.2669	1.26667	1.2668	227
2025.11.19	00:55	1.26694	1.26715	1.26674	1.26683	232
2025.11.19	01:00	1.26736	1.2675	1.26723	1.26728	261
2025.11.19	01:05	1.26767	1.26781	1.26762	1.26766	124
2025.11.19	01:10	1.26706	1.2674	1.26695	1.26719	149
2025.11.19	01:15	1.26729	1.26734	1.26715	1.26733	315
2025.11.19	01:20	1.26742	1.26752	1.26722	1.26747	218
2025.11.19	01:25	1.26719	1.26727	1.26702	1.26724	82
2025.11.19	01:30	1.26697	1.26709	1.2669	1.26706	276
2025.11.19	01:35	1.26711	1.26722	1.26663	1.26695	280
2025.11.19	01:40	1.2663	1.26633	1.26609	1.26626	332
2025.11.19	01:45	1.26625	1.26658	1.26618	1.26648	475
2025.11.19	01:50	1.26632	1.26671	1.26608	1.26626	318
2025.11.19	01:55	1.26678	1.26712	1.26658	1.26664	238
2025.11.19	02:00	1.26682	1.267	1.26653	1.26668	72
2025.11.19	02:05	1.26606	1.26614	1.26586	1.26586	86
2025.11.19	02:10	1.2661	1.26629	1.2659	1.2659	257
2025.11.19	02:15	1.26628	1.26662	1.26627	1.26644	55
2025.11.19	02:20	1.26716	1.2672	1.26696	1.267	174
2025.11.19	02:25	1.26685	1.26694	1.26647	1.26677	446
2025.11.19	02:30	1.26603	1.26619	1.26587	1.26594	114
2025.11.19	02:35	1.26604	1.26615	1.26586	1.26594	331
2025.11.19	02:40	1.26582	1.26594	1.26559	1.26573	152
2025.11.19	02:45	1.26493	1.26505	1.26434	1.26475	463
2025.11.19	02:50	1.26485	1.26494	1.2646	1.26492	70
2025.11.19	02:55	1.26447	1.26469	1.2644	1.26456	159
2025.11.19	03:00	1.26489	1.26495	1.26477	1.26484	165
2025.11.19	03:05	1.26514	1.26572	1.2651	1.26529	340
2025.11.19	03:10	1.2657	1.26582	1.26552	1.26562	114
2025.11.19	03:15	1.26571	1.26578	1.26567	1.26568	468
2025.11.19	03:20	1.26523	1.26534	1.26518	1.2652	152
2025.11.19	03:25	1.26477	1.26478	1.26443	1.26465	237
2025.11.19	03:30	1.26432	1.26444	1.26417	1.26428	373
2025.11.19	03:35	1.26392	1.26409	1.26362	1.26401	204
2025.11.19	03:40	1.26417	1.26429	1.2639	1.26421	422
2025.11.19	03:45	1.26395	1.26402	1.26382	1.264	253
2025.11.19	03:50	1.2636	1.26401	1.26351	1.26377	367
2025.11.19	03:55	1.26335	1.2634	1.26328	1.26338	224
2025.11.19	04:00	1.26365	1.26373	1.26347	1.26361	457
2025.11.19	04:05	1.26317	1.26319	1.26303	1.26317	359
2025.11.19	04:10	1.26346	1.26368	1.26322	1.26351	252
2025.11.19	04:15	1.26354	1.26372	1.26335	1.26366	476
2025.11.19	04:20	1.26336	1.26346	1.26322	1.2633	435
2025.11.19	04:25	1.26434	1.26439	1.26432	1.26435	484
2025.11.19	04:30	1.26431	1.26458	1.26423	1.26454	88
2025.11.19	04:35	1.26492	1.26492	1.2648	1.26484	466
2025.11.19	04:40	1.26429	1.26438	1.26405	1.26418	342
2025.11.19	04:45	1.26445	1.26462	1.26427	1.26451	258
2025.11.19	04:50	1.26465	1.26474	1.26433	1.26462	491
2025.11.19	04:55	1.26464	1.26469	1.26435	1.26451	95
2025.11.19	05:00	1.26493	1.26518	1.26491	1.26511	128
2025.11.19	05:05	1.26539	1.26559	1.26531	1.26541	308
2025.11.19	05:10	1.26606	1.26648	1.26581	1.26619	203
2025.11.19	05:15	1.26567	1.26578	1.26544	1.26569	456
2025.11.19	05:20	1.26583	1.26595	1.26572	1.26577	346
2025.11.19	05:25	1.26577	1.26591	1.26561	1.26572	345
2025.11.19	05:30	1.26588	1.26591	1.26578	1.26586	146
2025.11.19	05:35	1.26583	1.26601	1.26563	1.26582	390
2025.11.19	05:40	1.26613	1.26631	1.26586	1.26605	199
2025.11.19	05:45	1.26587	1.26597	1.26565	1.26585	235
2025.11.19	05:50	1.26573	1.26579	1.26565	1.26568	72
2025.11.19	05:55	1.26518	1.26528	1.26514	1.26522	462
2025.11.19	06:00	1.26468	1.26498	1.26446	1.26457	498
2025.11.19	06:05	1.26433	1.2646	1.26426	1.26437	492
2025.11.19	06:10	1.26449	1.26485	1.26439	1.26466	98
2025.11.19	06:15	1.26494	1.26502	1.26465	1.26497	137
2025.11.19	06:20	1.26475	1.26484	1.26463	1.26481	217
2025.11.19	06:25	1.26503	1.26517	1.26492	1.26514	423
2025.11.19	06:30	1.26521	1.26537	1.26518	1.26524	390
2025.11.19	06:35	1.26561	1.26563	1.26551	1.26553	131
2025.11.19	06:40	1.26534	1.26552	1.26494	1.26532	371
2025.11.19	06:45	1.265	1.26503	1.26484	1.26485	111
2025.11.19	06:50	1.265	1.26536	1.26494	1.26517	314
2025.11.19	06:55	1.2652	1.26574	1.26515	1.26526	410
2025.11.19	07:00	1.26473	1.26479	1.26448	1.26475	223
2025.11.19	07:05	1.2649	1.26496	1.26484	1.26495	130
2025.11.19	07:10	1.26492	1.26512	1.26476	1.26488	264
2025.11.19	07:15	1.26494	1.2652	1.26487	1.26512	316
2025.11.19	07:20	1.26562	1.26567	1.26536	1.26553	50
2025.11.19	07:25	1.26562	1.26577	1.26553	1.26576	479
2025.11.19	07:30	1.26529	1.26545	1.26524	1.26537	93
2025.11.19	07:35	1.26555	1.26561	1.2653	1.26554	331
2025.11.19	07:40	1.26514	1.26533	1.26495	1.26521	434
2025.11.19	07:45	1.26539	1.26546	1.26524	1.2654	278
2025.11.19	07:50	1.26566	1.26573	1.26553	1.26555	265
2025.11.19	07:55	1.26615	1.26626	1.26578	1.26589	390
2025.11.19	08:00	1.26667	1.26683	1.2664	1.26659	291
2025.11.19	08:05	1.26706	1.26765	1.267	1.26714	267
2025.11.19	08:10	1.26707	1.26726	1.267	1.2672	303
2025.11.19	08:15	1.26735	1.26757	1.26711	1.26732	117
2025.11.19	08:20	1.2675	1.26757	1.26728	1.26743	384
2025.11.19	08:25	1.2672	1.26721	1.26713	1.26719	292
2025.11.19	08:30	1.26702	1.26722	1.26692	1.26705	400
2025.11.19	08:35	1.26713	1.26728	1.26696	1.26725	293
2025.11.19	08:40	1.26757	1.26774	1.26751	1.26757	215
2025.11.19	08:45	1.26751	1.26778	1.26747	1.26774	355
2025.11.19	08:50	1.26818	1.26824	1.2679	1.26823	192
2025.11.19	08:55	1.26839	1.26842	1.26826	1.2683	436
2025.11.19	09:00	1.26822	1.26828	1.26815	1.26825	338
2025.11.19	09:05	1.26741	1.26774	1.26725	1.26733	128
2025.11.19	09:10	1.2683	1.26831	1.26799	1.26823	264
2025.11.19	09:15	1.2683	1.26877	1.26824	1.26851	157
2025.11.19	09:20	1.26873	1.26905	1.26863	1.26884	413
2025.11.19	09:25	1.26864	1.26896	1.26854	1.26872	435
2025.11.19	09:30	1.26892	1.26915	1.2688	1.2691	404
2025.11.19	09:35	1.26873	1.26904	1.26854	1.26868	97
2025.11.19	09:40	1.26822	1.26833	1.26818	1.26826	249
2025.11.19	09:45	1.26788	1.26799	1.26754	1.2678	336
2025.11.19	09:50	1.26742	1.26765	1.26701	1.26732	366
2025.11.19	09:55	1.26679	1.26689	1.26676	1.26676	393
2025.11.19	10:00	1.26701	1.26734	1.267	1.26711	456
2025.11.19	10:05	1.26723	1.26743	1.26704	1.2672	92
2025.11.19	10:10	1.26704	1.26726	1.26676	1.26715	406
2025.11.19	10:15	1.26679	1.26702	1.26663	1.26674	419
2025.11.19	10:20	1.26693	1.26712	1.26664	1.26706	450
2025.11.19	10:25	1.26638	1.26648	1.26607	1.26627	168
2025.11.19	10:30	1.26562	1.26585	1.26545	1.26561	286
2025.11.19	10:35	1.26603	1.26611	1.26572	1.26584	346
2025.11.19	10:40	1.26531	1.26536	1.26509	1.26534	372
2025.11.19	10:45	1.2653	1.26552	1.26515	1.2654	375
2025.11.19	10:50	1.26503	1.26547	1.26465	1.26482	201
2025.11.19	10:55	1.26505	1.26505	1.26487	1.26503	414
2025.11.19	11:00	1.26523	1.26545	1.26523	1.26535	412
2025.11.19	11:05	1.26539	1.26543	1.26533	1.26541	403
2025.11.19	11:10	1.26522	1.26536	1.26514	1.26521	497
2025.11.19	11:15	1.26491	1.26508	1.2648	1.26485	424
2025.11.19	11:20	1.26476	1.26492	1.26452	1.26474	67
2025.11.19	11:25	1.26496	1.26505	1.26491	1.26497	57
2025.11.19	11:30	1.26444	1.26468	1.26442	1.26452	231
2025.11.19	11:35	1.26448	1.26457	1.26402	1.26442	435
2025.11.19	11:40	1.26472	1.26481	1.26418	1.26452	445
2025.11.19	11:45	1.26437	1.26464	1.26405	1.26424	90
2025.11.19	11:50	1.26486	1.26486	1.26463	1.26464	285
2025.11.19	11:55	1.26507	1.2652	1.26477	1.26511	414
2025.11.19	12:00	1.2647	1.26474	1.2646	1.26472	436
2025.11.19	12:05	1.26401	1.26404	1.26364	1.26386	309
2025.11.19	12:10	1.26301	1.2632	1.26289	1.26309	117
2025.11.19	12:15	1.26347	1.26349	1.26331	1.26346	464
2025.11.19	12:20	1.26347	1.2635	1.26313	1.26339	164
2025.11.19	12:25	1.2636	1.26375	1.26341	1.26342	283
2025.11.19	12:30	1.26263	1.26274	1.26232	1.26239	441
2025.11.19	12:35	1.26245	1.26246	1.2623	1.26235	418
2025.11.19	12:40	1.26294	1.26313	1.26257	1.26299	372
2025.11.19	12:45	1.26289	1.26303	1.26282	1.26296	261
2025.11.19	12:50	1.26325	1.26344	1.26315	1.26319	158
2025.11.19	12:55	1.26385	1.26402	1.2637	1.26392	326
2025.11.19	13:00	1.26288	1.26314	1.26222	1.26261	154
2025.11.19	13:05	1.26306	1.26323	1.263	1.26303	121
2025.11.19	13:10	1.26319	1.26337	1.26316	1.26327	54
2025.11.19	13:15	1.26272	1.26303	1.26262	1.26292	337
2025.11.19	13:20	1.26311	1.26326	1.26287	1.26294	276
2025.11.19	13:25	1.26266	1.26272	1.26251	1.26272	415
2025.11.19	13:30	1.26215	1.26243	1.26196	1.26205	465
2025.11.19	13:35	1.2618	1.26192	1.2617	1.26175	277
2025.11.19	13:40	1.26134	1.26146	1.26118	1.26131	305
2025.11.19	13:45	1.261	1.26125	1.26095	1.26096	403
2025.11.19	13:50	1.26102	1.2614	1.26087	1.26123	199
2025.11.19	13:55	1.26058	1.26068	1.26053	1.26064	429
2025.11.19	14:00	1.26048	1.26062	1.26017	1.2602	422
2025.11.19	14:05	1.26041	1.2606	1.26015	1.26034	123
2025.11.19	14:10	1.26036	1.26098	1.26034	1.26061	367
2025.11.19	14:15	1.26001	1.26011	1.25987	1.25997	336
2025.11.19	14:20	1.25915	1.2594	1.25886	1.25926	419
2025.11.19	14:25	1.25936	1.25955	1.25908	1.25947	105
2025.11.19	14:30	1.2595	1.25965	1.25935	1.25944	237
2025.11.19	14:35	1.2591	1.25914	1.25894	1.25898	156
2025.11.19	14:40	1.25918	1.2594	1.25907	1.25929	217
2025.11.19	14:45	1.25931	1.25946	1.25909	1.25946	388
2025.11.19	14:50	1.25915	1.25931	1.25909	1.25929	260
2025.11.19	14:55	1.25942	1.25973	1.25934	1.25962	433
2025.11.19	15:00	1.2591	1.25978	1.25897	1.25934	478
2025.11.19	15:05	1.2598	1.26006	1.2597	1.25971	437
2025.11.19	15:10	1.26014	1.26046	1.26005	1.26007	401
2025.11.19	15:15	1.26001	1.26004	1.2598	1.25986	139
2025.11.19	15:20	1.2598	1.25986	1.25975	1.25978	174
2025.11.19	15:25	1.25931	1.2594	1.25912	1.25921	204
2025.11.19	15:30	1.25961	1.25977	1.25951	1.25975	278
2025.11.19	15:35	1.25936	1.25947	1.25911	1.25931	238
2025.11.19	15:40	1.25907	1.25913	1.25892	1.25906	322
2025.11.19	15:45	1.25906	1.25953	1.25905	1.25932	198
2025.11.19	15:50	1.25953	1.25957	1.25951	1.25952	128
2025.11.19	15:55	1.26004	1.26016	1.25974	1.25989	126
2025.11.19	16:00	1.25985	1.25991	1.25955	1.25989	73
2025.11.19	16:05	1.26023	1.26034	1.25998	1.26025	194
2025.11.19	16:10	1.26055	1.26078	1.26043	1.26071	173
2025.11.19	16:15	1.2603	1.26049	1.26024	1.26044	277
2025.11.19	16:20	1.26058	1.26087	1.26044	1.26069	273
2025.11.19	16:25	1.26047	1.26096	1.26035	1.26071	189
2025.11.19	16:30	1.26072	1.26086	1.26064	1.2607	294
2025.11.19	16:35	1.26049	1.26069	1.26025	1.26044	121
2025.11.19	16:40	1.26072	1.26096	1.26058	1.26089	357
2025.11.19	16:45	1.26147	1.26171	1.26129	1.26158	214
2025.11.19	16:50	1.26171	1.26187	1.26163	1.26177	380
2025.11.19	16:55	1.2619	1.26214	1.26188	1.262	311
2025.11.19	17:00	1.26246	1.2626	1.26229	1.2624	340
2025.11.19	17:05	1.26255	1.26269	1.26226	1.26238	236
2025.11.19	17:10	1.2622	1.26243	1.26216	1.26229	323
2025.11.19	17:15	1.26173	1.26175	1.26156	1.26165	261
2025.11.19	17:20	1.26162	1.26194	1.26133	1.26167	253
2025.11.19	17:25	1.26188	1.2619	1.26179	1.26188	161
2025.11.19	17:30	1.26123	1.26144	1.26087	1.26105	185
2025.11.19	17:35	1.26097	1.26113	1.26068	1.26079	318
2025.11.19	17:40	1.26087	1.26099	1.26057	1.26072	450
2025.11.19	17:45	1.26086	1.26105	1.26076	1.26086	305
2025.11.19	17:50	1.26188	1.262	1.26183	1.26186	239
2025.11.19	17:55	1.26255	1.26267	1.26245	1.26253	207
2025.11.19	18:00	1.26225	1.26258	1.26215	1.26221	269
2025.11.19	18:05	1.26208	1.26221	1.26198	1.26203	476
2025.11.19	18:10	1.26223	1.26241	1.26214	1.26227	285
2025.11.19	18:15	1.26254	1.26263	1.26244	1.26253	423
2025.11.19	18:20	1.26275	1.26305	1.26273	1.2629	322
2025.11.19	18:25	1.2634	1.26345	1.26327	1.26342	290
2025.11.19	18:30	1.2629	1.26292	1.26266	1.26282	206
2025.11.19	18:35	1.26259	1.26272	1.26253	1.26261	479
2025.11.19	18:40	1.26276	1.26299	1.26271	1.26285	166
2025.11.19	18:45	1.26281	1.26289	1.26265	1.26283	434
2025.11.19	18:50	1.2634	1.2637	1.26338	1.26339	477
2025.11.19	18:55	1.26337	1.26351	1.26324	1.2633	124
2025.11.19	19:00	1.26301	1.26303	1.26297	1.26302	78
2025.11.19	19:05	1.26342	1.26367	1.26338	1.26357	429
2025.11.19	19:10	1.26332	1.26343	1.26318	1.26339	224
2025.11.19	19:15	1.26316	1.26331	1.26311	1.2633	430
2025.11.19	19:20	1.26351	1.26361	1.26337	1.26358	257
2025.11.19	19:25	1.2635	1.26362	1.26339	1.26359	172
2025.11.19	19:30	1.26353	1.26358	1.26327	1.26348	329
2025.11.19	19:35	1.26335	1.26347	1.26302	1.26331	183
2025.11.19	19:40	1.26299	1.26312	1.2628	1.26295	216
2025.11.19	19:45	1.2632	1.26325	1.26315	1.26321	278
2025.11.19	19:50	1.26328	1.26333	1.26317	1.26325	350
2025.11.19	19:55	1.26274	1.26302	1.26262	1.26278	389
2025.11.19	20:00	1.26251	1.26256	1.26225	1.26248	304
2025.11.19	20:05	1.26211	1.26226	1.262	1.26208	191
2025.11.19	20:10	1.26231	1.2628	1.262	1.26223	129
2025.11.19	20:15	1.26209	1.26224	1.26163	1.26214	340
2025.11.19	20:20	1.26218	1.26219	1.26192	1.26217	271
2025.11.19	20:25	1.26279	1.2629	1.26241	1.26252	431
2025.11.19	20:30	1.26225	1.26241	1.26205	1.26209	341
2025.11.19	20:35	1.26253	1.26271	1.26253	1.2626	165
2025.11.19	20:40	1.2619	1.26219	1.26161	1.2618	59
2025.11.19	20:45	1.26234	1.26241	1.26193	1.26209	354
2025.11.19	20:50	1.26157	1.26175	1.26139	1.26161	464
2025.11.19	20:55	1.2613	1.26134	1.2608	1.26107	300
2025.11.19	21:00	1.26121	1.26133	1.26114	1.26118	486
2025.11.19	21:05	1.26111	1.26128	1.26099	1.26113	362
2025.11.19	21:10	1.26092	1.26097	1.26042	1.26066	309
2025.11.19	21:15	1.26106	1.26118	1.2608	1.26115	110
2025.11.19	21:20	1.26147	1.26172	1.26129	1.26154	383
2025.11.19	21:25	1.26125	1.26165	1.26122	1.26151	166
2025.11.19	21:30	1.261	1.26151	1.26095	1.26116	187
2025.11.19	21:35	1.26125	1.26137	1.26104	1.26114	482
2025.11.19	21:40	1.26098	1.2611	1.26086	1.26095	290
2025.11.19	21:45	1.26046	1.26073	1.2604	1.26068	441
2025.11.19	21:50	1.26137	1.26143	1.26122	1.26131	192
2025.11.19	21:55	1.26095	1.26117	1.26094	1.26106	59
2025.11.19	22:00	1.26158	1.2617	1.26115	1.26149	442
2025.11.19	22:05	1.26156	1.26172	1.26147	1.26163	276
2025.11.19	22:10	1.26191	1.26208	1.26183	1.262	55
2025.11.19	22:15	1.26166	1.26174	1.26152	1.26166	373
2025.11.19	22:20	1.26126	1.26153	1.2612	1.26141	453
2025.11.19	22:25	1.26172	1.26201	1.26172	1.26188	96
2025.11.19	22:30	1.2621	1.2623	1.2619	1.26219	469
2025.11.19	22:35	1.26183	1.26198	1.26164	1.2618	340
2025.11.19	22:40	1.26212	1.26267	1.26194	1.26228	473
2025.11.19	22:45	1.26209	1.26233	1.26193	1.26214	57
2025.11.19	22:50	1.26213	1.26235	1.26193	1.26199	451
2025.11.19	22:55	1.26167	1.26179	1.26166	1.26177	138
2025.11.19	23:00	1.26102	1.26105	1.26078	1.26099	76
2025.11.19	23:05	1.26129	1.26135	1.26119	1.26128	308
2025.11.19	23:10	1.26149	1.26154	1.26148	1.26149	479
2025.11.19	23:15	1.26132	1.26137	1.26121	1.26131	343
2025.11.19	23:20	1.26105	1.26138	1.26066	1.26087	233
2025.11.19	23:25	1.2611	1.26124	1.26103	1.26112	373
2025.11.19	23:30	1.26193	1.26202	1.26151	1.26166	303
2025.11.19	23:35	1.26202	1.26203	1.26191	1.26199	330
2025.11.19	23:40	1.26161	1.26174	1.26147	1.26149	318
2025.11.19	23:45	1.2614	1.26156	1.2611	1.26138	144
2025.11.19	23:50	1.26045	1.26072	1.26042	1.26055	95
2025.11.19	23:55	1.26044	1.26057	1.26017	1.26019	330
2025.11.20	00:00	1.25975	1.25985	1.25956	1.25973	354
2025.11.20	00:05	1.25974	1.2599	1.25951	1.25984	271
2025.11.20	00:10	1.26012	1.26032	1.2599	1.26022	166
2025.11.20	00:15	1.25994	1.26015	1.25989	1.26004	180
2025.11.20	00:20	1.25987	1.25996	1.25961	1.25977	208
2025.11.20	00:25	1.25883	1.25929	1.2588	1.25897	465
2025.11.20	00:30	1.25912	1.25923	1.25903	1.2592	329
2025.11.20	00:35	1.25893	1.25902	1.25888	1.25896	360
2025.11.20	00:40	1.25883	1.25906	1.25856	1.2589	98
2025.11.20	00:45	1.25857	1.25867	1.25839	1.25852	298
2025.11.20	00:50	1.2578	1.25792	1.25774	1.25783	388
2025.11.20	00:55	1.25833	1.25851	1.25818	1.25824	349
2025.11.20	01:00	1.25857	1.25859	1.25845	1.25854	359
2025.11.20	01:05	1.258	1.25813	1.25785	1.25794	351
2025.11.20	01:10	1.25774	1.25777	1.2577	1.25775	216
2025.11.20	01:15	1.25743	1.25743	1.25725	1.25733	287
2025.11.20	01:20	1.25791	1.2581	1.25777	1.25792	486
2025.11.20	01:25	1.25819	1.25834	1.25804	1.25831	368
2025.11.20	01:30	1.25828	1.25828	1.2581	1.25823	450
2025.11.20	01:35	1.25827	1.25836	1.25803	1.25832	266
2025.11.20	01:40	1.25826	1.25836	1.25814	1.25821	486
2025.11.20	01:45	1.25789	1.25803	1.2577	1.25793	176
2025.11.20	01:50	1.25768	1.25808	1.25749	1.25782	106
2025.11.20	01:55	1.25762	1.2577	1.25722	1.25743	71
2025.11.20	02:00	1.25765	1.25801	1.25757	1.25785	147
2025.11.20	02:05	1.25773	1.25774	1.25738	1.25764	422
2025.11.20	02:10	1.25789	1.2579	1.25774	1.25784	55
2025.11.20	02:15	1.25792	1.25799	1.25767	1.25787	448
2025.11.20	02:20	1.25761	1.25781	1.25746	1.25774	150
2025.11.20	02:25	1.25766	1.25785	1.25759	1.25779	267
2025.11.20	02:30	1.25748	1.25757	1.25733	1.25738	268
2025.11.20	02:35	1.25773	1.25782	1.25763	1.25768	203
2025.11.20	02:40	1.25827	1.25829	1.25819	1.25823	196
2025.11.20	02:45	1.25887	1.25908	1.25881	1.259	297
2025.11.20	02:50	1.25868	1.2592	1.25858	1.25884	385
2025.11.20	02:55	1.25966	1.25988	1.25954	1.25971	491
2025.11.20	03:00	1.2599	1.26003	1.25965	1.25996	493
2025.11.20	03:05	1.25979	1.26002	1.25979	1.25983	364
2025.11.20	03:10	1.25963	1.25986	1.25941	1.25967	195
2025.11.20	03:15	1.25919	1.25938	1.25908	1.25913	316
2025.11.20	03:20	1.25865	1.25877	1.25854	1.25864	309
2025.11.20	03:25	1.25887	1.2589	1.25875	1.25875	76
2025.11.20	03:30	1.25868	1.25874	1.25867	1.25872	322
2025.11.20	03:35	1.25903	1.25917	1.25889	1.25889	217
2025.11.20	03:40	1.25869	1.25876	1.25821	1.25849	388
2025.11.20	03:45	1.25834	1.25845	1.25815	1.2584	108
2025.11.20	03:50	1.25749	1.25772	1.25715	1.25737	452
2025.11.20	03:55	1.25744	1.25749	1.25715	1.25721	426
2025.11.20	04:00	1.25645	1.25651	1.25644	1.2565	460
2025.11.20	04:05	1.25691	1.25702	1.25681	1.25687	69
2025.11.20	04:10	1.25688	1.25691	1.25641	1.25669	201
2025.11.20	04:15	1.25641	1.25664	1.2563	1.25639	210
2025.11.20	04:20	1.25638	1.25659	1.2563	1.25655	440
2025.11.20	04:25	1.25627	1.25634	1.25619	1.25629	410
2025.11.20	04:30	1.2569	1.25705	1.25661	1.257	348
2025.11.20	04:35	1.25778	1.25806	1.25751	1.25772	184
2025.11.20	04:40	1.25755	1.25781	1.25748	1.25764	397
2025.11.20	04:45	1.25766	1.2578	1.25752	1.25755	78
2025.11.20	04:50	1.25825	1.25828	1.25809	1.25818	419
2025.11.20	04:55	1.25911	1.25929	1.25908	1.25911	116
2025.11.20	05:00	1.25862	1.25894	1.2585	1.25876	140
2025.11.20	05:05	1.25815	1.25831	1.25808	1.25826	298
2025.11.20	05:10	1.2576	1.25775	1.2576	1.25762	205
2025.11.20	05:15	1.25672	1.25677	1.25663	1.25676	388
2025.11.20	05:20	1.2574	1.25761	1.25722	1.25746	482
2025.11.20	05:25	1.25723	1.25743	1.25714	1.25715	267
2025.11.20	05:30	1.25714	1.25715	1.25681	1.25694	230
2025.11.20	05:35	1.25727	1.25755	1.25714	1.25735	222
2025.11.20	05:40	1.25736	1.25753	1.25725	1.25729	448
2025.11.20	05:45	1.25708	1.25734	1.25688	1.2569	378
2025.11.20	05:50	1.25637	1.25655	1.2562	1.25652	133
2025.11.20	05:55	1.25658	1.25667	1.25646	1.25658	317
2025.11.20	06:00	1.25644	1.25655	1.25632	1.25639	93
2025.11.20	06:05	1.25617	1.25619	1.25586	1.25601	111
2025.11.20	06:10	1.25603	1.25638	1.25597	1.25615	488
2025.11.20	06:15	1.25579	1.25585	1.25558	1.25577	279
2025.11.20	06:20	1.2554	1.25545	1.25517	1.25534	429
2025.11.20	06:25	1.25551	1.25558	1.25534	1.25543	345
2025.11.20	06:30	1.2554	1.25564	1.25536	1.25547	235
2025.11.20	06:35	1.25574	1.25608	1.25543	1.25584	216
2025.11.20	06:40	1.25543	1.2555	1.25528	1.25534	174
2025.11.20	06:45	1.25571	1.25583	1.25547	1.25576	261
2025.11.20	06:50	1.25564	1.25594	1.25561	1.2557	332
2025.11.20	06:55	1.2559	1.25596	1.25563	1.25575	150
2025.11.20	07:00	1.25529	1.2555	1.25503	1.25514	327
2025.11.20	07:05	1.2552	1.25529	1.25505	1.25522	178
2025.11.20	07:10	1.25565	1.25578	1.25544	1.25545	196
2025.11.20	07:15	1.25585	1.25597	1.25571	1.25586	358
2025.11.20	07:20	1.25657	1.25673	1.25654	1.25659	464
2025.11.20	07:25	1.25622	1.2564	1.25571	1.25589	245
2025.11.20	07:30	1.25554	1.25579	1.2555	1.2557	443
2025.11.20	07:35	1.25596	1.25639	1.25572	1.25609	63
2025.11.20	07:40	1.25598	1.25619	1.25564	1.25579	436
2025.11.20	07:45	1.25605	1.25611	1.25596	1.25602	89
2025.11.20	07:50	1.25629	1.25646	1.25629	1.25642	337
2025.11.20	07:55	1.25728	1.25761	1.2572	1.25731	359
2025.11.20	08:00	1.25784	1.25797	1.25751	1.2579	90
2025.11.20	08:05	1.25827	1.25837	1.25805	1.25835	354
2025.11.20	08:10	1.25901	1.25912	1.25892	1.25899	183
2025.11.20	08:15	1.25893	1.25941	1.25881	1.25905	455
2025.11.20	08:20	1.25906	1.25929	1.25895	1.25927	279
2025.11.20	08:25	1.25944	1.25947	1.25925	1.25939	202
2025.11.20	08:30	1.2595	1.25959	1.25946	1.25946	346
2025.11.20	08:35	1.25926	1.25948	1.25911	1.25929	151
2025.11.20	08:40	1.25955	1.25982	1.25947	1.25963	228
2025.11.20	08:45	1.25971	1.25973	1.2596	1.25966	470
2025.11.20	08:50	1.25997	1.26016	1.25986	1.26012	220
2025.11.20	08:55	1.25981	1.25989	1.25972	1.25978	475
2025.11.20	09:00	1.25895	1.25909	1.25886	1.25904	373
2025.11.20	09:05	1.25996	1.26017	1.25971	1.26009	336
2025.11.20	09:10	1.26046	1.26056	1.26035	1.2604	238
2025.11.20	09:15	1.26044	1.26056	1.26002	1.26036	249
2025.11.20	09:20	1.26057	1.2607	1.26026	1.26044	369
2025.11.20	09:25	1.26081	1.26093	1.26075	1.26077	175
2025.11.20	09:30	1.26099	1.26121	1.2608	1.26107	201
2025.11.20	09:35	1.26118	1.26137	1.26116	1.26129	398
2025.11.20	09:40	1.26072	1.26078	1.26067	1.26071	166
2025.11.20	09:45	1.26046	1.26063	1.26016	1.26041	50
2025.11.20	09:50	1.26034	1.26072	1.26007	1.26055	313
2025.11.20	09:55	1.25975	1.25976	1.25971	1.25975	280
2025.11.20	10:00	1.2592	1.25925	1.2588	1.25905	268
2025.11.20	10:05	1.25865	1.25865	1.2582	1.25851	118
2025.11.20	10:10	1.2589	1.25902	1.25862	1.25894	234
2025.11.20	10:15	1.25909	1.25911	1.25899	1.25902	235
2025.11.20	10:20	1.25912	1.25919	1.25893	1.25901	271
2025.11.20	10:25	1.25927	1.25936	1.25899	1.25911	388
2025.11.20	10:30	1.25911	1.25912	1.25882	1.25888	81
2025.11.20	10:35	1.25944	1.25951	1.25937	1.25944	115
2025.11.20	10:40	1.25969	1.25986	1.25959	1.2598	182
2025.11.20	10:45	1.25973	1.25998	1.25973	1.25975	200
2025.11.20	10:50	1.26008	1.26019	1.25997	1.26	89
2025.11.20	10:55	1.2601	1.26045	1.25989	1.26005	146
2025.11.20	11:00	1.26052	1.2608	1.26044	1.2608	238
2025.11.20	11:05	1.26136	1.26174	1.26136	1.26142	463
2025.11.20	11:10	1.2611	1.26138	1.26091	1.26106	286
2025.11.20	11:15	1.26125	1.26139	1.26124	1.26136	428
2025.11.20	11:20	1.26176	1.26193	1.26174	1.26188	390
2025.11.20	11:25	1.26154	1.26179	1.26126	1.2614	227
2025.11.20	11:30	1.26085	1.26119	1.26068	1.26106	451
2025.11.20	11:35	1.26131	1.26144	1.26109	1.26129	100
2025.11.20	11:40	1.26193	1.26211	1.26175	1.26202	296
2025.11.20	11:45	1.2611	1.26112	1.26098	1.26109	60
2025.11.20	11:50	1.26137	1.26149	1.26121	1.26122	322
2025.11.20	11:55	1.26098	1.26102	1.26083	1.26093	51
2025.11.20	12:00	1.26061	1.26066	1.26041	1.26061	245
2025.11.20	12:05	1.26107	1.26113	1.26091	1.26091	154
2025.11.20	12:10	1.26061	1.26093	1.26052	1.26073	469
2025.11.20	12:15	1.26061	1.26079	1.26043	1.26073	272
2025.11.20	12:20	1.26095	1.26125	1.2608	1.26115	395
2025.11.20	12:25	1.26173	1.26198	1.26159	1.26171	268
2025.11.20	12:30	1.26163	1.26173	1.26143	1.26161	202
2025.11.20	12:35	1.26096	1.26102	1.26079	1.26094	76
2025.11.20	12:40	1.26107	1.26127	1.2608	1.26114	128
2025.11.20	12:45	1.26091	1.26099	1.26072	1.26085	239
2025.11.20	12:50	1.26093	1.26097	1.26067	1.26085	171
2025.11.20	12:55	1.26021	1.26034	1.26004	1.26023	355
2025.11.20	13:00	1.2606	1.2606	1.26031	1.26039	148
2025.11.20	13:05	1.26099	1.26119	1.26084	1.26109	157
2025.11.20	13:10	1.26101	1.26108	1.26095	1.261	282
2025.11.20	13:15	1.26101	1.26113	1.26089	1.2609	427
2025.11.20	13:20	1.26148	1.26169	1.26124	1.26168	398
2025.11.20	13:25	1.26136	1.26147	1.26103	1.26128	244
2025.11.20	13:30	1.26061	1.26077	1.26048	1.26069	490
2025.11.20	13:35	1.2605	1.26056	1.26032	1.26043	85
2025.11.20	13:40	1.26037	1.26063	1.26034	1.26057	405
2025.11.20	13:45	1.26067	1.26072	1.26065	1.26067	177
2025.11.20	13:50	1.26099	1.261	1.26089	1.26092	470
2025.11.20	13:55	1.2609	1.26123	1.26063	1.26102	207
2025.11.20	14:00	1.26126	1.26144	1.26097	1.26123	143
2025.11.20	14:05	1.26175	1.26192	1.26156	1.26184	257
2025.11.20	14:10	1.2614	1.26185	1.26111	1.2613	113
2025.11.20	14:15	1.26176	1.26185	1.26164	1.26182	339
2025.11.20	14:20	1.26241	1.26258	1.26233	1.26236	457
2025.11.20	14:25	1.26217	1.26229	1.26188	1.26214	157
2025.11.20	14:30	1.26176	1.26189	1.26164	1.26168	290
2025.11.20	14:35	1.26182	1.26192	1.26165	1.26173	238
2025.11.20	14:40	1.26163	1.26174	1.2614	1.26146	167
2025.11.20	14:45	1.26125	1.26145	1.26094	1.2611	258
2025.11.20	14:50	1.26094	1.26109	1.26055	1.26088	423
2025.11.20	14:55	1.26128	1.26145	1.26114	1.26139	349
2025.11.20	15:00	1.26166	1.26181	1.26141	1.26162	491
2025.11.20	15:05	1.26205	1.2621	1.26187	1.26199	57
2025.11.20	15:10	1.26201	1.26236	1.26201	1.2621	438
2025.11.20	15:15	1.26148	1.26183	1.26147	1.26167	484
2025.11.20	15:20	1.26171	1.26176	1.26155	1.26167	490
2025.11.20	15:25	1.26107	1.26132	1.26099	1.26121	375
2025.11.20	15:30	1.26163	1.26174	1.26149	1.26159	250
2025.11.20	15:35	1.26167	1.26187	1.26138	1.26164	475
2025.11.20	15:40	1.26177	1.26179	1.2617	1.26172	413
2025.11.20	15:45	1.26158	1.26166	1.26139	1.26146	264
2025.11.20	15:50	1.2615	1.2616	1.26146	1.26149	116
2025.11.20	15:55	1.26167	1.26186	1.26134	1.26175	159
2025.11.20	16:00	1.26158	1.26181	1.26146	1.26163	99
2025.11.20	16:05	1.2618	1.2619	1.26175	1.26176	258
2025.11.20	16:10	1.26168	1.26184	1.26162	1.2617	435
2025.11.20	16:15	1.26223	1.26233	1.2615	1.26186	126
2025.11.20	16:20	1.2625	1.26287	1.26221	1.26266	347
2025.11.20	16:25	1.26252	1.26266	1.26229	1.26248	434
2025.11.20	16:30	1.2624	1.26245	1.26204	1.26222	413
2025.11.20	16:35	1.26181	1.26203	1.26141	1.26182	203
2025.11.20	16:40	1.26139	1.26142	1.26129	1.26139	329
2025.11.20	16:45	1.26132	1.26133	1.26107	1.26126	492
2025.11.20	16:50	1.26136	1.26149	1.261	1.26119	379
2025.11.20	16:55	1.26153	1.26154	1.26142	1.26149	212
2025.11.20	17:00	1.26168	1.2619	1.26152	1.26177	65
2025.11.20	17:05	1.26216	1.2622	1.2619	1.26214	375
2025.11.20	17:10	1.26376	1.26392	1.26366	1.26389	402
2025.11.20	17:15	1.26372	1.26403	1.26347	1.26379	468
2025.11.20	17:20	1.26358	1.26366	1.26344	1.26362	301
2025.11.20	17:25	1.26402	1.26408	1.264	1.26405	262
2025.11.20	17:30	1.26406	1.26427	1.26398	1.26424	344
2025.11.20	17:35	1.26424	1.26425	1.26398	1.26408	487
2025.11.20	17:40	1.26403	1.2642	1.26389	1.2639	313
2025.11.20	17:45	1.26411	1.26427	1.26408	1.26416	360
2025.11.20	17:50	1.26403	1.2642	1.26396	1.2641	71
2025.11.20	17:55	1.26456	1.26473	1.26439	1.26452	374
2025.11.20	18:00	1.26484	1.26491	1.2648	1.26489	300
2025.11.20	18:05	1.26484	1.26502	1.26463	1.26491	371
2025.11.20	18:10	1.26458	1.26488	1.26441	1.26483	305
2025.11.20	18:15	1.26487	1.2651	1.26465	1.26495	315
2025.11.20	18:20	1.26531	1.26536	1.26518	1.26525	145
2025.11.20	18:25	1.26535	1.26568	1.26505	1.26549	65
2025.11.20	18:30	1.26508	1.2651	1.26495	1.26507	195
2025.11.20	18:35	1.26482	1.26501	1.26467	1.26489	155
2025.11.20	18:40	1.26515	1.26531	1.26511	1.26516	58
2025.11.20	18:45	1.26469	1.26485	1.26463	1.26483	131
2025.11.20	18:50	1.26484	1.26492	1.2645	1.2647	363
2025.11.20	18:55	1.26444	1.26453	1.26436	1.26449	413
2025.11.20	19:00	1.2649	1.26521	1.26485	1.26492	300
2025.11.20	19:05	1.26467	1.26504	1.26456	1.26476	475
2025.11.20	19:10	1.26523	1.26523	1.26491	1.26509	126
2025.11.20	19:15	1.26621	1.26636	1.26601	1.26635	122
2025.11.20	19:20	1.26551	1.26553	1.26525	1.26539	451
2025.11.20	19:25	1.26551	1.26555	1.26525	1.26547	88
2025.11.20	19:30	1.26512	1.26528	1.26506	1.2652	461
2025.11.20	19:35	1.26478	1.26497	1.2647	1.26482	485
2025.11.20	19:40	1.26511	1.26529	1.2649	1.26513	182
2025.11.20	19:45	1.26551	1.26556	1.26528	1.26537	325
2025.11.20	19:50	1.26555	1.26568	1.26543	1.26554	352
2025.11.20	19:55	1.26512	1.26517	1.26479	1.26486	271
2025.11.20	20:00	1.26492	1.26504	1.26462	1.2649	239
2025.11.20	20:05	1.26523	1.26531	1.2651	1.26516	215
2025.11.20	20:10	1.26524	1.26549	1.26509	1.26529	149
2025.11.20	20:15	1.26583	1.26586	1.2656	1.26562	126
2025.11.20	20:20	1.26561	1.2657	1.26547	1.2656	285
2025.11.20	20:25	1.26552	1.26564	1.26531	1.26539	305
2025.11.20	20:30	1.26609	1.26624	1.26575	1.26619	262
2025.11.20	20:35	1.26638	1.26662	1.26624	1.26651	107
2025.11.20	20:40	1.26673	1.26685	1.26649	1.26662	232
2025.11.20	20:45	1.26695	1.26701	1.2668	1.26698	444
2025.11.20	20:50	1.26622	1.26627	1.26584	1.26601	204
2025.11.20	20:55	1.26623	1.26639	1.26613	1.26625	363
2025.11.20	21:00	1.26665	1.26699	1.26663	1.26666	175
2025.11.20	21:05	1.26757	1.26777	1.2673	1.26734	336
2025.11.20	21:10	1.26657	1.26672	1.26636	1.26659	312
2025.11.20	21:15	1.26659	1.26667	1.26633	1.26657	336
2025.11.20	21:20	1.26689	1.2669	1.26664	1.26683	224
2025.11.20	21:25	1.26691	1.26725	1.26682	1.26709	457
2025.11.20	21:30	1.26713	1.26725	1.26693	1.26706	106
2025.11.20	21:35	1.26664	1.26674	1.26662	1.26664	368
2025.11.20	21:40	1.26641	1.26662	1.2663	1.26634	382
2025.11.20	21:45	1.26623	1.26636	1.26613	1.26632	102
2025.11.20	21:50	1.26594	1.26622	1.26587	1.26602	293
2025.11.20	21:55	1.2666	1.26683	1.26634	1.2664	425
2025.11.20	22:00	1.2667	1.26693	1.26665	1.26674	401
2025.11.20	22:05	1.26704	1.26736	1.26679	1.26718	304
2025.11.20	22:10	1.26741	1.26764	1.26736	1.26736	496
2025.11.20	22:15	1.26756	1.26784	1.26704	1.26744	286
2025.11.20	22:20	1.26709	1.2671	1.26679	1.26699	184
2025.11.20	22:25	1.26678	1.26697	1.26656	1.26685	402
2025.11.20	22:30	1.26706	1.26713	1.26696	1.26706	170
2025.11.20	22:35	1.26648	1.26669	1.26617	1.26655	341
2025.11.20	22:40	1.26663	1.26682	1.26646	1.2667	169
2025.11.20	22:45	1.26695	1.26721	1.26692	1.26718	134
2025.11.20	22:50	1.26702	1.26717	1.26702	1.26707	457
2025.11.20	22:55	1.26716	1.26742	1.26705	1.26714	389
2025.11.20	23:00	1.26743	1.26752	1.2673	1.26732	75
2025.11.20	23:05	1.26747	1.26757	1.26716	1.26733	181
2025.11.20	23:10	1.26628	1.2665	1.26607	1.26622	315
2025.11.20	23:15	1.26604	1.2661	1.26592	1.26597	481
2025.11.20	23:20	1.26623	1.26658	1.26617	1.26657	394
2025.11.20	23:25	1.26689	1.26709	1.26683	1.26695	132
2025.11.20	23:30	1.26701	1.26723	1.26682	1.26716	161
2025.11.20	23:35	1.26693	1.26704	1.2667	1.26684	298
2025.11.20	23:40	1.26669	1.26696	1.26643	1.26658	237
2025.11.20	23:45	1.26696	1.26747	1.26695	1.267	256
2025.11.20	23:50	1.26714	1.26744	1.26698	1.26717	492
2025.11.20	23:55	1.26736	1.26755	1.26724	1.2674	56
2025.11.21	00:00	1.26713	1.26734	1.26704	1.26709	217
2025.11.21	00:05	1.26698	1.26704	1.26661	1.2669	87
2025.11.21	00:10	1.26738	1.26749	1.26734	1.26742	315
2025.11.21	00:15	1.26778	1.26798	1.26758	1.26778	488
2025.11.21	00:20	1.26715	1.26726	1.26679	1.26702	145
2025.11.21	00:25	1.26681	1.26707	1.26674	1.26685	317
2025.11.21	00:30	1.26781	1.26793	1.26768	1.2678	430
2025.11.21	00:35	1.26805	1.26817	1.26791	1.26799	159
2025.11.21	00:40	1.26784	1.26801	1.26782	1.2679	143
2025.11.21	00:45	1.2685	1.26879	1.26848	1.26849	93
2025.11.21	00:50	1.26869	1.2688	1.26858	1.26871	278
2025.11.21	00:55	1.26847	1.26878	1.26844	1.26848	214
2025.11.21	01:00	1.26839	1.26876	1.26835	1.26856	485
2025.11.21	01:05	1.26863	1.26898	1.26829	1.26857	439
2025.11.21	01:10	1.26897	1.26901	1.2688	1.26893	279
2025.11.21	01:15	1.26924	1.2695	1.26921	1.26928	115
2025.11.21	01:20	1.26922	1.2693	1.2689	1.26922	228
2025.11.21	01:25	1.26893	1.2691	1.26874	1.26897	398
2025.11.21	01:30	1.26852	1.26864	1.26846	1.26863	387
2025.11.21	01:35	1.26851	1.26852	1.26827	1.26843	311
2025.11.21	01:40	1.26796	1.26819	1.26766	1.26778	266
2025.11.21	01:45	1.26738	1.26749	1.2673	1.2673	119
2025.11.21	01:50	1.26711	1.26731	1.267	1.26729	217
2025.11.21	01:55	1.26687	1.26689	1.2667	1.26675	375
2025.11.21	02:00	1.26653	1.26666	1.26633	1.26648	359
2025.11.21	02:05	1.26694	1.26708	1.2668	1.26695	100
2025.11.21	02:10	1.2671	1.26733	1.267	1.26732	196
2025.11.21	02:15	1.26767	1.26783	1.26744	1.26766	331
2025.11.21	02:20	1.26753	1.2677	1.26747	1.26754	175
2025.11.21	02:25	1.26732	1.26743	1.26713	1.26738	57
2025.11.21	02:30	1.26722	1.26727	1.26712	1.26717	174
2025.11.21	02:35	1.26768	1.26799	1.26755	1.26786	57
2025.11.21	02:40	1.26776	1.26788	1.26769	1.26777	54
2025.11.21	02:45	1.26747	1.26757	1.26734	1.26742	140
2025.11.21	02:50	1.26721	1.26726	1.2672	1.26725	377
2025.11.21	02:55	1.26694	1.26728	1.26673	1.2672	379
2025.11.21	03:00	1.26782	1.26785	1.26762	1.26776	309
2025.11.21	03:05	1.26789	1.26809	1.26779	1.26796	330
2025.11.21	03:10	1.2676	1.26765	1.26737	1.26755	320
2025.11.21	03:15	1.26806	1.26826	1.26782	1.26809	401
2025.11.21	03:20	1.26806	1.26827	1.26789	1.26815	359
2025.11.21	03:25	1.26822	1.26857	1.26784	1.26803	101
2025.11.21	03:30	1.26746	1.26748	1.26738	1.26745	376
2025.11.21	03:35	1.26783	1.26791	1.26781	1.26787	210
2025.11.21	03:40	1.26722	1.26751	1.26714	1.26741	406
2025.11.21	03:45	1.26768	1.26784	1.26733	1.26758	228
2025.11.21	03:50	1.26708	1.26729	1.26688	1.26689	243
2025.11.21	03:55	1.26717	1.26743	1.26691	1.26709	318
2025.11.21	04:00	1.26696	1.26708	1.2668	1.26693	373
2025.11.21	04:05	1.26634	1.2666	1.26607	1.26634	102
2025.11.21	04:10	1.26624	1.26647	1.26591	1.26642	205
2025.11.21	04:15	1.2666	1.26666	1.26652	1.26662	126
2025.11.21	04:20	1.26687	1.26699	1.26665	1.26668	488
2025.11.21	04:25	1.26711	1.26732	1.26695	1.26717	95
2025.11.21	04:30	1.26647	1.26652	1.26628	1.26634	168
2025.11.21	04:35	1.26659	1.26677	1.26639	1.2665	476
2025.11.21	04:40	1.26684	1.26695	1.26683	1.26693	171
2025.11.21	04:45	1.26711	1.26711	1.26706	1.26709	486
2025.11.21	04:50	1.26724	1.26742	1.26698	1.26715	185
2025.11.21	04:55	1.26692	1.26711	1.26663	1.26673	481
2025.11.21	05:00	1.26675	1.26677	1.26668	1.26668	97
2025.11.21	05:05	1.26715	1.26719	1.26697	1.26701	443
2025.11.21	05:10	1.26699	1.26749	1.26681	1.26719	335
2025.11.21	05:15	1.26811	1.26832	1.26809	1.26825	335
2025.11.21	05:20	1.26823	1.26831	1.268	1.26825	73
2025.11.21	05:25	1.26845	1.26879	1.26842	1.26866	286
2025.11.21	05:30	1.26907	1.26939	1.26879	1.26926	225
2025.11.21	05:35	1.26953	1.26965	1.26926	1.26958	110
2025.11.21	05:40	1.26922	1.26945	1.26912	1.26933	232
2025.11.21	05:45	1.26955	1.26957	1.26938	1.26941	178
2025.11.21	05:50	1.26906	1.26917	1.26891	1.26901	414
2025.11.21	05:55	1.26909	1.26913	1.26893	1.26907	153
2025.11.21	06:00	1.26941	1.26947	1.26933	1.26944	309
2025.11.21	06:05	1.26895	1.26919	1.26883	1.26893	145
2025.11.21	06:10	1.26855	1.26859	1.26822	1.26835	318
2025.11.21	06:15	1.26812	1.26834	1.2681	1.26815	178
2025.11.21	06:20	1.26785	1.26805	1.26765	1.26795	471
2025.11.21	06:25	1.26734	1.26735	1.26728	1.26732	438
2025.11.21	06:30	1.26714	1.2672	1.26677	1.26705	223
2025.11.21	06:35	1.26584	1.26619	1.26578	1.26604	392
2025.11.21	06:40	1.26627	1.26655	1.26621	1.26646	461
2025.11.21	06:45	1.26672	1.26703	1.26668	1.26686	388
2025.11.21	06:50	1.26703	1.26704	1.26681	1.26691	431
2025.11.21	06:55	1.26669	1.26676	1.26657	1.26669	393
2025.11.21	07:00	1.26622	1.26636	1.26593	1.26608	73
2025.11.21	07:05	1.26597	1.26598	1.26559	1.2658	280
2025.11.21	07:10	1.26519	1.26525	1.26501	1.26516	364
2025.11.21	07:15	1.26544	1.26557	1.2654	1.26542	482
2025.11.21	07:20	1.26555	1.26573	1.265	1.26526	312
2025.11.21	07:25	1.26513	1.26529	1.26497	1.2652	181
2025.11.21	07:30	1.26468	1.26488	1.26466	1.26475	99
2025.11.21	07:35	1.26431	1.26437	1.26406	1.26421	174
2025.11.21	07:40	1.26481	1.265	1.26435	1.26469	276
2025.11.21	07:45	1.26488	1.2649	1.26459	1.26474	339
2025.11.21	07:50	1.26466	1.26518	1.26455	1.26491	278
2025.11.21	07:55	1.26481	1.26498	1.26469	1.26493	479
2025.11.21	08:00	1.26394	1.26438	1.26393	1.26427	484
2025.11.21	08:05	1.26413	1.26443	1.26394	1.26424	241
2025.11.21	08:10	1.26373	1.26376	1.26359	1.26367	203
2025.11.21	08:15	1.26413	1.26448	1.26397	1.26441	434
2025.11.21	08:20	1.26391	1.26403	1.26361	1.264	241
2025.11.21	08:25	1.2639	1.26411	1.26386	1.26399	383
2025.11.21	08:30	1.26459	1.26477	1.26443	1.26464	133
2025.11.21	08:35	1.26477	1.26488	1.26441	1.26452	331
2025.11.21	08:40	1.26457	1.26469	1.2645	1.26461	348
2025.11.21	08:45	1.26444	1.26452	1.26431	1.26437	96
2025.11.21	08:50	1.26461	1.26476	1.26427	1.26439	379
2025.11.21	08:55	1.26427	1.26449	1.26411	1.26438	417
2025.11.21	09:00	1.26465	1.26475	1.26442	1.26456	454
2025.11.21	09:05	1.26468	1.26477	1.26454	1.26468	293
2025.11.21	09:10	1.2647	1.26477	1.26461	1.26468	488
2025.11.21	09:15	1.26486	1.26515	1.26465	1.2647	394
2025.11.21	09:20	1.26428	1.26438	1.26418	1.26426	365
2025.11.21	09:25	1.26369	1.26404	1.26359	1.26365	488
2025.11.21	09:30	1.2635	1.26383	1.26348	1.26378	129
2025.11.21	09:35	1.2637	1.26376	1.26357	1.26361	378
2025.11.21	09:40	1.26407	1.26431	1.26368	1.26419	247
2025.11.21	09:45	1.26478	1.26518	1.26464	1.26475	417
2025.11.21	09:50	1.26494	1.26509	1.26477	1.26493	493
2025.11.21	09:55	1.26433	1.26443	1.26422	1.26429	172
2025.11.21	10:00	1.26377	1.26384	1.26362	1.26364	324
2025.11.21	10:05	1.26424	1.26428	1.26405	1.26418	497
2025.11.21	10:10	1.26448	1.26468	1.26435	1.26444	405
2025.11.21	10:15	1.26511	1.26525	1.26497	1.26506	226
2025.11.21	10:20	1.26481	1.26485	1.26451	1.26474	200
2025.11.21	10:25	1.26502	1.26517	1.26476	1.26488	358
2025.11.21	10:30	1.26498	1.26512	1.26478	1.26493	401
2025.11.21	10:35	1.26437	1.26454	1.26424	1.2643	314
2025.11.21	10:40	1.2646	1.26483	1.26445	1.26471	225
2025.11.21	10:45	1.26512	1.26541	1.26498	1.26522	400
2025.11.21	10:50	1.26455	1.26472	1.26443	1.26465	353
2025.11.21	10:55	1.26503	1.2653	1.26494	1.26518	416
2025.11.21	11:00	1.26485	1.26492	1.26456	1.26468	123
2025.11.21	11:05	1.26456	1.26473	1.26447	1.26457	419
2025.11.21	11:10	1.2645	1.26456	1.26421	1.26432	230
2025.11.21	11:15	1.26384	1.26399	1.26365	1.2639	189
2025.11.21	11:20	1.2642	1.26421	1.26394	1.26409	175
2025.11.21	11:25	1.2643	1.26453	1.26416	1.2642	76
2025.11.21	11:30	1.26449	1.26474	1.26427	1.26441	141
2025.11.21	11:35	1.26453	1.26504	1.26451	1.26481	248
2025.11.21	11:40	1.26523	1.26532	1.26495	1.26526	499
2025.11.21	11:45	1.26517	1.26537	1.26496	1.26533	253
2025.11.21	11:50	1.26512	1.26535	1.26511	1.2653	137
2025.11.21	11:55	1.26551	1.26553	1.26517	1.26541	360
2025.11.21	12:00	1.26494	1.26536	1.26488	1.26517	64
2025.11.21	12:05	1.26536	1.26576	1.26519	1.26567	419
2025.11.21	12:10	1.2652	1.26531	1.26495	1.26504	93
2025.11.21	12:15	1.26477	1.26492	1.26454	1.26491	359
2025.11.21	12:20	1.26474	1.26499	1.26473	1.26474	142
2025.11.21	12:25	1.26471	1.26473	1.26449	1.26465	452
2025.11.21	12:30	1.26469	1.26485	1.26459	1.26483	110
2025.11.21	12:35	1.26534	1.26542	1.26509	1.26514	127
2025.11.21	12:40	1.26505	1.26516	1.26493	1.26506	375
2025.11.21	12:45	1.26511	1.26513	1.26464	1.26492	264
2025.11.21	12:50	1.26456	1.26463	1.2644	1.26452	326
2025.11.21	12:55	1.26463	1.26484	1.26434	1.26468	473
2025.11.21	13:00	1.26523	1.26543	1.26492	1.26525	142
2025.11.21	13:05	1.26496	1.26514	1.26462	1.26487	214
2025.11.21	13:10	1.2647	1.26491	1.26438	1.2645	145
2025.11.21	13:15	1.26492	1.26494	1.26474	1.26477	402
2025.11.21	13:20	1.26549	1.26564	1.26534	1.26552	327
2025.11.21	13:25	1.26522	1.26545	1.26522	1.26544	111
2025.11.21	13:30	1.26572	1.26579	1.26565	1.26576	155
2025.11.21	13:35	1.26633	1.26654	1.2661	1.26618	167
2025.11.21	13:40	1.26568	1.2658	1.26538	1.2655	233
2025.11.21	13:45	1.26464	1.2653	1.2646	1.26479	58
2025.11.21	13:50	1.26445	1.26455	1.2642	1.26439	179
2025.11.21	13:55	1.26408	1.26441	1.26405	1.26414	481
2025.11.21	14:00	1.26412	1.26437	1.26396	1.26428	238
2025.11.21	14:05	1.26424	1.2644	1.26421	1.26423	381
2025.11.21	14:10	1.26428	1.26448	1.26411	1.26436	206
2025.11.21	14:15	1.26452	1.26462	1.26451	1.26458	358
2025.11.21	14:20	1.26435	1.26459	1.26424	1.2643	425
2025.11.21	14:25	1.26377	1.2639	1.26372	1.26372	310
2025.11.21	14:30	1.2633	1.26346	1.26305	1.26322	243
2025.11.21	14:35	1.2634	1.26356	1.26326	1.26351	248
2025.11.21	14:40	1.26417	1.26449	1.26401	1.2644	165
2025.11.21	14:45	1.26418	1.26424	1.26389	1.26408	467
2025.11.21	14:50	1.26363	1.26395	1.26346	1.26374	409
2025.11.21	14:55	1.26399	1.26419	1.26393	1.26398	242
2025.11.21	15:00	1.2641	1.26453	1.26376	1.26392	393
2025.11.21	15:05	1.26375	1.26382	1.26365	1.26374	94
2025.11.21	15:10	1.26374	1.26402	1.26352	1.26364	289
2025.11.21	15:15	1.26332	1.26355	1.26313	1.26325	407
2025.11.21	15:20	1.26273	1.26299	1.26264	1.26296	427
2025.11.21	15:25	1.26259	1.26278	1.2624	1.26275	276
2025.11.21	15:30	1.2637	1.26384	1.26366	1.2637	357
2025.11.21	15:35	1.26389	1.26401	1.2636	1.26383	155
2025.11.21	15:40	1.26423	1.26424	1.26411	1.26423	476
2025.11.21	15:45	1.26403	1.26408	1.26393	1.26405	82
2025.11.21	15:50	1.26392	1.26418	1.26362	1.264	397
2025.11.21	15:55	1.26423	1.26431	1.26416	1.26416	411
2025.11.21	16:00	1.26373	1.26399	1.26371	1.26385	331
2025.11.21	16:05	1.26397	1.26424	1.26394	1.26408	227
2025.11.21	16:10	1.26383	1.26428	1.26381	1.26382	119
2025.11.21	16:15	1.2637	1.26375	1.26348	1.26371	115
2025.11.21	16:20	1.2639	1.26408	1.26364	1.26389	182
2025.11.21	16:25	1.26322	1.26368	1.26304	1.26335	74
2025.11.21	16:30	1.26304	1.26312	1.26302	1.26304	208
2025.11.21	16:35	1.26197	1.26222	1.26191	1.26195	53
2025.11.21	16:40	1.26203	1.26248	1.26195	1.26223	409
2025.11.21	16:45	1.26212	1.26232	1.26193	1.2621	203
2025.11.21	16:50	1.26186	1.26205	1.26182	1.26186	414
2025.11.21	16:55	1.26207	1.26218	1.26187	1.262	499
2025.11.21	17:00	1.26236	1.26241	1.26231	1.26239	436
2025.11.21	17:05	1.26236	1.26259	1.26209	1.26252	99
2025.11.21	17:10	1.26254	1.26273	1.26205	1.26238	181
2025.11.21	17:15	1.26209	1.26221	1.26205	1.26215	494
2025.11.21	17:20	1.26194	1.26225	1.26188	1.2619	150
2025.11.21	17:25	1.26183	1.26196	1.26177	1.26184	217
2025.11.21	17:30	1.26108	1.26124	1.26081	1.26101	246
2025.11.21	17:35	1.26131	1.26145	1.26129	1.26132	330
2025.11.21	17:40	1.2612	1.26139	1.26116	1.26131	346
2025.11.21	17:45	1.26167	1.26204	1.26157	1.26197	331
2025.11.21	17:50	1.26161	1.26175	1.26138	1.26153	497
2025.11.21	17:55	1.26143	1.2617	1.26136	1.26152	148
2025.11.21	18:00	1.26127	1.26148	1.26127	1.26146	245
2025.11.21	18:05	1.26181	1.26196	1.26126	1.26173	214
2025.11.21	18:10	1.26202	1.26206	1.26186	1.26191	113
2025.11.21	18:15	1.262	1.26217	1.26192	1.26214	98
2025.11.21	18:20	1.262	1.26219	1.26194	1.26198	446
2025.11.21	18:25	1.26181	1.26184	1.26138	1.26158	122
2025.11.21	18:30	1.26173	1.26198	1.26172	1.26189	310
2025.11.21	18:35	1.26206	1.26224	1.2618	1.26195	361
2025.11.21	18:40	1.26204	1.2623	1.26182	1.26202	432
2025.11.21	18:45	1.26174	1.26199	1.2616	1.26175	435
2025.11.21	18:50	1.26177	1.26192	1.26162	1.26167	328
2025.11.21	18:55	1.26217	1.26257	1.26215	1.26244	136
2025.11.21	19:00	1.26176	1.26216	1.26151	1.26197	130
2025.11.21	19:05	1.26201	1.26215	1.26164	1.26175	345
2025.11.21	19:10	1.26177	1.2619	1.26152	1.26184	180
2025.11.21	19:15	1.26197	1.26209	1.26152	1.26193	427
2025.11.21	19:20	1.26203	1.2622	1.26195	1.26219	411
2025.11.21	19:25	1.26175	1.26188	1.2617	1.2618	259
2025.11.21	19:30	1.26132	1.26147	1.26126	1.26133	270
2025.11.21	19:35	1.26121	1.26143	1.26119	1.26126	84
2025.11.21	19:40	1.26084	1.26094	1.26057	1.26074	237
2025.11.21	19:45	1.26045	1.26046	1.26015	1.26044	180
2025.11.21	19:50	1.26056	1.26066	1.26018	1.26058	275
2025.11.21	19:55	1.26023	1.26034	1.26003	1.26005	446
2025.11.21	20:00	1.25982	1.26008	1.25948	1.25969	278
2025.11.21	20:05	1.26008	1.2604	1.25999	1.26021	455
2025.11.21	20:10	1.26035	1.26042	1.26017	1.26038	421
2025.11.21	20:15	1.26011	1.26021	1.25991	1.26015	273
2025.11.21	20:20	1.26056	1.2607	1.2605	1.26055	483
2025.11.21	20:25	1.26141	1.26154	1.26135	1.26151	303
2025.11.21	20:30	1.26196	1.26207	1.26173	1.26186	448
2025.11.21	20:35	1.26109	1.26116	1.26097	1.26114	151
2025.11.21	20:40	1.26105	1.26122	1.26064	1.26114	428
2025.11.21	20:45	1.26067	1.26074	1.26062	1.26064	100
2025.11.21	20:50	1.26079	1.26108	1.26067	1.26101	499
2025.11.21	20:55	1.26063	1.26078	1.26051	1.26056	130
2025.11.21	21:00	1.26099	1.26102	1.26082	1.26099	445
2025.11.21	21:05	1.26076	1.26097	1.2605	1.26096	148
2025.11.21	21:10	1.26063	1.26066	1.26053	1.26061	98
2025.11.21	21:15	1.26044	1.26044	1.26009	1.26023	196
2025.11.21	21:20	1.26089	1.26112	1.26088	1.261	189
2025.11.21	21:25	1.26124	1.26138	1.26112	1.26123	203
2025.11.21	21:30	1.26109	1.26109	1.26068	1.26101	154
2025.11.21	21:35	1.2609	1.26105	1.26055	1.26072	59
2025.11.21	21:40	1.26062	1.26083	1.26062	1.26067	396
2025.11.21	21:45	1.26134	1.26162	1.26119	1.26145	368
2025.11.21	21:50	1.26146	1.26146	1.26143	1.26145	448
2025.11.21	21:55	1.26123	1.26148	1.26101	1.26105	383
2025.11.21	22:00	1.26141	1.26151	1.26128	1.26138	218
2025.11.21	22:05	1.26116	1.2612	1.26105	1.26111	340
2025.11.21	22:10	1.26133	1.26164	1.2613	1.26144	392
2025.11.21	22:15	1.26145	1.26156	1.26122	1.2614	380
2025.11.21	22:20	1.26152	1.26179	1.26131	1.26154	290
2025.11.21	22:25	1.26135	1.26157	1.26106	1.26138	450
2025.11.21	22:30	1.26134	1.26148	1.26099	1.26132	292
2025.11.21	22:35	1.26105	1.26139	1.26078	1.26088	242
2025.11.21	22:40	1.26061	1.26087	1.26042	1.26065	198
2025.11.21	22:45	1.26033	1.26057	1.26021	1.26031	404
2025.11.21	22:50	1.26008	1.26038	1.25963	1.26009	203
2025.11.21	22:55	1.26027	1.26032	1.26001	1.26014	234
2025.11.21	23:00	1.25977	1.25987	1.25963	1.25982	206
2025.11.21	23:05	1.26018	1.26046	1.25975	1.25997	322
2025.11.21	23:10	1.25958	1.25968	1.25942	1.25964	148
2025.11.21	23:15	1.25963	1.26001	1.25936	1.25977	438
2025.11.21	23:20	1.25913	1.25919	1.25903	1.25906	192
2025.11.21	23:25	1.25924	1.25942	1.25908	1.25925	474
2025.11.21	23:30	1.25916	1.25935	1.25899	1.25902	102
2025.11.21	23:35	1.25805	1.25849	1.25799	1.2583	171
2025.11.21	23:40	1.25863	1.25879	1.25855	1.25862	71
2025.11.21	23:45	1.25862	1.25868	1.25842	1.25848	328
2025.11.21	23:50	1.25873	1.25894	1.25853	1.25873	397
2025.11.21	23:55	1.25869	1.25875	1.2586	1.25872	355
2025.11.24	00:00	1.25877	1.25881	1.25855	1.2586	326
2025.11.24	00:05	1.25845	1.25857	1.25823	1.25842	413
2025.11.24	00:10	1.25784	1.25789	1.25776	1.25784	469
2025.11.24	00:15	1.25761	1.25774	1.2575	1.25753	258
2025.11.24	00:20	1.25772	1.25778	1.25749	1.25758	181
2025.11.24	00:25	1.25658	1.25664	1.25623	1.25633	90
2025.11.24	00:30	1.25626	1.25659	1.25608	1.25621	171
2025.11.24	00:35	1.25645	1.2566	1.25637	1.25638	429
2025.11.24	00:40	1.25673	1.25693	1.25651	1.2566	242
2025.11.24	00:45	1.2565	1.25699	1.25645	1.25676	277
2025.11.24	00:50	1.25665	1.25683	1.25664	1.25667	357
2025.11.24	00:55	1.25657	1.25663	1.25642	1.25643	472
2025.11.24	01:00	1.25624	1.25643	1.25623	1.25627	484
2025.11.24	01:05	1.25653	1.25665	1.25634	1.25657	490
2025.11.24	01:10	1.25693	1.2571	1.25678	1.25689	245
2025.11.24	01:15	1.25704	1.2574	1.25695	1.25714	296
2025.11.24	01:20	1.25688	1.257	1.25673	1.25687	405
2025.11.24	01:25	1.25689	1.25706	1.25662	1.25684	421
2025.11.24	01:30	1.25711	1.25714	1.257	1.25707	297
2025.11.24	01:35	1.25701	1.25715	1.25688	1.2571	90
2025.11.24	01:40	1.25657	1.25668	1.25643	1.25661	335
2025.11.24	01:45	1.25637	1.25644	1.25626	1.25631	410
2025.11.24	01:50	1.25653	1.25695	1.25617	1.25665	309
2025.11.24	01:55	1.2565	1.25662	1.2563	1.25648	81
2025.11.24	02:00	1.25641	1.25654	1.25631	1.25647	316
2025.11.24	02:05	1.25576	1.2558	1.2554	1.2556	482
2025.11.24	02:10	1.25581	1.25594	1.25555	1.25591	119
2025.11.24	02:15	1.25609	1.25634	1.2558	1.25617	429
2025.11.24	02:20	1.25592	1.25619	1.25574	1.2559	145
2025.11.24	02:25	1.25585	1.25609	1.25577	1.25589	365
2025.11.24	02:30	1.25574	1.25595	1.25555	1.25569	333
2025.11.24	02:35	1.25539	1.25549	1.25518	1.25544	171
2025.11.24	02:40	1.25534	1.25552	1.2552	1.25522	301
2025.11.24	02:45	1.2556	1.25571	1.25554	1.25558	127
2025.11.24	02:50	1.25597	1.25631	1.25558	1.25606	113
2025.11.24	02:55	1.25584	1.2562	1.25578	1.25601	112
2025.11.24	03:00	1.25579	1.25581	1.25549	1.25561	317
2025.11.24	03:05	1.25592	1.25645	1.25579	1.25607	178
2025.11.24	03:10	1.25638	1.25658	1.25589	1.25639	249
2025.11.24	03:15	1.25677	1.25724	1.25667	1.25685	444
2025.11.24	03:20	1.25626	1.25638	1.25614	1.25629	329
2025.11.24	03:25	1.25696	1.25705	1.25689	1.25692	407
2025.11.24	03:30	1.25654	1.25657	1.25634	1.25647	75
2025.11.24	03:35	1.25654	1.25679	1.25637	1.25657	92
2025.11.24	03:40	1.25653	1.25675	1.25651	1.25671	303
2025.11.24	03:45	1.25659	1.25676	1.25658	1.25664	138
2025.11.24	03:50	1.25621	1.2564	1.25594	1.25635	436
2025.11.24	03:55	1.25626	1.25644	1.25606	1.25609	468
2025.11.24	04:00	1.25577	1.25585	1.25567	1.25579	73
2025.11.24	04:05	1.25539	1.25552	1.25537	1.25545	82
2025.11.24	04:10	1.25572	1.25603	1.25559	1.25579	297
2025.11.24	04:15	1.2549	1.25494	1.25475	1.25487	391
2025.11.24	04:20	1.2552	1.25541	1.25491	1.25507	429
2025.11.24	04:25	1.25495	1.25525	1.25477	1.25514	275
2025.11.24	04:30	1.25477	1.25501	1.25463	1.25468	229
2025.11.24	04:35	1.25448	1.25464	1.25446	1.25459	168
2025.11.24	04:40	1.25494	1.2551	1.25467	1.25509	250
2025.11.24	04:45	1.25496	1.25509	1.25479	1.25496	493
2025.11.24	04:50	1.25499	1.25513	1.25485	1.25504	132
2025.11.24	04:55	1.2549	1.25499	1.25477	1.25499	473
2025.11.24	05:00	1.25503	1.25525	1.25472	1.25514	135
2025.11.24	05:05	1.25603	1.25632	1.25573	1.25579	97
2025.11.24	05:10	1.25561	1.25575	1.25545	1.2557	484
2025.11.24	05:15	1.2561	1.25612	1.25547	1.25591	450
2025.11.24	05:20	1.2559	1.25609	1.25571	1.2558	461
2025.11.24	05:25	1.25523	1.25535	1.25514	1.25514	132
2025.11.24	05:30	1.25525	1.25546	1.25477	1.25505	168
2025.11.24	05:35	1.25502	1.25515	1.25497	1.25514	358
2025.11.24	05:40	1.25547	1.25559	1.25537	1.25552	209
2025.11.24	05:45	1.25508	1.25518	1.25482	1.25497	283
2025.11.24	05:50	1.25548	1.25551	1.25513	1.2554	273
2025.11.24	05:55	1.25458	1.25459	1.25446	1.25453	490
2025.11.24	06:00	1.25471	1.25491	1.25466	1.25486	433
2025.11.24	06:05	1.25462	1.25479	1.25449	1.25473	158
2025.11.24	06:10	1.25428	1.25456	1.2541	1.25418	119
2025.11.24	06:15	1.254	1.25418	1.25399	1.25411	128
2025.11.24	06:20	1.25347	1.25387	1.25343	1.25364	178
2025.11.24	06:25	1.25365	1.25379	1.25362	1.25376	239
2025.11.24	06:30	1.25467	1.25488	1.25437	1.25476	260
2025.11.24	06:35	1.25423	1.25438	1.25418	1.25422	247
2025.11.24	06:40	1.25378	1.25411	1.25369	1.25375	306
2025.11.24	06:45	1.25366	1.25403	1.25359	1.25373	308
2025.11.24	06:50	1.2534	1.25352	1.25317	1.2533	198
2025.11.24	06:55	1.25328	1.25337	1.25315	1.25333	156
2025.11.24	07:00	1.25316	1.25318	1.25298	1.25302	385
2025.11.24	07:05	1.2524	1.25269	1.25223	1.25236	433
2025.11.24	07:10	1.25287	1.25306	1.25276	1.25293	185
2025.11.24	07:15	1.25286	1.25304	1.25265	1.25273	373
2025.11.24	07:20	1.25283	1.25294	1.25261	1.25273	204
2025.11.24	07:25	1.25267	1.25291	1.2526	1.25274	296
2025.11.24	07:30	1.25325	1.25351	1.25311	1.25336	465
2025.11.24	07:35	1.25285	1.25289	1.25279	1.25281	87
2025.11.24	07:40	1.25333	1.25345	1.25303	1.2533	333
2025.11.24	07:45	1.25397	1.25414	1.25364	1.25371	55
2025.11.24	07:50	1.25356	1.25385	1.25349	1.25372	398
2025.11.24	07:55	1.25399	1.25413	1.25391	1.25395	310
2025.11.24	08:00	1.25373	1.2542	1.25351	1.254	258
2025.11.24	08:05	1.25408	1.25416	1.25387	1.25389	186
2025.11.24	08:10	1.25395	1.254	1.25361	1.25365	95
2025.11.24	08:15	1.25369	1.25385	1.25359	1.25385	481
2025.11.24	08:20	1.25367	1.25367	1.25329	1.25357	207
2025.11.24	08:25	1.25326	1.25343	1.25305	1.25321	371
2025.11.24	08:30	1.25243	1.25265	1.25218	1.25226	239
2025.11.24	08:35	1.25223	1.2523	1.25198	1.25215	323
2025.11.24	08:40	1.2515	1.25166	1.25145	1.25152	438
2025.11.24	08:45	1.25131	1.25134	1.25116	1.25132	220
2025.11.24	08:50	1.2513	1.25135	1.25079	1.25088	318
2025.11.24	08:55	1.25027	1.25042	1.25007	1.25023	426
2025.11.24	09:00	1.25047	1.25056	1.25035	1.25051	118
2025.11.24	09:05	1.25026	1.25044	1.24988	1.2501	379
2025.11.24	09:10	1.2503	1.25047	1.25014	1.25041	224
2025.11.24	09:15	1.25061	1.25074	1.25042	1.25042	274
2025.11.24	09:20	1.25051	1.25074	1.25026	1.25038	498
2025.11.24	09:25	1.25084	1.25087	1.25066	1.25074	76
2025.11.24	09:30	1.25072	1.25094	1.25056	1.25066	483
2025.11.24	09:35	1.25083	1.25093	1.2506	1.2507	90
2025.11.24	09:40	1.25077	1.25101	1.25072	1.25089	244
2025.11.24	09:45	1.25091	1.25134	1.25085	1.25112	260
2025.11.24	09:50	1.25076	1.25088	1.25048	1.25081	309
2025.11.24	09:55	1.25014	1.25015	1.24993	1.24993	312
2025.11.24	10:00	1.24997	1.25021	1.24969	1.2501	386
2025.11.24	10:05	1.24992	1.25009	1.24965	1.24997	345
2025.11.24	10:10	1.25	1.2503	1.24994	1.25001	407
2025.11.24	10:15	1.24978	1.24992	1.24965	1.24973	263
2025.11.24	10:20	1.25	1.25006	1.24979	1.24995	70
2025.11.24	10:25	1.24917	1.24934	1.24915	1.24923	188
2025.11.24	10:30	1.24893	1.24915	1.24879	1.24912	388
2025.11.24	10:35	1.24912	1.24926	1.24889	1.24899	158
2025.11.24	10:40	1.2491	1.2493	1.24885	1.24913	349
2025.11.24	10:45	1.2492	1.2492	1.24897	1.24917	498
2025.11.24	10:50	1.25002	1.25019	1.24991	1.25002	474
2025.11.24	10:55	1.25066	1.25068	1.2505	1.25055	67
2025.11.24	11:00	1.2507	1.25098	1.25059	1.25064	271
2025.11.24	11:05	1.25073	1.25074	1.25063	1.25073	178
2025.11.24	11:10	1.25042	1.25082	1.25039	1.25043	437
2025.11.24	11:15	1.25059	1.25068	1.25022	1.25058	320
2025.11.24	11:20	1.25016	1.2503	1.25002	1.25003	308
2025.11.24	11:25	1.24946	1.24966	1.2494	1.24952	59
2025.11.24	11:30	1.24971	1.24973	1.24941	1.24952	259
2025.11.24	11:35	1.24952	1.24953	1.24944	1.24949	202
2025.11.24	11:40	1.24967	1.24995	1.2496	1.24992	367
2025.11.24	11:45	1.2504	1.25085	1.25035	1.25046	401
2025.11.24	11:50	1.25059	1.25064	1.25056	1.25061	332
2025.11.24	11:55	1.24999	1.25032	1.24996	1.25019	338
2025.11.24	12:00	1.24999	1.25046	1.24996	1.25022	245
2025.11.24	12:05	1.25075	1.25089	1.25057	1.25081	115
2025.11.24	12:10	1.25087	1.25103	1.2507	1.25083	239
2025.11.24	12:15	1.25145	1.25162	1.25126	1.25155	395
2025.11.24	12:20	1.25183	1.25203	1.25142	1.25167	187
2025.11.24	12:25	1.25159	1.25175	1.2514	1.25154	242
2025.11.24	12:30	1.25174	1.25176	1.25152	1.25171	150
2025.11.24	12:35	1.25157	1.25178	1.25145	1.25165	167
2025.11.24	12:40	1.25065	1.25075	1.25045	1.25068	252
2025.11.24	12:45	1.25046	1.25047	1.25039	1.25042	239
2025.11.24	12:50	1.25	1.25027	1.24996	1.25013	400
2025.11.24	12:55	1.24949	1.24975	1.24946	1.24961	260
2025.11.24	13:00	1.24977	1.25016	1.24976	1.2498	454
2025.11.24	13:05	1.25021	1.2505	1.25018	1.25025	495
2025.11.24	13:10	1.25018	1.25038	1.25001	1.25037	480
2025.11.24	13:15	1.25004	1.25019	1.25001	1.25007	149
2025.11.24	13:20	1.25024	1.25068	1.25	1.25008	371
2025.11.24	13:25	1.25067	1.25071	1.25055	1.25065	90
2025.11.24	13:30	1.25065	1.25073	1.25028	1.25049	226
2025.11.24	13:35	1.25067	1.25068	1.25055	1.25056	266
2025.11.24	13:40	1.251	1.25118	1.25094	1.2511	484
2025.11.24	13:45	1.2514	1.25143	1.25126	1.25136	387
2025.11.24	13:50	1.25155	1.25184	1.25123	1.25134	265
2025.11.24	13:55	1.25165	1.25181	1.25147	1.25158	90
2025.11.24	14:00	1.25164	1.25181	1.2516	1.25173	343
2025.11.24	14:05	1.25235	1.25235	1.2522	1.25221	68
2025.11.24	14:10	1.25172	1.25183	1.25159	1.25179	149
2025.11.24	14:15	1.25221	1.25239	1.25214	1.25228	204
2025.11.24	14:20	1.2517	1.25193	1.25141	1.25161	493
2025.11.24	14:25	1.25116	1.25133	1.25106	1.25122	247
2025.11.24	14:30	1.25115	1.2514	1.25113	1.25132	312
2025.11.24	14:35	1.25176	1.25202	1.25154	1.2517	190
2025.11.24	14:40	1.25233	1.25267	1.25209	1.25253	433
2025.11.24	14:45	1.25275	1.25292	1.25269	1.25285	414
2025.11.24	14:50	1.25242	1.25262	1.25219	1.25237	285
2025.11.24	14:55	1.25226	1.25228	1.25203	1.25214	154
2025.11.24	15:00	1.25141	1.25143	1.25118	1.25128	196
2025.11.24	15:05	1.25146	1.25175	1.25133	1.25161	81
2025.11.24	15:10	1.2514	1.25155	1.25126	1.25137	120
2025.11.24	15:15	1.25157	1.25179	1.25151	1.25171	234
2025.11.24	15:20	1.25173	1.25188	1.25171	1.25174	387
2025.11.24	15:25	1.25244	1.25283	1.25243	1.2525	78
2025.11.24	15:30	1.25197	1.252	1.25187	1.25192	187
2025.11.24	15:35	1.25138	1.25149	1.25123	1.25134	267
2025.11.24	15:40	1.25085	1.25129	1.25074	1.25104	403
2025.11.24	15:45	1.25077	1.25115	1.25067	1.25084	59
2025.11.24	15:50	1.25051	1.25069	1.25033	1.25039	325
2025.11.24	15:55	1.25032	1.25072	1.25009	1.25042	236
2025.11.24	16:00	1.25009	1.25024	1.24986	1.25005	477
2025.11.24	16:05	1.25024	1.25057	1.25018	1.25037	235
2025.11.24	16:10	1.24995	1.25003	1.24968	1.24977	432
2025.11.24	16:15	1.25041	1.25067	1.25002	1.25013	497
2025.11.24	16:20	1.25006	1.25018	1.24994	1.25018	294
2025.11.24	16:25	1.24987	1.25012	1.24964	1.24978	215
2025.11.24	16:30	1.24903	1.24906	1.24892	1.24893	136
2025.11.24	16:35	1.24955	1.24977	1.24937	1.24945	210
2025.11.24	16:40	1.24926	1.24926	1.24909	1.24924	206
2025.11.24	16:45	1.24896	1.2491	1.24894	1.24902	231
2025.11.24	16:50	1.24901	1.24915	1.24877	1.24914	148
2025.11.24	16:55	1.24916	1.24951	1.24911	1.24935	167
2025.11.24	17:00	1.24949	1.24968	1.24946	1.24966	467
2025.11.24	17:05	1.24927	1.24955	1.24921	1.24926	464
2025.11.24	17:10	1.24836	1.24845	1.24824	1.24841	127
2025.11.24	17:15	1.24882	1.24882	1.24874	1.24875	394
2025.11.24	17:20	1.2492	1.24927	1.24893	1.24913	189
2025.11.24	17:25	1.2492	1.24926	1.24907	1.24925	244
2025.11.24	17:30	1.24951	1.24969	1.24942	1.24942	156
2025.11.24	17:35	1.24964	1.24983	1.2494	1.24962	280
2025.11.24	17:40	1.24964	1.24986	1.24953	1.24966	58
2025.11.24	17:45	1.24953	1.24975	1.24925	1.24958	496
2025.11.24	17:50	1.24916	1.24925	1.24897	1.24923	138
2025.11.24	17:55	1.249	1.24909	1.24898	1.24903	483
2025.11.24	18:00	1.24932	1.24949	1.24932	1.2494	123
2025.11.24	18:05	1.24904	1.24926	1.24904	1.24914	480
2025.11.24	18:10	1.24917	1.24929	1.24904	1.24922	84
2025.11.24	18:15	1.24939	1.24949	1.24898	1.24933	446
2025.11.24	18:20	1.24865	1.24882	1.24851	1.24869	124
2025.11.24	18:25	1.24886	1.24905	1.2488	1.24895	230
2025.11.24	18:30	1.24881	1.24906	1.24872	1.24883	188
2025.11.24	18:35	1.24932	1.24959	1.24929	1.24935	213
2025.11.24	18:40	1.24892	1.24905	1.24853	1.24879	451
2025.11.24	18:45	1.2489	1.24898	1.24851	1.24886	167
2025.11.24	18:50	1.24907	1.2491	1.24883	1.24901	438
2025.11.24	18:55	1.24893	1.24894	1.24884	1.24891	50
2025.11.24	19:00	1.24882	1.24886	1.2487	1.24876	343
2025.11.24	19:05	1.24857	1.24885	1.24832	1.24868	236
2025.11.24	19:10	1.24891	1.24899	1.24859	1.24887	313
2025.11.24	19:15	1.24926	1.24928	1.24919	1.24926	415
2025.11.24	19:20	1.24924	1.24936	1.24901	1.24906	308
2025.11.24	19:25	1.2485	1.24878	1.24822	1.24838	119
2025.11.24	19:30	1.24811	1.24841	1.24793	1.24824	209
2025.11.24	19:35	1.24812	1.24832	1.24799	1.24815	340
2025.11.24	19:40	1.24833	1.24846	1.24826	1.24835	141
2025.11.24	19:45	1.24858	1.24877	1.24832	1.24842	61
2025.11.24	19:50	1.24812	1.24831	1.2479	1.24806	431
2025.11.24	19:55	1.24782	1.24787	1.24738	1.24773	332
2025.11.24	20:00	1.24782	1.24794	1.24778	1.2479	398
2025.11.24	20:05	1.24817	1.2484	1.248	1.24812	320
2025.11.24	20:10	1.24763	1.24785	1.2473	1.24765	213
2025.11.24	20:15	1.24734	1.24767	1.2472	1.24734	134
2025.11.24	20:20	1.24687	1.24704	1.24676	1.24704	200
2025.11.24	20:25	1.24691	1.247	1.24661	1.24692	116
2025.11.24	20:30	1.24667	1.24708	1.24663	1.24669	318
2025.11.24	20:35	1.24695	1.24705	1.24667	1.24698	189
2025.11.24	20:40	1.24704	1.24709	1.24666	1.24705	252
2025.11.24	20:45	1.24737	1.24749	1.24731	1.24738	221
2025.11.24	20:50	1.2477	1.24788	1.24759	1.2478	140
2025.11.24	20:55	1.24774	1.24781	1.24737	1.24756	194
2025.11.24	21:00	1.24745	1.2475	1.24729	1.24739	99
2025.11.24	21:05	1.24769	1.24797	1.2476	1.24765	298
2025.11.24	21:10	1.24719	1.2473	1.24698	1.24725	327
2025.11.24	21:15	1.24761	1.24773	1.24732	1.24748	134
2025.11.24	21:20	1.24748	1.24754	1.24732	1.24741	183
2025.11.24	21:25	1.24776	1.24779	1.24761	1.24768	122
2025.11.24	21:30	1.24761	1.24769	1.24732	1.24754	197
2025.11.24	21:35	1.24786	1.24812	1.24764	1.24765	124
2025.11.24	21:40	1.24818	1.24828	1.2481	1.24813	141
2025.11.24	21:45	1.24858	1.24875	1.24855	1.24863	79
2025.11.24	21:50	1.24831	1.2485	1.248	1.24825	448
2025.11.24	21:55	1.24889	1.24936	1.24881	1.24909	276
2025.11.24	22:00	1.24917	1.24924	1.24893	1.249	348
2025.11.24	22:05	1.2488	1.24906	1.24876	1.24898	348
2025.11.24	22:10	1.24877	1.24884	1.24864	1.2487	451
2025.11.24	22:15	1.24812	1.24818	1.24789	1.24803	218
2025.11.24	22:20	1.24779	1.24791	1.24776	1.24777	70
2025.11.24	22:25	1.24772	1.24792	1.24766	1.24786	95
2025.11.24	22:30	1.24792	1.24797	1.24748	1.24774	53
2025.11.24	22:35	1.24746	1.24795	1.24733	1.24747	439
2025.11.24	22:40	1.2476	1.24773	1.24749	1.24763	207
2025.11.24	22:45	1.24788	1.24823	1.24766	1.24803	133
2025.11.24	22:50	1.24831	1.24867	1.24816	1.24833	318
2025.11.24	22:55	1.24796	1.24799	1.24778	1.2479	356
2025.11.24	23:00	1.24782	1.24784	1.24758	1.24784	333
2025.11.24	23:05	1.24775	1.24799	1.24763	1.24789	123
2025.11.24	23:10	1.24834	1.2486	1.24821	1.24843	441
2025.11.24	23:15	1.24829	1.2484	1.248	1.2481	65
2025.11.24	23:20	1.24787	1.24814	1.24774	1.24794	446
2025.11.24	23:25	1.24812	1.24829	1.2478	1.24797	57
2025.11.24	23:30	1.24807	1.24811	1.24803	1.24807	251
2025.11.24	23:35	1.24842	1.24849	1.24806	1.24808	249
2025.11.24	23:40	1.24809	1.2482	1.24794	1.248	129
2025.11.24	23:45	1.24787	1.24795	1.24759	1.24773	362
2025.11.24	23:50	1.24794	1.24799	1.24773	1.24792	209
2025.11.24	23:55	1.24821	1.24856	1.24802	1.24838	257
2025.11.25	00:00	1.24881	1.24894	1.2488	1.2489	94
2025.11.25	00:05	1.24865	1.24871	1.24863	1.24867	327
2025.11.25	00:10	1.2484	1.24848	1.24833	1.24842	234
2025.11.25	00:15	1.24781	1.24809	1.24775	1.24799	325
2025.11.25	00:20	1.24792	1.2482	1.24748	1.24783	327
2025.11.25	00:25	1.24816	1.24847	1.24782	1.24827	78
2025.11.25	00:30	1.24846	1.24868	1.24841	1.24857	464
2025.11.25	00:35	1.24889	1.24898	1.24876	1.24894	62
2025.11.25	00:40	1.24944	1.24962	1.24925	1.24953	203
2025.11.25	00:45	1.24963	1.24967	1.24924	1.24946	287
2025.11.25	00:50	1.24906	1.2491	1.24892	1.249	423
2025.11.25	00:55	1.24935	1.24971	1.24914	1.24946	496
2025.11.25	01:00	1.24943	1.24965	1.2492	1.24951	486
2025.11.25	01:05	1.24864	1.24882	1.24847	1.24855	485
2025.11.25	01:10	1.24851	1.24871	1.24842	1.24857	99
2025.11.25	01:15	1.24804	1.24833	1.24802	1.24808	109
2025.11.25	01:20	1.24824	1.24826	1.24805	1.24808	63
2025.11.25	01:25	1.24835	1.24847	1.24834	1.2484	367
2025.11.25	01:30	1.24845	1.24866	1.24818	1.24838	494
2025.11.25	01:35	1.24887	1.24915	1.24844	1.24907	118
2025.11.25	01:40	1.24946	1.24951	1.24939	1.24949	162
2025.11.25	01:45	1.2495	1.24964	1.24935	1.24947	114
2025.11.25	01:50	1.24988	1.24992	1.24969	1.24988	288
2025.11.25	01:55	1.24956	1.24958	1.24942	1.24949	160
2025.11.25	02:00	1.24907	1.24926	1.2489	1.24897	180
2025.11.25	02:05	1.2483	1.24834	1.24822	1.24825	183
2025.11.25	02:10	1.24786	1.24811	1.2476	1.24779	100
2025.11.25	02:15	1.24747	1.24773	1.24735	1.24763	229
2025.11.25	02:20	1.24803	1.24822	1.24775	1.24792	154
2025.11.25	02:25	1.24826	1.24844	1.24822	1.24832	161
2025.11.25	02:30	1.24853	1.24853	1.2484	1.24844	473
2025.11.25	02:35	1.24915	1.24916	1.24907	1.24914	117
2025.11.25	02:40	1.24946	1.24955	1.24912	1.24937	168
2025.11.25	02:45	1.24952	1.24969	1.24922	1.24965	124
2025.11.25	02:50	1.24981	1.24998	1.24947	1.24973	261
2025.11.25	02:55	1.2502	1.2503	1.25011	1.25015	382
2025.11.25	03:00	1.2497	1.24994	1.24948	1.24965	385
2025.11.25	03:05	1.24985	1.25004	1.2498	1.24993	60
2025.11.25	03:10	1.25069	1.25082	1.25047	1.25068	495
2025.11.25	03:15	1.25092	1.25121	1.25079	1.25098	195
2025.11.25	03:20	1.25053	1.25062	1.25047	1.25059	276
2025.11.25	03:25	1.25074	1.25113	1.25062	1.25093	292
2025.11.25	03:30	1.25073	1.25093	1.25056	1.25056	351
2025.11.25	03:35	1.25093	1.25105	1.25086	1.2509	455
2025.11.25	03:40	1.25093	1.25101	1.25072	1.2508	484
2025.11.25	03:45	1.24997	1.25025	1.24987	1.24992	460
2025.11.25	03:50	1.24953	1.24978	1.24953	1.24963	103
2025.11.25	03:55	1.24997	1.25034	1.24992	1.24994	430
2025.11.25	04:00	1.24952	1.24963	1.24935	1.24942	270
2025.11.25	04:05	1.24881	1.24895	1.24845	1.24867	376
2025.11.25	04:10	1.24867	1.24882	1.24847	1.24853	455
2025.11.25	04:15	1.24833	1.24839	1.2482	1.24832	298
2025.11.25	04:20	1.2482	1.24831	1.2479	1.24814	188
2025.11.25	04:25	1.24774	1.24787	1.24765	1.2477	429
2025.11.25	04:30	1.2476	1.24794	1.24759	1.24767	190
2025.11.25	04:35	1.24762	1.24786	1.24749	1.24757	473
2025.11.25	04:40	1.24774	1.24796	1.24767	1.24791	158
2025.11.25	04:45	1.24795	1.24823	1.24764	1.2481	225
2025.11.25	04:50	1.24821	1.24827	1.24814	1.24821	321
2025.11.25	04:55	1.24756	1.24775	1.24733	1.24749	287
2025.11.25	05:00	1.24754	1.24756	1.24747	1.24755	77
2025.11.25	05:05	1.24791	1.24791	1.24782	1.24784	333
2025.11.25	05:10	1.24802	1.24804	1.2478	1.24803	184
2025.11.25	05:15	1.24831	1.2484	1.24819	1.24834	397
2025.11.25	05:20	1.24867	1.249	1.24846	1.24867	367
2025.11.25	05:25	1.24881	1.24889	1.24858	1.24871	83
2025.11.25	05:30	1.24856	1.24872	1.24835	1.24846	499
2025.11.25	05:35	1.24816	1.24854	1.24785	1.24834	457
2025.11.25	05:40	1.24751	1.24762	1.24739	1.2475	91
2025.11.25	05:45	1.24748	1.24792	1.24736	1.24766	474
2025.11.25	05:50	1.24771	1.24775	1.24728	1.24769	482
2025.11.25	05:55	1.24723	1.24753	1.24714	1.24729	399
2025.11.25	06:00	1.24745	1.24767	1.24721	1.24725	234
2025.11.25	06:05	1.24729	1.24735	1.24707	1.24726	433
2025.11.25	06:10	1.24713	1.24714	1.24692	1.24694	418
2025.11.25	06:15	1.24726	1.24731	1.24711	1.24715	154
2025.11.25	06:20	1.24639	1.24647	1.24623	1.24638	349
2025.11.25	06:25	1.24585	1.24617	1.24571	1.24608	333
2025.11.25	06:30	1.24555	1.24582	1.24531	1.2456	442
2025.11.25	06:35	1.2458	1.24609	1.24576	1.24594	328
2025.11.25	06:40	1.24564	1.24584	1.24556	1.24568	482
2025.11.25	06:45	1.24526	1.2454	1.24514	1.24518	122
2025.11.25	06:50	1.24515	1.24544	1.24513	1.2453	319
2025.11.25	06:55	1.24498	1.24509	1.24492	1.24508	89
2025.11.25	07:00	1.24493	1.245	1.24489	1.24497	257
2025.11.25	07:05	1.24491	1.24526	1.24477	1.24499	142
2025.11.25	07:10	1.24447	1.24461	1.24433	1.24438	169
2025.11.25	07:15	1.24462	1.24474	1.24457	1.24473	440
2025.11.25	07:20	1.24486	1.24494	1.24457	1.24485	414
2025.11.25	07:25	1.24474	1.24509	1.24467	1.2448	441
2025.11.25	07:30	1.24529	1.24552	1.24521	1.24536	101
2025.11.25	07:35	1.24554	1.24574	1.24541	1.24555	214
2025.11.25	07:40	1.24542	1.24553	1.24522	1.24549	136
2025.11.25	07:45	1.24565	1.24604	1.24556	1.24565	110
2025.11.25	07:50	1.24566	1.24586	1.24548	1.24579	390
2025.11.25	07:55	1.24529	1.24553	1.24493	1.24507	355
2025.11.25	08:00	1.24508	1.24514	1.24498	1.24503	154
2025.11.25	08:05	1.24523	1.24544	1.24513	1.24515	304
2025.11.25	08:10	1.24523	1.24529	1.2449	1.24523	116
2025.11.25	08:15	1.24487	1.24507	1.24482	1.245	77
2025.11.25	08:20	1.24609	1.24629	1.24594	1.24615	423
2025.11.25	08:25	1.2461	1.2463	1.24599	1.2461	339
2025.11.25	08:30	1.24604	1.24609	1.24593	1.24607	90
2025.11.25	08:35	1.24593	1.24619	1.24569	1.24595	102
2025.11.25	08:40	1.24593	1.24634	1.24587	1.24613	223
2025.11.25	08:45	1.24626	1.24658	1.24601	1.24626	336
2025.11.25	08:50	1.2463	1.24638	1.24615	1.24625	278
2025.11.25	08:55	1.24637	1.24685	1.24633	1.24665	387
2025.11.25	09:00	1.24695	1.24721	1.2469	1.247	427
2025.11.25	09:05	1.24791	1.24817	1.24789	1.24808	99
2025.11.25	09:10	1.24811	1.24815	1.24795	1.2481	139
2025.11.25	09:15	1.24784	1.24796	1.24764	1.24783	155
2025.11.25	09:20	1.24787	1.24794	1.24785	1.24793	486
2025.11.25	09:25	1.24841	1.24842	1.24811	1.24828	183
2025.11.25	09:30	1.24807	1.24828	1.24806	1.2482	97
2025.11.25	09:35	1.24841	1.24859	1.24826	1.24838	120
2025.11.25	09:40	1.24842	1.24863	1.24833	1.24843	185
2025.11.25	09:45	1.24917	1.2494	1.24895	1.24906	313
2025.11.25	09:50	1.24938	1.24951	1.24934	1.24947	488
2025.11.25	09:55	1.24919	1.2496	1.24904	1.24922	213
2025.11.25	10:00	1.24877	1.24893	1.24859	1.24871	297
2025.11.25	10:05	1.24846	1.24862	1.24835	1.24856	236
2025.11.25	10:10	1.24891	1.24907	1.24887	1.24892	137
2025.11.25	10:15	1.24839	1.2485	1.24819	1.24834	457
2025.11.25	10:20	1.24843	1.24844	1.24806	1.24827	326
2025.11.25	10:25	1.24853	1.24857	1.24834	1.24849	489
2025.11.25	10:30	1.24862	1.24885	1.24846	1.24848	433
2025.11.25	10:35	1.24765	1.24769	1.24742	1.24753	306
2025.11.25	10:40	1.24753	1.24763	1.24748	1.24754	120
2025.11.25	10:45	1.24774	1.24785	1.24773	1.24783	234
2025.11.25	10:50	1.24791	1.24799	1.24781	1.24795	474
2025.11.25	10:55	1.24756	1.24778	1.24754	1.24755	471
2025.11.25	11:00	1.24688	1.24701	1.24679	1.247	398
2025.11.25	11:05	1.24696	1.24726	1.24672	1.247	340
2025.11.25	11:10	1.24693	1.24706	1.24684	1.24704	340
2025.11.25	11:15	1.24689	1.24696	1.24674	1.2469	189
2025.11.25	11:20	1.2468	1.24705	1.24671	1.24687	251
2025.11.25	11:25	1.24694	1.24733	1.2467	1.24719	417
2025.11.25	11:30	1.24704	1.24711	1.24698	1.24708	57
2025.11.25	11:35	1.24632	1.2465	1.24623	1.24643	368
2025.11.25	11:40	1.24669	1.24692	1.24659	1.24675	90
2025.11.25	11:45	1.24684	1.2469	1.24663	1.24672	92
2025.11.25	11:50	1.2455	1.2455	1.24534	1.24536	279
2025.11.25	11:55	1.24559	1.24592	1.24544	1.24564	464
2025.11.25	12:00	1.24588	1.24599	1.24572	1.24597	133
2025.11.25	12:05	1.24541	1.24557	1.24516	1.24526	460
2025.11.25	12:10	1.24615	1.24627	1.24597	1.24618	391
2025.11.25	12:15	1.24632	1.24637	1.24621	1.24634	430
2025.11.25	12:20	1.24551	1.24563	1.24548	1.24563	326
2025.11.25	12:25	1.24571	1.24595	1.24543	1.24559	397
2025.11.25	12:30	1.24596	1.24635	1.24581	1.24598	158
2025.11.25	12:35	1.24625	1.24644	1.24614	1.24615	382
2025.11.25	12:40	1.24597	1.24602	1.24561	1.24574	235
2025.11.25	12:45	1.24477	1.24528	1.24472	1.24488	421
2025.11.25	12:50	1.24519	1.24521	1.24503	1.24506	425
2025.11.25	12:55	1.2447	1.24496	1.24463	1.24469	287
2025.11.25	13:00	1.24437	1.24442	1.24429	1.24434	296
2025.11.25	13:05	1.24428	1.24434	1.24409	1.24417	326
2025.11.25	13:10	1.24482	1.24492	1.24445	1.24456	267
2025.11.25	13:15	1.2446	1.24478	1.24454	1.24469	479
2025.11.25	13:20	1.24513	1.24559	1.2451	1.24546	208
2025.11.25	13:25	1.24569	1.24595	1.24567	1.24588	333
2025.11.25	13:30	1.24611	1.24612	1.24601	1.24609	115
2025.11.25	13:35	1.24575	1.24585	1.2455	1.24573	273
2025.11.25	13:40	1.24548	1.24561	1.24526	1.24532	379
2025.11.25	13:45	1.24532	1.24539	1.24507	1.24537	460
2025.11.25	13:50	1.24603	1.2461	1.2457	1.24592	458
2025.11.25	13:55	1.24606	1.24618	1.24589	1.24604	477
2025.11.25	14:00	1.24567	1.24581	1.2456	1.24576	264
2025.11.25	14:05	1.24534	1.24538	1.24528	1.24535	178
2025.11.25	14:10	1.24576	1.24591	1.24555	1.24563	336
2025.11.25	14:15	1.24598	1.24606	1.24555	1.24579	357
2025.11.25	14:20	1.24579	1.24592	1.24574	1.24577	268
2025.11.25	14:25	1.2463	1.2465	1.24619	1.24627	145
2025.11.25	14:30	1.2463	1.24646	1.2461	1.2462	421
2025.11.25	14:35	1.24648	1.24655	1.2463	1.24645	265
2025.11.25	14:40	1.24676	1.24685	1.24636	1.24667	377
2025.11.25	14:45	1.24699	1.24715	1.24686	1.24692	259
2025.11.25	14:50	1.2469	1.24708	1.24678	1.24687	218
2025.11.25	14:55	1.24683	1.24706	1.24669	1.2469	322
2025.11.25	15:00	1.24693	1.24709	1.24684	1.24703	284
2025.11.25	15:05	1.2476	1.24763	1.24737	1.24758	146
2025.11.25	15:10	1.24765	1.24799	1.24764	1.24764	100
2025.11.25	15:15	1.24801	1.24823	1.248	1.24803	227
2025.11.25	15:20	1.24832	1.24845	1.24818	1.24832	82
2025.11.25	15:25	1.24857	1.24865	1.24844	1.24864	148
2025.11.25	15:30	1.2484	1.24844	1.24833	1.24842	66
2025.11.25	15:35	1.2488	1.24886	1.24855	1.24868	478
2025.11.25	15:40	1.24851	1.24855	1.24816	1.24855	207
2025.11.25	15:45	1.24877	1.24881	1.24852	1.24875	96
2025.11.25	15:50	1.249	1.24915	1.24891	1.24903	54
2025.11.25	15:55	1.24885	1.24899	1.24864	1.24884	406
2025.11.25	16:00	1.24853	1.24878	1.24851	1.24868	58
2025.11.25	16:05	1.24921	1.24925	1.24882	1.2492	264
2025.11.25	16:10	1.24951	1.24982	1.24939	1.24955	264
2025.11.25	16:15	1.24921	1.24947	1.24915	1.24946	434
2025.11.25	16:20	1.24949	1.24951	1.24934	1.24946	402
2025.11.25	16:25	1.24958	1.24972	1.2495	1.24968	397
2025.11.25	16:30	1.24916	1.24966	1.24902	1.24915	488
2025.11.25	16:35	1.24928	1.24944	1.24918	1.2492	333
2025.11.25	16:40	1.24953	1.24978	1.24946	1.2497	429
2025.11.25	16:45	1.24916	1.24925	1.24888	1.24907	430
2025.11.25	16:50	1.24902	1.24917	1.24899	1.24907	333
2025.11.25	16:55	1.24896	1.2491	1.24884	1.24909	345
2025.11.25	17:00	1.2489	1.24894	1.24864	1.2488	409
2025.11.25	17:05	1.24888	1.2491	1.24887	1.24892	106
2025.11.25	17:10	1.24932	1.24935	1.24909	1.24929	451
2025.11.25	17:15	1.24936	1.24954	1.24922	1.24945	242
2025.11.25	17:20	1.2496	1.24969	1.24938	1.24942	270
2025.11.25	17:25	1.25005	1.25012	1.24992	1.25007	416
2025.11.25	17:30	1.2506	1.2508	1.25053	1.25065	465
2025.11.25	17:35	1.25053	1.25055	1.25053	1.25053	342
2025.11.25	17:40	1.25067	1.25091	1.25061	1.25083	257
2025.11.25	17:45	1.25134	1.25159	1.25112	1.25138	117
2025.11.25	17:50	1.25122	1.2514	1.25116	1.25135	304
2025.11.25	17:55	1.2508	1.25085	1.25069	1.2508	435
2025.11.25	18:00	1.25101	1.25118	1.25086	1.25096	285
2025.11.25	18:05	1.25113	1.25122	1.25112	1.25118	99
2025.11.25	18:10	1.25189	1.25209	1.25155	1.25178	200
2025.11.25	18:15	1.25196	1.25216	1.25184	1.25189	75
2025.11.25	18:20	1.25175	1.25206	1.25159	1.25195	404
2025.11.25	18:25	1.25139	1.25148	1.2513	1.25131	173
2025.11.25	18:30	1.2514	1.25169	1.25131	1.25146	79
2025.11.25	18:35	1.25149	1.25157	1.25141	1.25144	215
2025.11.25	18:40	1.2508	1.25122	1.2506	1.25103	433
2025.11.25	18:45	1.25124	1.2515	1.25072	1.25105	216
2025.11.25	18:50	1.25089	1.2511	1.25072	1.25078	246
2025.11.25	18:55	1.25064	1.25078	1.2505	1.25054	184
2025.11.25	19:00	1.25044	1.25049	1.25032	1.25036	311
2025.11.25	19:05	1.25066	1.2508	1.25032	1.2506	52
2025.11.25	19:10	1.25036	1.25038	1.25017	1.25034	149
2025.11.25	19:15	1.25074	1.25075	1.25069	1.25073	479
2025.11.25	19:20	1.25026	1.25035	1.25023	1.25032	258
2025.11.25	19:25	1.25031	1.2505	1.25011	1.25018	262
2025.11.25	19:30	1.25053	1.25055	1.25038	1.25048	223
2025.11.25	19:35	1.25063	1.25079	1.25044	1.25067	256
2025.11.25	19:40	1.25043	1.2505	1.25012	1.25024	410
2025.11.25	19:45	1.25003	1.25007	1.24949	1.24985	232
2025.11.25	19:50	1.24998	1.25023	1.24982	1.25013	228
2025.11.25	19:55	1.2502	1.25022	1.24992	1.25003	75
2025.11.25	20:00	1.24995	1.25025	1.24994	1.25	150
2025.11.25	20:05	1.24998	1.2501	1.24959	1.24997	310
2025.11.25	20:10	1.24983	1.25001	1.24963	1.24965	476
2025.11.25	20:15	1.24965	1.24974	1.24964	1.24966	489
2025.11.25	20:20	1.24936	1.24955	1.24916	1.24955	106
2025.11.25	20:25	1.24892	1.2492	1.24884	1.24911	401
2025.11.25	20:30	1.24939	1.24955	1.24926	1.24948	155
2025.11.25	20:35	1.24989	1.25008	1.24957	1.25002	280
2025.11.25	20:40	1.24962	1.24966	1.24955	1.2496	249
2025.11.25	20:45	1.24923	1.24947	1.24894	1.24935	335
2025.11.25	20:50	1.24932	1.24947	1.24902	1.24931	135
2025.11.25	20:55	1.24957	1.25	1.24955	1.2498	344
2025.11.25	21:00	1.24909	1.24915	1.24887	1.24893	467
2025.11.25	21:05	1.24926	1.24955	1.24912	1.24931	145
2025.11.25	21:10	1.249	1.24913	1.24892	1.24899	177
2025.11.25	21:15	1.24854	1.24859	1.24817	1.24848	253
2025.11.25	21:20	1.24868	1.24881	1.24836	1.24859	281
2025.11.25	21:25	1.24868	1.24874	1.24854	1.2486	352
2025.11.25	21:30	1.2493	1.24965	1.24928	1.24947	95
2025.11.25	21:35	1.24943	1.24944	1.24929	1.24933	194
2025.11.25	21:40	1.24971	1.2499	1.2496	1.24968	102
2025.11.25	21:45	1.24967	1.24991	1.24906	1.24939	271
2025.11.25	21:50	1.25004	1.25008	1.24982	1.24983	138
2025.11.25	21:55	1.24965	1.24975	1.24931	1.24969	498
2025.11.25	22:00	1.25006	1.25018	1.24993	1.24997	239
2025.11.25	22:05	1.24984	1.2499	1.24974	1.24985	155
2025.11.25	22:10	1.24949	1.24976	1.2493	1.24965	347
2025.11.25	22:15	1.24995	1.25005	1.24968	1.24974	197
2025.11.25	22:20	1.24999	1.25024	1.24988	1.25011	339
2025.11.25	22:25	1.24917	1.24944	1.24904	1.24938	425
2025.11.25	22:30	1.2485	1.24853	1.24845	1.24849	479
2025.11.25	22:35	1.2485	1.24859	1.24835	1.24839	356
2025.11.25	22:40	1.24844	1.24863	1.24828	1.2484	148
2025.11.25	22:45	1.24832	1.24834	1.24806	1.24818	130
2025.11.25	22:50	1.24837	1.24863	1.24831	1.24842	57
2025.11.25	22:55	1.24812	1.2484	1.2481	1.24834	379
2025.11.25	23:00	1.24844	1.24852	1.2482	1.24831	130
2025.11.25	23:05	1.24779	1.24804	1.24774	1.248	92
2025.11.25	23:10	1.24775	1.24787	1.24769	1.24779	231
2025.11.25	23:15	1.24732	1.2474	1.24722	1.24727	416
2025.11.25	23:20	1.24752	1.24766	1.24726	1.24726	449
2025.11.25	23:25	1.24764	1.24773	1.24755	1.2477	53
2025.11.25	23:30	1.24696	1.24715	1.24668	1.24688	363
2025.11.25	23:35	1.24717	1.24734	1.24688	1.24718	407
2025.11.25	23:40	1.24724	1.24728	1.24717	1.24722	115
2025.11.25	23:45	1.24746	1.2477	1.24722	1.24757	189
2025.11.25	23:50	1.24716	1.24721	1.2469	1.24712	128
2025.11.25	23:55	1.24689	1.24704	1.24669	1.24701	271
2025.11.26	00:00	1.24708	1.24732	1.24691	1.24723	238
2025.11.26	00:05	1.24695	1.24705	1.24677	1.24681	238
2025.11.26	00:10	1.24697	1.24703	1.24677	1.247	354
2025.11.26	00:15	1.24723	1.24736	1.24687	1.24714	447
2025.11.26	00:20	1.24714	1.24721	1.24702	1.24712	108
2025.11.26	00:25	1.24705	1.24727	1.24679	1.24715	442
2025.11.26	00:30	1.24661	1.24677	1.24636	1.24642	470
2025.11.26	00:35	1.24681	1.24698	1.24672	1.24678	492
2025.11.26	00:40	1.24676	1.24677	1.24651	1.24672	215
2025.11.26	00:45	1.2465	1.24655	1.24631	1.24636	487
2025.11.26	00:50	1.2461	1.24621	1.24574	1.24585	355
2025.11.26	00:55	1.24597	1.24636	1.24578	1.24602	98
2025.11.26	01:00	1.2457	1.24581	1.24564	1.24571	387
2025.11.26	01:05	1.24564	1.24581	1.24558	1.24566	119
2025.11.26	01:10	1.24567	1.24583	1.24561	1.24563	427
2025.11.26	01:15	1.24552	1.24558	1.24526	1.2454	319
2025.11.26	01:20	1.24568	1.24574	1.24561	1.24567	388
2025.11.26	01:25	1.2451	1.24531	1.24483	1.24525	92
2025.11.26	01:30	1.24581	1.24604	1.24579	1.24594	203
2025.11.26	01:35	1.2457	1.24577	1.24545	1.24551	383
2025.11.26	01:40	1.2453	1.24539	1.24525	1.24538	447
2025.11.26	01:45	1.2449	1.24512	1.24484	1.24502	148
2025.11.26	01:50	1.24556	1.24564	1.24547	1.24553	291
2025.11.26	01:55	1.24626	1.24636	1.24616	1.24622	280
2025.11.26	02:00	1.24566	1.24609	1.24549	1.24584	176
2025.11.26	02:05	1.24597	1.24607	1.24566	1.24592	430
2025.11.26	02:10	1.24626	1.24638	1.24587	1.24606	494
2025.11.26	02:15	1.24594	1.24599	1.24563	1.24582	256
2025.11.26	02:20	1.24608	1.2463	1.246	1.24624	482
2025.11.26	02:25	1.2463	1.2463	1.24627	1.24628	479
2025.11.26	02:30	1.24678	1.24702	1.24649	1.24662	247
2025.11.26	02:35	1.24621	1.2465	1.24621	1.24629	390
2025.11.26	02:40	1.24606	1.24615	1.24594	1.246	476
2025.11.26	02:45	1.24581	1.24609	1.24561	1.24574	292
2025.11.26	02:50	1.24613	1.24646	1.24594	1.24604	382
2025.11.26	02:55	1.24677	1.24696	1.24672	1.24685	468
2025.11.26	03:00	1.24647	1.24648	1.24631	1.24633	440
2025.11.26	03:05	1.24597	1.24612	1.24587	1.24598	360
2025.11.26	03:10	1.24581	1.24615	1.24572	1.24587	301
2025.11.26	03:15	1.24567	1.24577	1.24556	1.24557	490
2025.11.26	03:20	1.24592	1.24606	1.2459	1.24596	479
2025.11.26	03:25	1.24542	1.24584	1.24535	1.24556	261
2025.11.26	03:30	1.24571	1.24611	1.24562	1.2459	291
2025.11.26	03:35	1.24568	1.24599	1.24522	1.24558	491
2025.11.26	03:40	1.24541	1.24548	1.24519	1.24525	179
2025.11.26	03:45	1.24602	1.24609	1.24595	1.24607	270
2025.11.26	03:50	1.24645	1.24654	1.2464	1.24653	328
2025.11.26	03:55	1.24661	1.24688	1.24659	1.24664	451
2025.11.26	04:00	1.24666	1.24671	1.2464	1.2465	444
2025.11.26	04:05	1.24654	1.24683	1.24647	1.24673	261
2025.11.26	04:10	1.24646	1.24652	1.24603	1.24623	348
2025.11.26	04:15	1.24664	1.2469	1.24652	1.24678	119
2025.11.26	04:20	1.24676	1.24689	1.24658	1.24668	245
2025.11.26	04:25	1.24631	1.24639	1.24626	1.24637	409
2025.11.26	04:30	1.2464	1.24651	1.24625	1.24644	124
2025.11.26	04:35	1.24696	1.24715	1.24651	1.2467	306
2025.11.26	04:40	1.24696	1.247	1.2469	1.24697	481
2025.11.26	04:45	1.24674	1.24696	1.2466	1.2468	284
2025.11.26	04:50	1.24682	1.24702	1.2466	1.2469	214
2025.11.26	04:55	1.2473	1.2474	1.24724	1.24728	90
2025.11.26	05:00	1.2474	1.24764	1.24728	1.24754	300
2025.11.26	05:05	1.2475	1.24792	1.24732	1.24783	418
2025.11.26	05:10	1.24771	1.24781	1.24756	1.24774	371
2025.11.26	05:15	1.2481	1.24828	1.2481	1.2481	372
2025.11.26	05:20	1.24773	1.24795	1.24748	1.24755	188
2025.11.26	05:25	1.24778	1.24794	1.24768	1.24781	365
2025.11.26	05:30	1.24764	1.24798	1.24748	1.24787	335
2025.11.26	05:35	1.24739	1.24754	1.24674	1.24719	351
2025.11.26	05:40	1.24746	1.24748	1.24721	1.24732	464
2025.11.26	05:45	1.24742	1.24746	1.24716	1.24734	324
2025.11.26	05:50	1.24742	1.24753	1.24739	1.24748	197
2025.11.26	05:55	1.24747	1.24779	1.24734	1.2475	365
2025.11.26	06:00	1.2479	1.24791	1.24766	1.24788	375
2025.11.26	06:05	1.24839	1.24856	1.24831	1.24843	63
2025.11.26	06:10	1.24904	1.24905	1.24898	1.24904	356
2025.11.26	06:15	1.24851	1.2487	1.24826	1.24838	464
2025.11.26	06:20	1.24855	1.24858	1.24855	1.24857	383
2025.11.26	06:25	1.24874	1.24896	1.24868	1.24892	176
2025.11.26	06:30	1.24923	1.24955	1.24918	1.24925	266
2025.11.26	06:35	1.24935	1.24953	1.24934	1.24949	371
2025.11.26	06:40	1.24944	1.2496	1.24924	1.24946	354
2025.11.26	06:45	1.25078	1.25082	1.25047	1.25064	455
2025.11.26	06:50	1.25032	1.25061	1.25021	1.25057	436
2025.11.26	06:55	1.25064	1.25068	1.25023	1.25038	356
2025.11.26	07:00	1.25012	1.25021	1.24991	1.25003	73
2025.11.26	07:05	1.24979	1.25014	1.24969	1.24983	268
2025.11.26	07:10	1.24985	1.24997	1.24984	1.24996	419
2025.11.26	07:15	1.24938	1.24965	1.24935	1.24937	297
2025.11.26	07:20	1.24923	1.24936	1.24905	1.24915	298
2025.11.26	07:25	1.2499	1.25015	1.24977	1.24991	386
2025.11.26	07:30	1.24992	1.25025	1.24989	1.24992	81
2025.11.26	07:35	1.24925	1.24969	1.24914	1.24955	398
2025.11.26	07:40	1.2496	1.24977	1.24931	1.24946	177
2025.11.26	07:45	1.24901	1.24912	1.24878	1.24882	177
2025.11.26	07:50	1.24861	1.24878	1.24834	1.24874	83
2025.11.26	07:55	1.24836	1.24849	1.24812	1.24827	183
2025.11.26	08:00	1.24839	1.24845	1.24805	1.24813	185
2025.11.26	08:05	1.24771	1.24792	1.24753	1.24779	449
2025.11.26	08:10	1.24763	1.24792	1.24741	1.24764	345
2025.11.26	08:15	1.2471	1.24744	1.24676	1.24698	119
2025.11.26	08:20	1.24732	1.24748	1.2472	1.24732	107
2025.11.26	08:25	1.24682	1.24713	1.24678	1.24691	88
2025.11.26	08:30	1.24699	1.24708	1.24698	1.24704	324
2025.11.26	08:35	1.24716	1.2472	1.24678	1.24698	171
2025.11.26	08:40	1.24756	1.24759	1.24754	1.24758	362
2025.11.26	08:45	1.2469	1.24704	1.24662	1.24682	184
2025.11.26	08:50	1.24657	1.24669	1.24639	1.24646	367
2025.11.26	08:55	1.24615	1.24654	1.24613	1.24625	380
2025.11.26	09:00	1.24592	1.246	1.24574	1.24586	119
2025.11.26	09:05	1.2454	1.2455	1.24527	1.24529	347
2025.11.26	09:10	1.24448	1.24459	1.2443	1.24439	61
2025.11.26	09:15	1.24455	1.24462	1.24442	1.24449	173
2025.11.26	09:20	1.24483	1.24483	1.24465	1.24482	229
2025.11.26	09:25	1.24514	1.24545	1.24471	1.24517	456
2025.11.26	09:30	1.24536	1.24556	1.24489	1.24522	319
2025.11.26	09:35	1.24544	1.24565	1.24525	1.24541	53
2025.11.26	09:40	1.24505	1.24532	1.24503	1.24521	206
2025.11.26	09:45	1.24527	1.24538	1.245	1.24509	284
2025.11.26	09:50	1.24569	1.24597	1.24561	1.24577	57
2025.11.26	09:55	1.24601	1.2463	1.24595	1.24606	209
2025.11.26	10:00	1.24553	1.24563	1.24552	1.24555	475
2025.11.26	10:05	1.24492	1.24504	1.24475	1.24494	212
2025.11.26	10:10	1.24499	1.24516	1.24498	1.245	208
2025.11.26	10:15	1.24548	1.24553	1.24512	1.24529	201
2025.11.26	10:20	1.24527	1.24546	1.24509	1.24528	362
2025.11.26	10:25	1.24473	1.24488	1.24457	1.24476	103
2025.11.26	10:30	1.24473	1.24494	1.24458	1.24464	279
2025.11.26	10:35	1.24443	1.24451	1.24418	1.24442	480
2025.11.26	10:40	1.2451	1.2453	1.24495	1.24507	53
2025.11.26	10:45	1.24498	1.24529	1.24486	1.24506	151
2025.11.26	10:50	1.24594	1.24619	1.24571	1.24604	106
2025.11.26	10:55	1.24579	1.24603	1.24565	1.24596	167
2025.11.26	11:00	1.24521	1.2454	1.24511	1.24522	388
2025.11.26	11:05	1.24567	1.24568	1.2454	1.24562	207
2025.11.26	11:10	1.24575	1.24624	1.24565	1.246	139
2025.11.26	11:15	1.24579	1.24593	1.24566	1.24581	252
2025.11.26	11:20	1.24495	1.24509	1.24483	1.24486	239
2025.11.26	11:25	1.24514	1.24548	1.24503	1.2454	499
2025.11.26	11:30	1.24558	1.24594	1.24536	1.24581	182
2025.11.26	11:35	1.24606	1.24618	1.24594	1.24614	72
2025.11.26	11:40	1.2461	1.24621	1.24594	1.24606	396
2025.11.26	11:45	1.24601	1.24627	1.24574	1.24596	456
2025.11.26	11:50	1.24582	1.24587	1.24556	1.24578	359
2025.11.26	11:55	1.24602	1.24614	1.24595	1.24612	417
2025.11.26	12:00	1.24607	1.24632	1.24585	1.24613	57
2025.11.26	12:05	1.24585	1.24605	1.24572	1.24579	166
2025.11.26	12:10	1.24511	1.24527	1.24491	1.24504	410
2025.11.26	12:15	1.24523	1.24536	1.24497	1.24534	487
2025.11.26	12:20	1.24545	1.24564	1.24532	1.24541	386
2025.11.26	12:25	1.24493	1.24501	1.2448	1.24483	331
2025.11.26	12:30	1.24508	1.24513	1.24492	1.24513	481
2025.11.26	12:35	1.24519	1.24542	1.24501	1.24501	432
2025.11.26	12:40	1.24514	1.24523	1.24504	1.24515	192
2025.11.26	12:45	1.2447	1.24484	1.24462	1.24484	442
2025.11.26	12:50	1.24455	1.24477	1.24435	1.24444	54
2025.11.26	12:55	1.24483	1.24489	1.24463	1.24483	197
2025.11.26	13:00	1.24523	1.24532	1.24496	1.24501	333
2025.11.26	13:05	1.24476	1.24509	1.24462	1.24497	106
2025.11.26	13:10	1.24526	1.24531	1.24501	1.24515	435
2025.11.26	13:15	1.24538	1.24554	1.2452	1.24543	267
2025.11.26	13:20	1.24519	1.24563	1.24514	1.24532	488
2025.11.26	13:25	1.2456	1.24591	1.24525	1.24542	315
2025.11.26	13:30	1.24476	1.24487	1.24464	1.24474	303
2025.11.26	13:35	1.24424	1.24436	1.24394	1.24422	154
2025.11.26	13:40	1.24419	1.24442	1.24408	1.24434	471
2025.11.26	13:45	1.24444	1.24452	1.24434	1.24452	477
2025.11.26	13:50	1.24434	1.24462	1.24419	1.24433	68
2025.11.26	13:55	1.24468	1.24469	1.24451	1.24456	160
2025.11.26	14:00	1.2445	1.24479	1.24439	1.2446	392
2025.11.26	14:05	1.24424	1.24433	1.24411	1.24431	224
2025.11.26	14:10	1.24395	1.24411	1.24345	1.24368	118
2025.11.26	14:15	1.24345	1.24353	1.2431	1.24339	277
2025.11.26	14:20	1.2431	1.24332	1.24293	1.24318	177
2025.11.26	14:25	1.2439	1.24397	1.24364	1.24388	173
2025.11.26	14:30	1.24366	1.24383	1.24361	1.2437	307
2025.11.26	14:35	1.24401	1.24415	1.24389	1.2441	438
2025.11.26	14:40	1.24479	1.24506	1.24473	1.24492	185
2025.11.26	14:45	1.24573	1.2461	1.24547	1.24588	137
2025.11.26	14:50	1.24634	1.2464	1.24626	1.24632	139
2025.11.26	14:55	1.246	1.24612	1.24596	1.24607	169
2025.11.26	15:00	1.246	1.24626	1.24593	1.24612	172
2025.11.26	15:05	1.24616	1.24624	1.2458	1.24601	475
2025.11.26	15:10	1.24606	1.24613	1.24595	1.24606	259
2025.11.26	15:15	1.24602	1.2461	1.24591	1.24609	338
2025.11.26	15:20	1.24648	1.24669	1.24623	1.24625	411
2025.11.26	15:25	1.24617	1.24631	1.24604	1.24618	92
2025.11.26	15:30	1.2466	1.24687	1.24623	1.24652	89
2025.11.26	15:35	1.24593	1.24598	1.24555	1.24581	126
2025.11.26	15:40	1.2458	1.24626	1.24568	1.24573	72
2025.11.26	15:45	1.2457	1.24595	1.24534	1.24566	386
2025.11.26	15:50	1.2455	1.24552	1.24539	1.24545	102
2025.11.26	15:55	1.24588	1.2461	1.24584	1.24588	477
2025.11.26	16:00	1.24577	1.24585	1.24575	1.2458	153
2025.11.26	16:05	1.24587	1.24597	1.24584	1.24594	337
2025.11.26	16:10	1.24617	1.24621	1.24578	1.24613	395
2025.11.26	16:15	1.24607	1.24667	1.24601	1.24621	427
2025.11.26	16:20	1.24642	1.24673	1.24627	1.24631	268
2025.11.26	16:25	1.24664	1.24669	1.24658	1.24664	377
2025.11.26	16:30	1.24649	1.24652	1.24627	1.24639	322
2025.11.26	16:35	1.24687	1.2472	1.24682	1.247	228
2025.11.26	16:40	1.24732	1.24765	1.24712	1.24719	213
2025.11.26	16:45	1.24658	1.24678	1.24637	1.24673	184
2025.11.26	16:50	1.24667	1.2468	1.24655	1.2466	204
2025.11.26	16:55	1.24661	1.24663	1.24658	1.24662	176
2025.11.26	17:00	1.2462	1.24634	1.24613	1.24623	50
2025.11.26	17:05	1.24699	1.24711	1.24684	1.247	217
2025.11.26	17:10	1.24686	1.24712	1.24675	1.24675	341
2025.11.26	17:15	1.2471	1.24741	1.24697	1.24722	135
2025.11.26	17:20	1.24644	1.24658	1.24613	1.24626	98
2025.11.26	17:25	1.24662	1.24668	1.24639	1.24646	274
2025.11.26	17:30	1.24652	1.24665	1.24637	1.24655	175
2025.11.26	17:35	1.24659	1.24678	1.24649	1.24667	170
2025.11.26	17:40	1.24611	1.24618	1.24588	1.246	209
2025.11.26	17:45	1.24615	1.24641	1.24595	1.24623	154
2025.11.26	17:50	1.24696	1.24715	1.2469	1.24697	410
2025.11.26	17:55	1.24732	1.24759	1.24717	1.24732	406
2025.11.26	18:00	1.24753	1.24775	1.24743	1.24756	388
2025.11.26	18:05	1.24731	1.24734	1.24722	1.24726	180
2025.11.26	18:10	1.24707	1.24733	1.24699	1.24723	215
2025.11.26	18:15	1.24815	1.2482	1.24813	1.24819	475
2025.11.26	18:20	1.24808	1.24816	1.24787	1.24805	369
2025.11.26	18:25	1.24795	1.24801	1.24764	1.24769	285
2025.11.26	18:30	1.24747	1.24793	1.24742	1.24758	50
2025.11.26	18:35	1.24812	1.24815	1.24785	1.24792	466
2025.11.26	18:40	1.24774	1.24802	1.24756	1.24772	249
2025.11.26	18:45	1.24765	1.24801	1.24743	1.24762	322
2025.11.26	18:50	1.24755	1.24758	1.24751	1.24754	146
2025.11.26	18:55	1.24701	1.24727	1.24694	1.24717	467
2025.11.26	19:00	1.2474	1.24752	1.24725	1.24736	420
2025.11.26	19:05	1.24826	1.24844	1.24817	1.24823	221
2025.11.26	19:10	1.24729	1.24753	1.24725	1.24727	304
2025.11.26	19:15	1.24721	1.2476	1.247	1.24737	263
2025.11.26	19:20	1.24739	1.24768	1.24726	1.2474	123
2025.11.26	19:25	1.24679	1.24689	1.2466	1.24671	440
2025.11.26	19:30	1.24676	1.24695	1.24661	1.24681	95
2025.11.26	19:35	1.24725	1.24745	1.24697	1.24718	355
2025.11.26	19:40	1.24701	1.24724	1.24698	1.24708	263
2025.11.26	19:45	1.24736	1.24744	1.24715	1.2474	156
2025.11.26	19:50	1.24709	1.2475	1.24704	1.24733	473
2025.11.26	19:55	1.24779	1.2478	1.24746	1.24778	67
2025.11.26	20:00	1.24769	1.24824	1.24763	1.24784	324
2025.11.26	20:05	1.24758	1.2477	1.24742	1.24755	179
2025.11.26	20:10	1.2471	1.24742	1.24702	1.24706	383
2025.11.26	20:15	1.24638	1.24649	1.24623	1.24624	114
2025.11.26	20:20	1.24709	1.24725	1.24685	1.24716	72
2025.11.26	20:25	1.2467	1.24691	1.24664	1.24687	269
2025.11.26	20:30	1.24628	1.24649	1.2461	1.24626	130
2025.11.26	20:35	1.24652	1.24693	1.24633	1.24684	462
2025.11.26	20:40	1.24687	1.24694	1.2467	1.24681	219
2025.11.26	20:45	1.24681	1.24686	1.2464	1.24659	60
2025.11.26	20:50	1.24719	1.24738	1.24699	1.24732	315
2025.11.26	20:55	1.24801	1.24822	1.24782	1.24785	209
2025.11.26	21:00	1.24815	1.24843	1.24791	1.24804	262
2025.11.26	21:05	1.24784	1.24808	1.24773	1.24787	311
2025.11.26	21:10	1.24792	1.24797	1.24782	1.24785	319
2025.11.26	21:15	1.24792	1.24799	1.24775	1.24797	270
2025.11.26	21:20	1.24798	1.24804	1.24762	1.24792	470
2025.11.26	21:25	1.24788	1.24802	1.24772	1.24801	232
2025.11.26	21:30	1.24819	1.24836	1.24807	1.24829	381
2025.11.26	21:35	1.24852	1.24871	1.24837	1.24858	85
2025.11.26	21:40	1.24902	1.24913	1.24898	1.24909	105
2025.11.26	21:45	1.24835	1.24842	1.24815	1.24838	141
2025.11.26	21:50	1.2483	1.2485	1.24791	1.24821	308
2025.11.26	21:55	1.24857	1.24885	1.24834	1.24874	190
2025.11.26	22:00	1.249	1.24905	1.24866	1.24884	79
2025.11.26	22:05	1.24884	1.24902	1.24871	1.24885	156
2025.11.26	22:10	1.24835	1.24861	1.2482	1.24824	295
2025.11.26	22:15	1.24847	1.24856	1.24828	1.24849	489
2025.11.26	22:20	1.24884	1.24885	1.24866	1.24873	71
2025.11.26	22:25	1.24922	1.24945	1.24904	1.24934	323
2025.11.26	22:30	1.24919	1.24933	1.24889	1.24908	148
2025.11.26	22:35	1.2489	1.24892	1.24884	1.24889	98
2025.11.26	22:40	1.24893	1.24916	1.24888	1.24899	337
2025.11.26	22:45	1.24977	1.24999	1.24968	1.2498	285
2025.11.26	22:50	1.24981	1.25018	1.24977	1.24982	165
2025.11.26	22:55	1.24996	1.24998	1.24967	1.24989	143
2025.11.26	23:00	1.25034	1.25037	1.25023	1.25029	105
2025.11.26	23:05	1.25099	1.25135	1.25077	1.25116	379
2025.11.26	23:10	1.25081	1.25085	1.25073	1.25084	438
2025.11.26	23:15	1.251	1.25103	1.25081	1.25102	276
2025.11.26	23:20	1.25103	1.25122	1.25086	1.25116	342
2025.11.26	23:25	1.25154	1.25164	1.25151	1.25162	480
2025.11.26	23:30	1.25175	1.25189	1.25168	1.25171	229
2025.11.26	23:35	1.25127	1.25133	1.25107	1.25124	115
2025.11.26	23:40	1.25101	1.25102	1.25089	1.25094	382
2025.11.26	23:45	1.25107	1.25122	1.25072	1.25119	190
2025.11.26	23:50	1.25116	1.25125	1.25101	1.25123	439
2025.11.26	23:55	1.2515	1.25181	1.25132	1.25162	357
2025.11.27	00:00	1.25146	1.25164	1.25135	1.25152	243
2025.11.27	00:05	1.25118	1.25118	1.25096	1.25106	437
2025.11.27	00:10	1.25172	1.25218	1.2517	1.25198	352
2025.11.27	00:15	1.25208	1.25231	1.25196	1.25223	380
2025.11.27	00:20	1.25227	1.25228	1.25187	1.25224	154
2025.11.27	00:25	1.25228	1.25241	1.25208	1.25239	372
2025.11.27	00:30	1.25205	1.25213	1.25199	1.25203	186
2025.11.27	00:35	1.25225	1.25268	1.25223	1.25229	361
2025.11.27	00:40	1.25246	1.25255	1.25236	1.25242	70
2025.11.27	00:45	1.25144	1.25169	1.25121	1.25135	278
2025.11.27	00:50	1.25096	1.2512	1.25068	1.25077	353
2025.11.27	00:55	1.25125	1.25138	1.251	1.25106	408
2025.11.27	01:00	1.2511	1.2513	1.251	1.25105	132
2025.11.27	01:05	1.25015	1.25026	1.24995	1.25015	270
2025.11.27	01:10	1.25032	1.25047	1.2503	1.25044	245
2025.11.27	01:15	1.2499	1.2501	1.24982	1.24996	320
2025.11.27	01:20	1.2492	1.24921	1.24893	1.24906	218
2025.11.27	01:25	1.24952	1.24965	1.24909	1.24948	264
2025.11.27	01:30	1.24997	1.2502	1.24979	1.25013	183
2025.11.27	01:35	1.25002	1.25015	1.24991	1.25	260
2025.11.27	01:40	1.2503	1.25052	1.25014	1.25048	59
2025.11.27	01:45	1.25046	1.25046	1.25021	1.25027	280
2025.11.27	01:50	1.25027	1.25056	1.25026	1.25037	469
2025.11.27	01:55	1.25059	1.25104	1.25045	1.25077	271
2025.11.27	02:00	1.25069	1.25091	1.25055	1.25079	86
2025.11.27	02:05	1.25148	1.2515	1.25112	1.25142	488
2025.11.27	02:10	1.25148	1.25148	1.25133	1.25139	420
2025.11.27	02:15	1.25204	1.25205	1.25189	1.25201	240
2025.11.27	02:20	1.25248	1.25278	1.25218	1.25229	195
2025.11.27	02:25	1.25186	1.25213	1.25176	1.25187	83
2025.11.27	02:30	1.25247	1.25275	1.25235	1.25252	199
2025.11.27	02:35	1.25141	1.25155	1.25134	1.25136	189
2025.11.27	02:40	1.2514	1.25152	1.25126	1.25146	104
2025.11.27	02:45	1.25165	1.252	1.25159	1.25173	273
2025.11.27	02:50	1.2519	1.25203	1.25184	1.25189	185
2025.11.27	02:55	1.2523	1.25231	1.252	1.25208	201
2025.11.27	03:00	1.25219	1.25232	1.25218	1.2523	136
2025.11.27	03:05	1.25189	1.25223	1.25183	1.25205	413
2025.11.27	03:10	1.25192	1.25218	1.25176	1.25196	263
2025.11.27	03:15	1.2513	1.25133	1.25104	1.25129	51
2025.11.27	03:20	1.25104	1.25144	1.25102	1.2512	105
2025.11.27	03:25	1.25076	1.25103	1.25058	1.2508	317
2025.11.27	03:30	1.25073	1.2509	1.25072	1.25076	408
2025.11.27	03:35	1.25041	1.25063	1.25025	1.25057	133
2025.11.27	03:40	1.2506	1.25089	1.2505	1.25065	334
2025.11.27	03:45	1.25036	1.25053	1.24996	1.25007	383
2025.11.27	03:50	1.2501	1.25019	1.25003	1.25009	207
2025.11.27	03:55	1.25026	1.25034	1.25003	1.25019	295
2025.11.27	04:00	1.25045	1.25074	1.25016	1.2507	210
2025.11.27	04:05	1.25115	1.25121	1.25093	1.25106	147
2025.11.27	04:10	1.2509	1.25122	1.25088	1.25101	136
2025.11.27	04:15	1.25084	1.25091	1.25066	1.25082	348
2025.11.27	04:20	1.251	1.25118	1.25067	1.25107	224
2025.11.27	04:25	1.25108	1.25108	1.25099	1.25105	59
2025.11.27	04:30	1.25001	1.25008	1.24994	1.25008	272
2025.11.27	04:35	1.24987	1.25	1.2498	1.24992	179
2025.11.27	04:40	1.25058	1.25072	1.25044	1.25068	464
2025.11.27	04:45	1.25075	1.25093	1.25049	1.25064	56
2025.11.27	04:50	1.25067	1.2508	1.25061	1.25072	321
2025.11.27	04:55	1.25066	1.25073	1.25028	1.25057	387
2025.11.27	05:00	1.25086	1.25108	1.25071	1.25084	446
2025.11.27	05:05	1.25046	1.25047	1.25007	1.25036	188
2025.11.27	05:10	1.25046	1.25068	1.25033	1.25053	461
2025.11.27	05:15	1.25001	1.25002	1.24987	1.24999	105
2025.11.27	05:20	1.25104	1.25127	1.25101	1.25118	347
2025.11.27	05:25	1.25158	1.25178	1.25133	1.25157	421
2025.11.27	05:30	1.25099	1.25107	1.2508	1.25083	191
2025.11.27	05:35	1.25073	1.25124	1.25064	1.25083	122
2025.11.27	05:40	1.25067	1.25091	1.25044	1.25069	200
2025.11.27	05:45	1.2505	1.25083	1.25029	1.25067	126
2025.11.27	05:50	1.25046	1.25046	1.25042	1.25046	217
2025.11.27	05:55	1.2496	1.24977	1.24945	1.24968	135
2025.11.27	06:00	1.24964	1.24976	1.24933	1.24963	234
2025.11.27	06:05	1.24944	1.24956	1.24937	1.2494	278
2025.11.27	06:10	1.24864	1.2487	1.24856	1.24868	365
2025.11.27	06:15	1.24835	1.24866	1.2483	1.24833	199
2025.11.27	06:20	1.2477	1.24791	1.24748	1.24778	348
2025.11.27	06:25	1.24795	1.24803	1.24774	1.24785	333
2025.11.27	06:30	1.2478	1.24817	1.24774	1.24791	127
2025.11.27	06:35	1.24763	1.24787	1.2476	1.2477	183
2025.11.27	06:40	1.24754	1.24767	1.2474	1.2476	279
2025.11.27	06:45	1.2477	1.24784	1.24755	1.24776	86
2025.11.27	06:50	1.2477	1.24786	1.24751	1.24779	234
2025.11.27	06:55	1.24754	1.24759	1.24732	1.2475	366
2025.11.27	07:00	1.24748	1.24767	1.24735	1.2475	199
2025.11.27	07:05	1.24718	1.24742	1.24703	1.24717	442
2025.11.27	07:10	1.24749	1.24759	1.24742	1.24755	401
2025.11.27	07:15	1.24773	1.24812	1.2477	1.24778	286
2025.11.27	07:20	1.248	1.24825	1.24784	1.24813	206
2025.11.27	07:25	1.2481	1.24834	1.24786	1.24831	220
2025.11.27	07:30	1.24806	1.24809	1.24777	1.24808	76
2025.11.27	07:35	1.24796	1.24822	1.24788	1.24805	114
2025.11.27	07:40	1.24835	1.24846	1.24821	1.24836	445
2025.11.27	07:45	1.24916	1.24958	1.24893	1.24895	339
2025.11.27	07:50	1.24865	1.24881	1.24862	1.24872	472
2025.11.27	07:55	1.24882	1.24885	1.24869	1.24883	149
2025.11.27	08:00	1.24868	1.24894	1.24861	1.24879	155
2025.11.27	08:05	1.24844	1.2487	1.24839	1.24849	130
2025.11.27	08:10	1.24923	1.24926	1.24908	1.24922	77
2025.11.27	08:15	1.24932	1.24965	1.24897	1.24917	434
2025.11.27	08:20	1.24938	1.24965	1.24926	1.24963	458
2025.11.27	08:25	1.24893	1.24899	1.24876	1.24893	356
2025.11.27	08:30	1.24959	1.24962	1.24958	1.24959	437
2025.11.27	08:35	1.24956	1.24959	1.24945	1.24951	76
2025.11.27	08:40	1.24872	1.24891	1.24854	1.24863	455
2025.11.27	08:45	1.24911	1.24914	1.24874	1.24893	444
2025.11.27	08:50	1.24879	1.24888	1.24852	1.24868	387
2025.11.27	08:55	1.24884	1.24895	1.24869	1.24875	92
2025.11.27	09:00	1.24872	1.24895	1.24857	1.2488	465
2025.11.27	09:05	1.24799	1.24821	1.24773	1.24787	353
2025.11.27	09:10	1.24818	1.2483	1.24779	1.24795	163
2025.11.27	09:15	1.24801	1.24816	1.248	1.24801	156
2025.11.27	09:20	1.24794	1.24805	1.2477	1.24788	432
2025.11.27	09:25	1.2485	1.24859	1.24834	1.24842	321
2025.11.27	09:30	1.24774	1.24783	1.24758	1.2477	123
2025.11.27	09:35	1.24767	1.2478	1.24761	1.24776	378
2025.11.27	09:40	1.24756	1.24761	1.24752	1.24759	253
2025.11.27	09:45	1.24774	1.2478	1.24746	1.24769	230
2025.11.27	09:50	1.24781	1.24807	1.24758	1.24795	300
2025.11.27	09:55	1.24844	1.24868	1.24812	1.24851	285
2025.11.27	10:00	1.24807	1.24833	1.24805	1.24823	216
2025.11.27	10:05	1.24816	1.24832	1.24813	1.24824	393
2025.11.27	10:10	1.24845	1.24846	1.2483	1.2484	186
2025.11.27	10:15	1.24897	1.249	1.24887	1.24894	193
2025.11.27	10:20	1.24904	1.24926	1.24898	1.24911	369
2025.11.27	10:25	1.24874	1.24876	1.24849	1.24872	424
2025.11.27	10:30	1.24915	1.24916	1.24891	1.24913	389
2025.11.27	10:35	1.2485	1.24863	1.24836	1.2485	456
2025.11.27	10:40	1.24842	1.24876	1.24835	1.24858	164
2025.11.27	10:45	1.2485	1.24857	1.24812	1.2483	388
2025.11.27	10:50	1.24753	1.24775	1.24747	1.24757	233
2025.11.27	10:55	1.24745	1.24799	1.24722	1.24772	300
2025.11.27	11:00	1.24735	1.2475	1.24732	1.24743	317
2025.11.27	11:05	1.2474	1.2474	1.24697	1.24718	98
2025.11.27	11:10	1.2475	1.24754	1.24729	1.2474	207
2025.11.27	11:15	1.24743	1.24755	1.24692	1.24718	345
2025.11.27	11:20	1.24742	1.24763	1.24715	1.24732	87
2025.11.27	11:25	1.24721	1.24729	1.24696	1.24721	359
2025.11.27	11:30	1.24704	1.24736	1.24685	1.24693	99
2025.11.27	11:35	1.24708	1.24712	1.24683	1.24708	317
2025.11.27	11:40	1.24687	1.24717	1.24673	1.24702	406
2025.11.27	11:45	1.24681	1.24708	1.24681	1.24694	223
2025.11.27	11:50	1.24776	1.24804	1.24764	1.24791	163
2025.11.27	11:55	1.24884	1.24891	1.24864	1.24881	152
2025.11.27	12:00	1.24851	1.24861	1.24841	1.24855	474
2025.11.27	12:05	1.24916	1.24918	1.24899	1.24907	354
2025.11.27	12:10	1.24918	1.24934	1.24896	1.2493	217
2025.11.27	12:15	1.24946	1.24951	1.24932	1.2495	249
2025.11.27	12:20	1.24948	1.24982	1.24931	1.24945	101
2025.11.27	12:25	1.24972	1.24976	1.24968	1.24973	281
2025.11.27	12:30	1.24998	1.24999	1.24995	1.24998	478
2025.11.27	12:35	1.25029	1.25056	1.25002	1.25024	295
2025.11.27	12:40	1.25041	1.25042	1.25035	1.25035	241
2025.11.27	12:45	1.25059	1.25078	1.25049	1.25058	414
2025.11.27	12:50	1.25067	1.2511	1.25058	1.25094	274
2025.11.27	12:55	1.25118	1.25133	1.25109	1.25125	376
2025.11.27	13:00	1.25178	1.25199	1.25174	1.25179	162
2025.11.27	13:05	1.25165	1.25184	1.25162	1.25172	257
2025.11.27	13:10	1.25231	1.25237	1.25221	1.2523	426
2025.11.27	13:15	1.25225	1.25235	1.25201	1.25201	498
2025.11.27	13:20	1.25194	1.25226	1.25182	1.2521	489
2025.11.27	13:25	1.25201	1.25213	1.25183	1.2519	398
2025.11.27	13:30	1.25239	1.25243	1.25227	1.2524	441
2025.11.27	13:35	1.25245	1.25267	1.25223	1.25235	190
2025.11.27	13:40	1.25203	1.25203	1.25186	1.25195	423
2025.11.27	13:45	1.25098	1.25111	1.25058	1.25088	222
2025.11.27	13:50	1.25115	1.25124	1.25114	1.25124	194
2025.11.27	13:55	1.25156	1.25187	1.25144	1.25169	214
2025.11.27	14:00	1.25088	1.25128	1.25059	1.25105	191
2025.11.27	14:05	1.25089	1.25108	1.25078	1.25084	332
2025.11.27	14:10	1.25169	1.2517	1.2516	1.25167	136
2025.11.27	14:15	1.25123	1.2516	1.25106	1.25137	326
2025.11.27	14:20	1.25121	1.25137	1.25121	1.25128	203
2025.11.27	14:25	1.25122	1.25147	1.25095	1.25106	413
2025.11.27	14:30	1.25157	1.252	1.25142	1.25144	263
2025.11.27	14:35	1.25135	1.25176	1.25104	1.25126	108
2025.11.27	14:40	1.2516	1.25177	1.25146	1.2517	105
2025.11.27	14:45	1.25155	1.25166	1.25141	1.25152	253
2025.11.27	14:50	1.2516	1.25174	1.25155	1.25156	179
2025.11.27	14:55	1.25208	1.25209	1.25161	1.25185	292
2025.11.27	15:00	1.25241	1.25264	1.25223	1.25256	196
2025.11.27	15:05	1.25188	1.25201	1.25169	1.25198	247
2025.11.27	15:10	1.2517	1.25186	1.25166	1.25172	90
2025.11.27	15:15	1.25203	1.25203	1.25188	1.25192	390
2025.11.27	15:20	1.25171	1.25206	1.25139	1.25182	451
2025.11.27	15:25	1.25163	1.25195	1.25129	1.25157	368
2025.11.27	15:30	1.25185	1.25194	1.25165	1.25169	455
2025.11.27	15:35	1.25082	1.25114	1.25078	1.25112	289
2025.11.27	15:40	1.25155	1.25163	1.25141	1.25159	415
2025.11.27	15:45	1.2513	1.25133	1.25111	1.25116	380
2025.11.27	15:50	1.25065	1.25088	1.25044	1.25079	340
2025.11.27	15:55	1.25067	1.25079	1.25057	1.25075	78
2025.11.27	16:00	1.25056	1.25084	1.25055	1.25065	347
2025.11.27	16:05	1.25102	1.25115	1.25083	1.25091	260
2025.11.27	16:10	1.2513	1.25139	1.25108	1.25131	156
2025.11.27	16:15	1.25147	1.25159	1.25111	1.25134	136
2025.11.27	16:20	1.25138	1.25138	1.25119	1.25128	110
2025.11.27	16:25	1.25052	1.25062	1.25006	1.25017	116
2025.11.27	16:30	1.25029	1.2504	1.25025	1.25027	176
2025.11.27	16:35	1.24994	1.25011	1.24982	1.24991	84
2025.11.27	16:40	1.25068	1.2508	1.25058	1.25062	345
2025.11.27	16:45	1.25048	1.25052	1.25032	1.2504	101
2025.11.27	16:50	1.25073	1.25078	1.25046	1.25057	105
2025.11.27	16:55	1.2502	1.25049	1.25005	1.25038	456
2025.11.27	17:00	1.2502	1.25025	1.2499	1.24994	469
2025.11.27	17:05	1.24928	1.24937	1.24901	1.24919	300
2025.11.27	17:10	1.24941	1.24956	1.2493	1.24954	133
2025.11.27	17:15	1.24997	1.25011	1.24983	1.25009	459
2025.11.27	17:20	1.25013	1.25038	1.24995	1.25023	321
2025.11.27	17:25	1.24996	1.25024	1.24984	1.24993	496
2025.11.27	17:30	1.25015	1.25028	1.25001	1.25018	446
2025.11.27	17:35	1.24974	1.24984	1.2496	1.24968	402
2025.11.27	17:40	1.24962	1.24964	1.24937	1.24955	260
2025.11.27	17:45	1.24934	1.24963	1.2493	1.24948	382
2025.11.27	17:50	1.24925	1.24943	1.2492	1.24924	165
2025.11.27	17:55	1.24982	1.25001	1.24981	1.24985	317
2025.11.27	18:00	1.25033	1.25045	1.2503	1.25045	108
2025.11.27	18:05	1.25029	1.25056	1.25025	1.25036	388
2025.11.27	18:10	1.24964	1.24988	1.24952	1.24981	442
2025.11.27	18:15	1.24962	1.24976	1.24941	1.24971	467
2025.11.27	18:20	1.24964	1.24974	1.24962	1.2497	443
2025.11.27	18:25	1.2495	1.24958	1.24939	1.24944	334
2025.11.27	18:30	1.24956	1.2497	1.24927	1.24965	125
2025.11.27	18:35	1.24969	1.24975	1.24949	1.24953	483
2025.11.27	18:40	1.24938	1.24975	1.24924	1.24954	172
2025.11.27	18:45	1.24945	1.24962	1.24912	1.24953	477
2025.11.27	18:50	1.24898	1.24898	1.2489	1.24898	346
2025.11.27	18:55	1.24916	1.24933	1.24906	1.24909	172
2025.11.27	19:00	1.24912	1.24915	1.24888	1.24913	286
2025.11.27	19:05	1.2484	1.24854	1.24824	1.24847	396
2025.11.27	19:10	1.24866	1.24882	1.24836	1.24861	206
2025.11.27	19:15	1.24809	1.24853	1.24798	1.24818	122
2025.11.27	19:20	1.24828	1.24854	1.24805	1.24831	492
2025.11.27	19:25	1.24812	1.24828	1.24811	1.24822	248
2025.11.27	19:30	1.24824	1.24846	1.24823	1.24823	278
2025.11.27	19:35	1.24804	1.24826	1.24786	1.24798	293
2025.11.27	19:40	1.24717	1.2473	1.24703	1.2471	102
2025.11.27	19:45	1.2478	1.2479	1.24725	1.24748	358
2025.11.27	19:50	1.24758	1.24777	1.24745	1.24775	203
2025.11.27	19:55	1.24719	1.24762	1.24697	1.24741	462
2025.11.27	20:00	1.24684	1.24692	1.24683	1.24686	176
2025.11.27	20:05	1.24646	1.24646	1.24626	1.24627	168
2025.11.27	20:10	1.24636	1.24655	1.24619	1.24647	250
2025.11.27	20:15	1.24608	1.24614	1.24601	1.24606	482
2025.11.27	20:20	1.24555	1.24561	1.24535	1.24557	295
2025.11.27	20:25	1.24549	1.24573	1.24522	1.24558	410
2025.11.27	20:30	1.24484	1.24488	1.24465	1.24484	72
2025.11.27	20:35	1.24479	1.245	1.24455	1.24472	372
2025.11.27	20:40	1.24456	1.24479	1.24434	1.24446	482
2025.11.27	20:45	1.24426	1.24442	1.24392	1.24419	96
2025.11.27	20:50	1.24398	1.24416	1.24385	1.24387	91
2025.11.27	20:55	1.24396	1.24402	1.24392	1.24395	400
2025.11.27	21:00	1.24432	1.24453	1.24406	1.24442	409
2025.11.27	21:05	1.24478	1.2449	1.24467	1.24487	206
2025.11.27	21:10	1.24446	1.24476	1.24414	1.24437	293
2025.11.27	21:15	1.24481	1.24487	1.24445	1.24466	377
2025.11.27	21:20	1.2445	1.24466	1.2442	1.2444	479
2025.11.27	21:25	1.24433	1.2444	1.24415	1.24433	485
2025.11.27	21:30	1.24421	1.24443	1.24405	1.24417	269
2025.11.27	21:35	1.24416	1.24458	1.24404	1.24431	149
2025.11.27	21:40	1.24439	1.24471	1.2442	1.24454	189
2025.11.27	21:45	1.24433	1.24442	1.2439	1.24419	185
2025.11.27	21:50	1.24452	1.24488	1.24435	1.24456	248
2025.11.27	21:55	1.24549	1.24576	1.2454	1.24541	493
2025.11.27	22:00	1.2448	1.24499	1.24465	1.24483	453
2025.11.27	22:05	1.24542	1.24566	1.24536	1.24552	134
2025.11.27	22:10	1.24562	1.24589	1.24537	1.24545	295
2025.11.27	22:15	1.24535	1.2455	1.24525	1.24536	417
2025.11.27	22:20	1.24553	1.2456	1.2454	1.24548	72
2025.11.27	22:25	1.24542	1.24587	1.24541	1.2456	203
2025.11.27	22:30	1.24546	1.24596	1.24546	1.24555	154
2025.11.27	22:35	1.24571	1.24604	1.24546	1.24587	399
