2025.11.19	00:00	150.55018	150.55028	150.54116	150.54162	170
2025.11.19	00:15	150.55139	150.57113	150.55131	150.5711	213
2025.11.19	00:30	150.54606	150.54627	150.54553	150.54562	80
2025.11.19	00:45	150.52195	150.54678	150.52176	150.54671	158
2025.11.19	01:00	150.57195	150.572	150.57171	150.57171	247
2025.11.19	01:15	150.53068	150.54136	150.53061	150.54132	190
2025.11.19	01:30	150.49121	150.50459	150.49111	150.50437	415
2025.11.19	01:45	150.52382	150.52504	150.52351	150.52494	382
2025.11.19	02:00	150.43079	150.43094	150.4251	150.42514	83
2025.11.19	02:15	150.42697	150.42735	150.40438	150.40452	192
2025.11.19	02:30	150.43953	150.44036	150.43926	150.44011	79
2025.11.19	02:45	150.40738	150.41399	150.40731	150.41388	406
2025.11.19	03:00	150.36318	150.375	150.36316	150.3749	252
2025.11.19	03:15	150.38038	150.38999	150.38016	150.38993	354
2025.11.19	03:30	150.39131	150.39726	150.39128	150.39718	107
2025.11.19	03:45	150.35776	150.36887	150.35768	150.36862	151
2025.11.19	04:00	150.42104	150.42111	150.4205	150.42067	112
2025.11.19	04:15	150.40314	150.41065	150.4031	150.41054	303
2025.11.19	04:30	150.43478	150.43479	150.42792	150.42823	154
2025.11.19	04:45	150.38457	150.38473	150.36302	150.36335	96
2025.11.19	05:00	150.38136	150.38257	150.38134	150.38247	92
2025.11.19	05:15	150.39892	150.41482	150.39888	150.41471	100
2025.11.19	05:30	150.44695	150.45389	150.4468	150.45382	262
2025.11.19	05:45	150.526	150.54363	150.52592	150.54357	468
2025.11.19	06:00	150.62105	150.64201	150.62094	150.64183	93
2025.11.19	06:15	150.58561	150.58574	150.57218	150.57218	159
2025.11.19	06:30	150.53298	150.55362	150.53296	150.55359	395
2025.11.19	06:45	150.55538	150.55895	150.55535	150.55882	193
2025.11.19	07:00	150.55974	150.57857	150.55952	150.57848	443
2025.11.19	07:15	150.61649	150.61656	150.60727	150.60732	177
2025.11.19	07:30	150.60722	150.60742	150.6015	150.60167	495
2025.11.19	07:45	150.65795	150.65799	150.64458	150.64477	111
2025.11.19	08:00	150.65396	150.65402	150.6403	150.6405	349
2025.11.19	08:15	150.7097	150.70982	150.69565	150.69566	344
2025.11.19	08:30	150.67341	150.67354	150.65597	150.65601	432
2025.11.19	08:45	150.51262	150.54231	150.51245	150.54197	58
2025.11.19	09:00	150.56889	150.57009	150.56871	150.57002	483
2025.11.19	09:15	150.53446	150.53455	150.53091	150.53102	107
2025.11.19	09:30	150.49403	150.49422	150.48047	150.48084	119
2025.11.19	09:45	150.55342	150.55342	150.55153	150.55159	175
2025.11.19	10:00	150.56625	150.57241	150.56615	150.57223	432
2025.11.19	10:15	150.60073	150.60579	150.60059	150.60567	77
2025.11.19	10:30	150.55672	150.55674	150.52884	150.52915	427
2025.11.19	10:45	150.57681	150.57691	150.56486	150.565	387
2025.11.19	11:00	150.51963	150.5197	150.51213	150.51222	358
2025.11.19	11:15	150.49438	150.49438	150.49346	150.49352	413
2025.11.19	11:30	150.39594	150.40124	150.39569	150.40107	216
2025.11.19	11:45	150.4292	150.42944	150.41999	150.42006	185
2025.11.19	12:00	150.37124	150.37128	150.36632	150.36657	113
2025.11.19	12:15	150.36459	150.3647	150.35573	150.35599	194
2025.11.19	12:30	150.35645	150.37623	150.35639	150.3761	367
2025.11.19	12:45	150.39812	150.40322	150.39801	150.40304	221
2025.11.19	13:00	150.34723	150.35626	150.34704	150.35608	329
2025.11.19	13:15	150.40835	150.40841	150.3897	150.38972	473
2025.11.19	13:30	150.34433	150.35276	150.34407	150.35275	161
2025.11.19	13:45	150.34733	150.36894	150.34725	150.3689	99
2025.11.19	14:00	150.38048	150.38075	150.34763	150.34771	98
2025.11.19	14:15	150.29673	150.31679	150.29664	150.31665	300
2025.11.19	14:30	150.3569	150.37494	150.35674	150.37493	344
2025.11.19	14:45	150.33473	150.33627	150.33472	150.33625	400
2025.11.19	15:00	150.30841	150.3087	150.29929	150.29932	248
2025.11.19	15:15	150.23938	150.23939	150.23187	150.2321	131
2025.11.19	15:30	150.21508	150.21917	150.21495	150.2191	230
2025.11.19	15:45	150.23399	150.26235	150.23394	150.2622	413
2025.11.19	16:00	150.24444	150.24448	150.24223	150.24233	428
2025.11.19	16:15	150.29611	150.31704	150.29604	150.31698	302
2025.11.19	16:30	150.29842	150.29854	150.29512	150.29515	135
2025.11.19	16:45	150.24574	150.25471	150.2454	150.25459	238
2025.11.19	17:00	150.27174	150.27362	150.27158	150.27346	117
2025.11.19	17:15	150.25297	150.2535	150.25281	150.25337	157
2025.11.19	17:30	150.22202	150.22226	150.20326	150.20336	185
2025.11.19	17:45	150.1855	150.19438	150.18525	150.19414	115
2025.11.19	18:00	150.16991	150.17627	150.1699	150.17596	112
2025.11.19	18:15	150.19787	150.19868	150.19775	150.19865	445
2025.11.19	18:30	150.15364	150.16566	150.15353	150.1655	400
2025.11.19	18:45	150.20026	150.20982	150.2001	150.20938	145
2025.11.19	19:00	150.17142	150.17157	150.16684	150.16695	381
2025.11.19	19:15	150.10451	150.10454	150.09556	150.0956	311
2025.11.19	19:30	150.12595	150.12616	150.12513	150.1253	325
2025.11.19	19:45	150.14253	150.1452	150.14253	150.14504	450
2025.11.19	20:00	150.15499	150.15503	150.14768	150.14785	229
2025.11.19	20:15	150.24881	150.24889	150.23258	150.23273	383
2025.11.19	20:30	150.13502	150.13556	150.1349	150.13547	282
2025.11.19	20:45	150.14659	150.14667	150.14044	150.14047	426
2025.11.19	21:00	150.07934	150.07976	150.07466	150.07467	276
2025.11.19	21:15	150.13114	150.13116	150.1187	150.11875	381
2025.11.19	21:30	150.05771	150.05778	150.04855	150.04871	211
2025.11.19	21:45	150.01153	150.01617	150.01126	150.01614	339
2025.11.19	22:00	150.03651	150.0507	150.03644	150.05066	58
2025.11.19	22:15	150.03422	150.03435	150.01109	150.01114	361
2025.11.19	22:30	150.08777	150.08783	150.08089	150.08093	440
2025.11.19	22:45	150.07935	150.07937	150.07632	150.07639	211
2025.11.19	23:00	150.0495	150.06202	150.04941	150.06189	448
2025.11.19	23:15	150.07299	150.07303	150.06134	150.06154	460
2025.11.19	23:30	150.07561	150.07563	150.05822	150.05826	478
2025.11.19	23:45	149.97778	149.97785	149.9738	149.97383	208
2025.11.20	00:00	149.98731	149.9874	149.96397	149.96421	182
2025.11.20	00:15	150.00108	150.00115	149.99719	149.99721	232
2025.11.20	00:30	149.96893	149.99676	149.9689	149.9965	458
2025.11.20	00:45	150.02891	150.02891	150.00942	150.00966	306
2025.11.20	01:00	150.04414	150.05096	150.04391	150.05088	62
2025.11.20	01:15	150.05227	150.05586	150.05222	150.05583	97
2025.11.20	01:30	150.03355	150.03368	150.02204	150.02209	143
2025.11.20	01:45	149.99241	149.99247	149.98009	149.98015	353
2025.11.20	02:00	150.0244	150.02441	150.01174	150.0119	67
2025.11.20	02:15	150.05393	150.05393	150.04524	150.04541	134
2025.11.20	02:30	150.06601	150.08532	150.0658	150.08518	245
2025.11.20	02:45	150.08794	150.09221	150.08791	150.09206	242
2025.11.20	03:00	150.08636	150.08638	150.08156	150.08156	246
2025.11.20	03:15	150.13676	150.13705	150.12038	150.12051	340
2025.11.20	03:30	150.12665	150.12671	150.1242	150.1242	328
2025.11.20	03:45	150.10589	150.10611	150.10578	150.10611	61
2025.11.20	04:00	150.11362	150.11371	150.10216	150.10224	343
2025.11.20	04:15	150.10772	150.1098	150.10756	150.10955	159
2025.11.20	04:30	150.11519	150.11532	150.10124	150.10131	371
2025.11.20	04:45	150.14978	150.15004	150.14508	150.1451	322
2025.11.20	05:00	150.16817	150.17915	150.16811	150.17879	342
2025.11.20	05:15	150.20659	150.20669	150.20105	150.20123	356
2025.11.20	05:30	150.16555	150.18049	150.16533	150.18041	175
2025.11.20	05:45	150.22616	150.22638	150.22537	150.22539	410
2025.11.20	06:00	150.26609	150.26699	150.26604	150.26684	267
2025.11.20	06:15	150.17675	150.17676	150.16373	150.16399	328
2025.11.20	06:30	150.09794	150.1229	150.09791	150.12265	134
2025.11.20	06:45	150.04939	150.04957	150.04007	150.04016	88
2025.11.20	07:00	149.98427	149.98928	149.98404	149.98916	325
2025.11.20	07:15	149.96165	149.96478	149.96151	149.96478	248
2025.11.20	07:30	149.993	149.99315	149.97538	149.97548	316
2025.11.20	07:45	150.04225	150.04501	150.04215	150.04479	99
2025.11.20	08:00	149.99246	149.99246	149.98778	149.98784	294
2025.11.20	08:15	149.92881	149.92891	149.91594	149.91596	321
2025.11.20	08:30	149.93139	149.9348	149.93131	149.93469	93
2025.11.20	08:45	149.91626	149.92252	149.9161	149.92246	266
2025.11.20	09:00	149.9139	149.91402	149.91237	149.91253	399
2025.11.20	09:15	149.92017	149.9202	149.91602	149.91607	187
2025.11.20	09:30	149.94746	149.94758	149.94468	149.94482	357
2025.11.20	09:45	150.04287	150.04294	150.03547	150.03564	143
2025.11.20	10:00	150.11988	150.12474	150.11971	150.12467	369
2025.11.20	10:15	150.15542	150.16424	150.15538	150.1642	324
2025.11.20	10:30	150.12951	150.12968	150.11098	150.1111	169
2025.11.20	10:45	150.09799	150.09811	150.08212	150.08213	338
2025.11.20	11:00	150.04475	150.05466	150.04473	150.05459	432
2025.11.20	11:15	149.98246	149.98251	149.96412	149.96414	460
2025.11.20	11:30	149.92908	149.92932	149.92899	149.92929	363
2025.11.20	11:45	149.92386	149.92397	149.91574	149.91608	203
2025.11.20	12:00	149.94489	149.94493	149.92629	149.92647	432
2025.11.20	12:15	150.00491	150.00502	149.99724	149.9974	489
2025.11.20	12:30	149.93179	149.94129	149.93172	149.94112	106
2025.11.20	12:45	149.92823	149.94356	149.92821	149.94324	408
2025.11.20	13:00	149.88308	149.88316	149.87843	149.87859	200
2025.11.20	13:15	149.88474	149.8995	149.88456	149.89937	444
2025.11.20	13:30	149.96395	149.96399	149.95687	149.95703	370
2025.11.20	13:45	149.95617	149.95628	149.95401	149.95406	456
2025.11.20	14:00	149.96144	149.96808	149.96117	149.968	113
2025.11.20	14:15	150.01495	150.01498	150.01469	150.01492	439
2025.11.20	14:30	150.01784	150.02523	150.01767	150.02519	112
2025.11.20	14:45	149.99733	149.99749	149.96893	149.96901	450
2025.11.20	15:00	150.07701	150.07716	150.07476	150.07483	81
2025.11.20	15:15	149.99643	150.00522	149.99619	150.00515	345
2025.11.20	15:30	150.06514	150.06728	150.06514	150.06726	277
2025.11.20	15:45	150.05249	150.05973	150.05241	150.0597	339
2025.11.20	16:00	150.10608	150.10743	150.1059	150.10707	306
2025.11.20	16:15	150.10737	150.10756	150.10302	150.10307	142
2025.11.20	16:30	150.0561	150.06804	150.05585	150.06797	475
2025.11.20	16:45	150.08468	150.1188	150.08447	150.11879	287
2025.11.20	17:00	150.08919	150.08927	150.08239	150.08257	188
2025.11.20	17:15	150.0669	150.06695	150.06441	150.06473	112
2025.11.20	17:30	150.04852	150.0486	150.047	150.04709	481
2025.11.20	17:45	150.02084	150.02316	150.02063	150.02311	154
2025.11.20	18:00	150.09869	150.09877	150.0796	150.07984	281
2025.11.20	18:15	150.12967	150.12973	150.12908	150.12922	211
2025.11.20	18:30	150.13401	150.13401	150.12311	150.12321	277
2025.11.20	18:45	150.09036	150.09042	150.07311	150.07322	485
2025.11.20	19:00	150.11576	150.11585	150.10779	150.10794	375
2025.11.20	19:15	150.17725	150.17729	150.16527	150.16535	72
2025.11.20	19:30	150.11634	150.12638	150.11597	150.12628	145
2025.11.20	19:45	150.12276	150.12768	150.12272	150.12765	294
2025.11.20	20:00	150.0641	150.06429	150.04167	150.04168	63
2025.11.20	20:15	150.01415	150.01938	150.01412	150.01895	106
2025.11.20	20:30	150.02303	150.02309	150.02173	150.02208	215
2025.11.20	20:45	149.98189	149.9853	149.98174	149.98529	61
2025.11.20	21:00	150.00912	150.00931	150.00411	150.00418	449
2025.11.20	21:15	149.98306	150.00284	149.98276	150.00265	374
2025.11.20	21:30	150.07253	150.07256	150.05775	150.05787	52
2025.11.20	21:45	150.1202	150.1222	150.12015	150.12216	305
2025.11.20	22:00	150.14086	150.15835	150.14074	150.15822	292
2025.11.20	22:15	150.14079	150.141	150.13685	150.13696	242
2025.11.20	22:30	150.12009	150.12036	150.11168	150.11175	401
2025.11.20	22:45	150.14499	150.15229	150.14491	150.15228	381
2025.11.20	23:00	150.18168	150.18186	150.18146	150.18159	235
2025.11.20	23:15	150.26019	150.26033	150.24906	150.24916	120
2025.11.20	23:30	150.2268	150.22681	150.22327	150.22361	421
2025.11.20	23:45	150.14621	150.14627	150.13491	150.13503	82
2025.11.21	00:00	150.12497	150.12499	150.11948	150.11966	285
2025.11.21	00:15	150.13863	150.18008	150.13848	150.18006	167
2025.11.21	00:30	150.20678	150.21817	150.20673	150.218	82
2025.11.21	00:45	150.3141	150.31976	150.31391	150.31966	308
2025.11.21	01:00	150.22819	150.22845	150.2259	150.22599	459
2025.11.21	01:15	150.28286	150.29608	150.28262	150.29596	235
2025.11.21	01:30	150.33208	150.3322	150.31632	150.31632	259
2025.11.21	01:45	150.24936	150.254	150.24935	150.25399	196
2025.11.21	02:00	150.30461	150.30462	150.29985	150.29985	64
2025.11.21	02:15	150.379	150.37917	150.37034	150.37042	304
2025.11.21	02:30	150.36564	150.37176	150.36546	150.37162	194
2025.11.21	02:45	150.37008	150.38091	150.37005	150.38069	234
2025.11.21	03:00	150.3861	150.38614	150.37623	150.3764	356
2025.11.21	03:15	150.38406	150.38411	150.34599	150.34602	146
2025.11.21	03:30	150.38106	150.38126	150.36415	150.36422	100
2025.11.21	03:45	150.32501	150.32509	150.30188	150.30213	163
2025.11.21	04:00	150.27227	150.27243	150.27119	150.2712	243
2025.11.21	04:15	150.26346	150.27477	150.26344	150.27456	149
2025.11.21	04:30	150.23578	150.24618	150.23552	150.24601	123
2025.11.21	04:45	150.24626	150.25358	150.24622	150.25331	178
2025.11.21	05:00	150.2371	150.23726	150.22992	150.22995	316
2025.11.21	05:15	150.25273	150.25296	150.24626	150.24627	346
2025.11.21	05:30	150.30341	150.31206	150.30328	150.31204	228
2025.11.21	05:45	150.41223	150.41232	150.40961	150.40976	324
2025.11.21	06:00	150.37975	150.37991	150.37567	150.3757	179
2025.11.21	06:15	150.33819	150.34724	150.33809	150.34719	395
2025.11.21	06:30	150.32729	150.32737	150.3214	150.32152	486
2025.11.21	06:45	150.35725	150.3573	150.32443	150.32467	461
2025.11.21	07:00	150.30844	150.30985	150.30837	150.30982	485
2025.11.21	07:15	150.26864	150.26876	150.26573	150.26584	417
2025.11.21	07:30	150.35289	150.36353	150.35279	150.36341	432
2025.11.21	07:45	150.39732	150.41255	150.39728	150.41238	366
2025.11.21	08:00	150.35186	150.35213	150.34958	150.34964	395
2025.11.21	08:15	150.39672	150.39693	150.39239	150.39266	481
2025.11.21	08:30	150.38348	150.39585	150.38336	150.39569	393
2025.11.21	08:45	150.41837	150.41843	150.39859	150.39882	415
2025.11.21	09:00	150.37745	150.37749	150.36148	150.3615	313
2025.11.21	09:15	150.3507	150.36156	150.35048	150.36155	326
2025.11.21	09:30	150.36227	150.36228	150.34201	150.34209	311
2025.11.21	09:45	150.2784	150.29231	150.27833	150.29214	490
2025.11.21	10:00	150.33076	150.33248	150.33076	150.33244	194
2025.11.21	10:15	150.41183	150.41188	150.40735	150.40745	289
2025.11.21	10:30	150.43884	150.43892	150.4241	150.42428	66
2025.11.21	10:45	150.42108	150.44128	150.42088	150.44111	381
2025.11.21	11:00	150.42207	150.42214	150.41837	150.41837	398
2025.11.21	11:15	150.40602	150.41446	150.40574	150.41444	310
2025.11.21	11:30	150.45614	150.45616	150.44649	150.44682	142
2025.11.21	11:45	150.44231	150.44233	150.44194	150.44198	404
2025.11.21	12:00	150.5055	150.51495	150.50537	150.51485	438
2025.11.21	12:15	150.5206	150.52062	150.50773	150.50789	211
2025.11.21	12:30	150.57952	150.57969	150.56069	150.56077	279
2025.11.21	12:45	150.60038	150.6004	150.59788	150.59796	465
2025.11.21	13:00	150.64773	150.64999	150.64763	150.64998	234
2025.11.21	13:15	150.61582	150.6324	150.61576	150.632	177
2025.11.21	13:30	150.61332	150.61536	150.61329	150.61522	167
2025.11.21	13:45	150.58124	150.58228	150.58118	150.58222	308
2025.11.21	14:00	150.66941	150.68064	150.66941	150.68054	242
2025.11.21	14:15	150.73599	150.73623	150.7351	150.7353	102
2025.11.21	14:30	150.70209	150.70989	150.70205	150.7097	262
2025.11.21	14:45	150.66104	150.66183	150.66102	150.66165	75
2025.11.21	15:00	150.66591	150.66985	150.66579	150.66981	289
2025.11.21	15:15	150.75985	150.75999	150.71484	150.71486	495
2025.11.21	15:30	150.6888	150.68884	150.68515	150.68548	51
2025.11.21	15:45	150.72059	150.7208	150.71764	150.71764	350
2025.11.21	16:00	150.7609	150.77234	150.76089	150.77233	315
2025.11.21	16:15	150.77101	150.77109	150.75771	150.75772	483
2025.11.21	16:30	150.79886	150.79898	150.79143	150.79173	365
2025.11.21	16:45	150.86579	150.90188	150.86557	150.90176	403
2025.11.21	17:00	150.82825	150.83684	150.82805	150.8367	122
2025.11.21	17:15	150.86099	150.87528	150.86094	150.87521	422
2025.11.21	17:30	150.81114	150.81141	150.80355	150.80363	494
2025.11.21	17:45	150.79692	150.80045	150.79662	150.80037	234
2025.11.21	18:00	150.79142	150.79191	150.79142	150.79157	295
2025.11.21	18:15	150.78323	150.78527	150.78305	150.78511	315
2025.11.21	18:30	150.78123	150.78611	150.7811	150.78592	97
2025.11.21	18:45	150.86881	150.869	150.86869	150.86875	176
2025.11.21	19:00	150.8879	150.88955	150.88775	150.88936	168
2025.11.21	19:15	150.84037	150.84555	150.84034	150.8455	393
2025.11.21	19:30	150.8655	150.86813	150.86529	150.86801	70
2025.11.21	19:45	150.81317	150.81333	150.8129	150.81328	101
2025.11.21	20:00	150.71912	150.71937	150.71886	150.71929	206
2025.11.21	20:15	150.59813	150.59828	150.59728	150.59754	254
2025.11.21	20:30	150.66565	150.66591	150.66043	150.66066	229
2025.11.21	20:45	150.66978	150.70397	150.66956	150.70397	465
2025.11.21	21:00	150.69534	150.69548	150.68491	150.68517	296
2025.11.21	21:15	150.69092	150.691	150.68868	150.68875	110
2025.11.21	21:30	150.6741	150.67418	150.6708	150.67093	185
2025.11.21	21:45	150.70353	150.70382	150.69609	150.69619	268
2025.11.21	22:00	150.65394	150.66096	150.65384	150.66078	268
2025.11.21	22:15	150.65573	150.66246	150.65573	150.66246	210
2025.11.21	22:30	150.69934	150.71195	150.69921	150.7117	60
2025.11.21	22:45	150.63816	150.63824	150.60185	150.60196	281
2025.11.21	23:00	150.61257	150.62183	150.61252	150.62176	136
2025.11.21	23:15	150.64881	150.64892	150.64768	150.6477	249
2025.11.21	23:30	150.65456	150.65458	150.64991	150.65012	482
2025.11.21	23:45	150.58798	150.58798	150.58246	150.58252	331
2025.11.24	00:00	150.56754	150.58001	150.56738	150.57994	93
2025.11.24	00:15	150.55515	150.56693	150.55514	150.56691	113
2025.11.24	00:30	150.59721	150.60352	150.59706	150.60344	313
2025.11.24	00:45	150.58751	150.58761	150.5778	150.57799	275
2025.11.24	01:00	150.56355	150.56371	150.56129	150.56138	295
2025.11.24	01:15	150.5406	150.54066	150.53274	150.53284	144
2025.11.24	01:30	150.57788	150.57867	150.57782	150.57862	142
2025.11.24	01:45	150.57105	150.57117	150.56691	150.56696	50
2025.11.24	02:00	150.56337	150.56353	150.56042	150.5607	468
2025.11.24	02:15	150.57438	150.57445	150.56049	150.56061	136
2025.11.24	02:30	150.55905	150.57352	150.55902	150.57343	55
2025.11.24	02:45	150.63058	150.63061	150.61282	150.61285	417
2025.11.24	03:00	150.75033	150.75128	150.75013	150.75123	439
2025.11.24	03:15	150.76192	150.76193	150.75567	150.75581	467
2025.11.24	03:30	150.73899	150.74851	150.73895	150.74849	57
2025.11.24	03:45	150.75007	150.75449	150.74971	150.75449	131
2025.11.24	04:00	150.70823	150.72237	150.70808	150.72232	305
2025.11.24	04:15	150.73449	150.76406	150.73426	150.76364	292
2025.11.24	04:30	150.85959	150.86118	150.8595	150.861	187
2025.11.24	04:45	150.84161	150.84871	150.84155	150.84862	265
2025.11.24	05:00	150.80816	150.81321	150.80814	150.81304	237
2025.11.24	05:15	150.79647	150.79742	150.79639	150.79741	259
2025.11.24	05:30	150.71944	150.72402	150.71923	150.72397	229
2025.11.24	05:45	150.64524	150.65889	150.64514	150.65889	176
2025.11.24	06:00	150.71464	150.72869	150.71417	150.7286	352
2025.11.24	06:15	150.70566	150.70569	150.70542	150.70547	453
2025.11.24	06:30	150.74757	150.7514	150.74752	150.75124	367
2025.11.24	06:45	150.74726	150.74736	150.747	150.74701	336
2025.11.24	07:00	150.70743	150.70766	150.69499	150.69501	459
2025.11.24	07:15	150.75909	150.75912	150.7411	150.74117	290
2025.11.24	07:30	150.74763	150.74766	150.74718	150.74726	204
2025.11.24	07:45	150.82011	150.82012	150.80723	150.80727	247
2025.11.24	08:00	150.7837	150.78374	150.77345	150.77354	60
2025.11.24	08:15	150.71317	150.72846	150.71314	150.72826	367
2025.11.24	08:30	150.68072	150.69977	150.68062	150.69968	99
2025.11.24	08:45	150.7877	150.81087	150.78769	150.81075	190
2025.11.24	09:00	150.85153	150.85572	150.85122	150.85559	125
2025.11.24	09:15	150.88738	150.88857	150.88738	150.88839	170
2025.11.24	09:30	150.96641	150.96644	150.95066	150.95067	303
2025.11.24	09:45	150.971	150.98823	150.97073	150.98812	203
2025.11.24	10:00	151.04718	151.05271	151.04698	151.05267	204
2025.11.24	10:15	151.09039	151.09042	151.08316	151.08333	458
2025.11.24	10:30	151.071	151.07101	151.05583	151.05589	70
2025.11.24	10:45	151.05853	151.05861	151.05289	151.05305	195
2025.11.24	11:00	151.02173	151.0218	151.01349	151.01355	103
2025.11.24	11:15	150.98849	151.0123	150.98837	151.01216	413
2025.11.24	11:30	151.03156	151.03175	151.02294	151.02298	265
2025.11.24	11:45	151.00116	151.01344	151.00116	151.01329	181
2025.11.24	12:00	151.01479	151.02555	151.01466	151.0255	443
2025.11.24	12:15	150.97656	150.97686	150.96445	150.96455	72
2025.11.24	12:30	151.03347	151.04753	151.03333	151.04734	439
2025.11.24	12:45	151.04944	151.0626	151.0493	151.06247	237
2025.11.24	13:00	151.07636	151.08478	151.07627	151.08455	354
2025.11.24	13:15	151.09684	151.11244	151.09683	151.11233	285
2025.11.24	13:30	151.13978	151.15599	151.13969	151.15599	399
2025.11.24	13:45	151.15142	151.1542	151.15122	151.15414	351
2025.11.24	14:00	151.17678	151.17964	151.17669	151.17946	461
2025.11.24	14:15	151.20542	151.23055	151.2054	151.23051	189
2025.11.24	14:30	151.21105	151.21109	151.18294	151.18298	358
2025.11.24	14:45	151.08751	151.08759	151.0742	151.07424	202
2025.11.24	15:00	151.02989	151.03918	151.02987	151.03911	422
2025.11.24	15:15	151.13914	151.14881	151.13913	151.14871	52
2025.11.24	15:30	151.13995	151.14027	151.12894	151.12918	266
2025.11.24	15:45	151.13777	151.13797	151.1365	151.13656	348
2025.11.24	16:00	151.11619	151.12977	151.11614	151.12965	161
2025.11.24	16:15	151.22852	151.24485	151.2283	151.24469	399
2025.11.24	16:30	151.28069	151.28074	151.27539	151.27543	119
2025.11.24	16:45	151.14775	151.1481	151.13527	151.13537	268
2025.11.24	17:00	151.1335	151.13889	151.13345	151.13856	476
2025.11.24	17:15	151.15679	151.15711	151.14191	151.14196	288
2025.11.24	17:30	151.21056	151.22529	151.21043	151.22503	352
2025.11.24	17:45	151.20562	151.21187	151.2056	151.21184	308
2025.11.24	18:00	151.26058	151.26318	151.26055	151.26309	274
2025.11.24	18:15	151.25633	151.27453	151.25612	151.27446	418
2025.11.24	18:30	151.2876	151.30535	151.2874	151.30514	56
2025.11.24	18:45	151.32953	151.32967	151.31762	151.31777	148
2025.11.24	19:00	151.35501	151.35513	151.34299	151.34299	133
2025.11.24	19:15	151.32307	151.32674	151.32273	151.32662	415
2025.11.24	19:30	151.35631	151.35642	151.33533	151.33545	316
2025.11.24	19:45	151.30206	151.31819	151.30193	151.31812	182
2025.11.24	20:00	151.27148	151.27195	151.27124	151.27182	75
2025.11.24	20:15	151.21057	151.21356	151.21054	151.21351	235
2025.11.24	20:30	151.15588	151.15594	151.15186	151.15212	455
2025.11.24	20:45	151.11024	151.11034	151.10625	151.10637	482
2025.11.24	21:00	151.09331	151.09355	151.0817	151.08174	151
2025.11.24	21:15	151.12604	151.12612	151.09977	151.09988	372
2025.11.24	21:30	151.16131	151.16348	151.16123	151.16334	436
2025.11.24	21:45	151.1389	151.13901	151.10393	151.10394	313
2025.11.24	22:00	151.0494	151.07182	151.04923	151.07181	162
2025.11.24	22:15	151.05639	151.08986	151.05626	151.08983	64
2025.11.24	22:30	151.01799	151.01808	151.0057	151.00594	238
2025.11.24	22:45	151.06145	151.0637	151.06141	151.06358	435
2025.11.24	23:00	151.12498	151.12514	151.11613	151.11625	174
2025.11.24	23:15	151.05642	151.06394	151.05639	151.06386	103
2025.11.24	23:30	151.02518	151.02525	151.01162	151.01165	323
2025.11.24	23:45	150.98672	150.98807	150.98656	150.98797	436
2025.11.25	00:00	151.03885	151.04962	151.03863	151.04943	75
2025.11.25	00:15	151.01626	151.01626	151.00364	151.00387	79
2025.11.25	00:30	150.99151	150.99961	150.99125	150.99948	417
2025.11.25	00:45	151.00377	151.00745	151.00371	151.00736	92
2025.11.25	01:00	150.8636	150.86362	150.85439	150.85445	286
2025.11.25	01:15	150.80003	150.8092	150.79998	150.80917	417
2025.11.25	01:30	150.77237	150.79525	150.77227	150.79516	474
2025.11.25	01:45	150.83992	150.84388	150.83979	150.84383	70
2025.11.25	02:00	150.81618	150.82014	150.81611	150.82009	272
2025.11.25	02:15	150.85598	150.85616	150.85276	150.85284	355
2025.11.25	02:30	150.86767	150.87391	150.86748	150.8738	69
2025.11.25	02:45	150.85703	150.86307	150.85691	150.86304	69
2025.11.25	03:00	150.89106	150.89213	150.89085	150.89201	373
2025.11.25	03:15	150.93718	150.93723	150.93413	150.93438	217
2025.11.25	03:30	150.92425	150.92431	150.91491	150.91496	491
2025.11.25	03:45	150.91574	150.91585	150.90558	150.90559	194
2025.11.25	04:00	150.92734	150.93443	150.92721	150.93442	291
2025.11.25	04:15	150.91971	150.91971	150.91854	150.9186	475
2025.11.25	04:30	151.03431	151.03436	151.01878	151.01886	136
2025.11.25	04:45	151.06418	151.07124	151.06404	151.07116	376
2025.11.25	05:00	151.04625	151.04704	151.04597	151.04694	113
2025.11.25	05:15	151.09122	151.10402	151.09117	151.10388	82
2025.11.25	05:30	151.12836	151.13421	151.12815	151.13419	122
2025.11.25	05:45	151.07156	151.07163	151.0555	151.05575	486
2025.11.25	06:00	151.04988	151.05944	151.04979	151.05935	170
2025.11.25	06:15	151.10462	151.1048	151.08891	151.08893	75
2025.11.25	06:30	151.07858	151.08361	151.07851	151.08357	428
2025.11.25	06:45	151.07861	151.07975	151.0784	151.07974	400
2025.11.25	07:00	151.01072	151.01077	151.00746	151.00781	302
2025.11.25	07:15	151.00287	151.00309	151.00165	151.00166	223
2025.11.25	07:30	150.90076	150.90283	150.90074	150.9028	343
2025.11.25	07:45	150.89794	150.90943	150.89782	150.90928	154
2025.11.25	08:00	150.88469	150.90139	150.88452	150.90133	440
2025.11.25	08:15	150.88397	150.89177	150.88377	150.89167	407
2025.11.25	08:30	150.91439	150.91449	150.908	150.90801	147
2025.11.25	08:45	150.86855	150.87291	150.86853	150.87265	499
2025.11.25	09:00	150.91025	150.91039	150.90964	150.90987	214
2025.11.25	09:15	150.89441	150.89455	150.87759	150.87772	174
2025.11.25	09:30	150.9076	150.90825	150.90742	150.9082	68
2025.11.25	09:45	150.9161	150.91937	150.91599	150.91911	119
2025.11.25	10:00	150.90813	150.93566	150.9079	150.93552	78
2025.11.25	10:15	150.95847	150.97154	150.95821	150.97146	87
2025.11.25	10:30	150.96843	150.99674	150.96839	150.99667	268
2025.11.25	10:45	151.03229	151.03256	151.03203	151.03208	391
2025.11.25	11:00	151.04127	151.05076	151.04125	151.05075	136
2025.11.25	11:15	151.16325	151.16338	151.16092	151.16101	61
2025.11.25	11:30	151.154	151.15409	151.13604	151.13623	436
2025.11.25	11:45	151.13321	151.13326	151.12686	151.12701	205
2025.11.25	12:00	151.08404	151.08416	151.08184	151.08212	249
2025.11.25	12:15	151.06869	151.06894	151.04649	151.04654	165
2025.11.25	12:30	151.01662	151.01706	150.99982	151.00003	91
2025.11.25	12:45	151.06944	151.06951	151.06052	151.0608	410
2025.11.25	13:00	151.10867	151.1191	151.10848	151.11894	340
2025.11.25	13:15	151.04482	151.04511	151.03295	151.03305	475
2025.11.25	13:30	150.95139	150.9516	150.94505	150.94517	171
2025.11.25	13:45	150.96477	150.98037	150.96471	150.9803	240
2025.11.25	14:00	150.99386	150.99508	150.99376	150.99506	290
2025.11.25	14:15	151.01089	151.01099	151.00747	151.00762	268
2025.11.25	14:30	151.0316	151.03879	151.0316	151.03864	467
2025.11.25	14:45	151.03882	151.05021	151.03875	151.0502	492
2025.11.25	15:00	151.09448	151.09465	151.06913	151.06924	276
2025.11.25	15:15	151.03143	151.04704	151.03118	151.04696	334
2025.11.25	15:30	150.99277	151.01026	150.99274	151.01019	282
2025.11.25	15:45	151.01981	151.03052	151.01968	151.03036	165
2025.11.25	16:00	151.02889	151.02902	151.02235	151.02258	349
2025.11.25	16:15	150.93086	150.93119	150.92389	150.92392	239
2025.11.25	16:30	150.96227	150.96524	150.96215	150.96508	379
2025.11.25	16:45	150.9976	150.99781	150.99309	150.99329	259
2025.11.25	17:00	150.9986	151.01429	150.99841	151.01407	161
2025.11.25	17:15	151.03477	151.03485	151.02971	151.02977	123
2025.11.25	17:30	151.01959	151.01978	151.0088	151.00887	97
2025.11.25	17:45	150.95353	150.96574	150.95321	150.96551	112
2025.11.25	18:00	151.0164	151.03067	151.01628	151.0305	51
2025.11.25	18:15	151.04181	151.04212	151.02533	151.02539	448
2025.11.25	18:30	151.09873	151.1092	151.09855	151.10908	452
2025.11.25	18:45	151.02258	151.02268	151.01487	151.01491	85
2025.11.25	19:00	151.06125	151.06126	151.05999	151.0602	115
2025.11.25	19:15	150.99342	150.99365	150.9881	150.98826	101
2025.11.25	19:30	150.98019	151.00318	150.98019	151.00299	177
2025.11.25	19:45	150.99375	151.01224	150.99361	151.01222	421
2025.11.25	20:00	151.00296	151.01278	151.00291	151.01264	459
2025.11.25	20:15	150.98415	150.98433	150.96938	150.96945	292
2025.11.25	20:30	150.98795	151.01553	150.98784	151.0155	221
2025.11.25	20:45	151.0514	151.05148	151.04182	151.042	424
2025.11.25	21:00	151.03719	151.04355	151.03707	151.04351	100
2025.11.25	21:15	151.01247	151.02115	151.01234	151.02102	440
2025.11.25	21:30	151.04826	151.06791	151.04815	151.06788	172
2025.11.25	21:45	151.10467	151.10797	151.10463	151.10774	102
2025.11.25	22:00	151.0954	151.10243	151.09532	151.10226	486
2025.11.25	22:15	151.13472	151.14517	151.13457	151.14503	170
2025.11.25	22:30	151.09513	151.09525	151.08409	151.08415	94
2025.11.25	22:45	151.00998	151.02777	151.00982	151.02745	171
2025.11.25	23:00	151.00882	151.01789	151.0088	151.01776	80
2025.11.25	23:15	151.01649	151.0261	151.01642	151.02598	250
2025.11.25	23:30	151.01952	151.01974	151.00953	151.00973	260
2025.11.25	23:45	151.08588	151.08595	151.07554	151.07557	234
2025.11.26	00:00	151.08998	151.09367	151.08986	151.0934	432
2025.11.26	00:15	151.01073	151.01074	151.00654	151.00657	469
2025.11.26	00:30	151.0296	151.02967	151.02112	151.02116	189
2025.11.26	00:45	151.04139	151.04189	151.04129	151.04185	158
2025.11.26	01:00	151.06281	151.06289	151.03101	151.03115	331
2025.11.26	01:15	151.04767	151.04773	151.02479	151.02486	104
2025.11.26	01:30	151.00914	151.00918	151.00802	151.00806	431
2025.11.26	01:45	150.95494	150.95498	150.94679	150.94685	301
2025.11.26	02:00	151.02589	151.02602	151.02349	151.02363	276
2025.11.26	02:15	151.03459	151.03481	151.02109	151.02116	420
2025.11.26	02:30	151.06089	151.075	151.06074	151.0747	172
2025.11.26	02:45	151.07717	151.09142	151.07697	151.09141	86
2025.11.26	03:00	151.09593	151.10169	151.09559	151.10147	217
2025.11.26	03:15	151.05637	151.05648	151.05563	151.05573	490
2025.11.26	03:30	151.06184	151.06423	151.06183	151.06409	205
2025.11.26	03:45	151.04392	151.0561	151.04389	151.05608	214
2025.11.26	04:00	151.10659	151.10662	151.09929	151.09931	51
2025.11.26	04:15	151.10002	151.12359	151.09977	151.12342	107
2025.11.26	04:30	151.10971	151.112	151.10969	151.11183	451
2025.11.26	04:45	151.04932	151.04933	151.03418	151.03418	389
2025.11.26	05:00	151.08578	151.08704	151.08547	151.08672	226
2025.11.26	05:15	151.01404	151.01425	151.01297	151.01304	181
2025.11.26	05:30	151.01465	151.0147	150.99621	150.99624	462
2025.11.26	05:45	150.92651	150.95455	150.9265	150.95435	433
2025.11.26	06:00	151.00012	151.00019	150.98438	150.9846	220
2025.11.26	06:15	150.92342	150.9236	150.91603	150.91625	151
2025.11.26	06:30	150.88387	150.8839	150.88132	150.88146	454
2025.11.26	06:45	150.78809	150.80286	150.78808	150.80255	367
2025.11.26	07:00	150.87371	150.87396	150.86622	150.86629	129
2025.11.26	07:15	150.97155	150.97172	150.95725	150.9576	232
2025.11.26	07:30	150.91124	150.92061	150.91118	150.92054	208
2025.11.26	07:45	150.95963	150.9598	150.93145	150.93155	83
2025.11.26	08:00	150.94061	150.94079	150.93142	150.93151	355
2025.11.26	08:15	150.98248	150.98255	150.96826	150.96826	61
2025.11.26	08:30	150.97873	150.98454	150.97859	150.98447	195
2025.11.26	08:45	151.07502	151.07504	151.05604	151.05613	428
2025.11.26	09:00	151.01673	151.01689	151.01528	151.01545	82
2025.11.26	09:15	151.06446	151.06455	151.04601	151.04604	225
2025.11.26	09:30	150.98448	150.98489	150.97437	150.97465	144
2025.11.26	09:45	150.94145	150.94151	150.93544	150.93555	343
2025.11.26	10:00	150.92755	150.93913	150.92742	150.93901	420
2025.11.26	10:15	150.96178	150.96203	150.95122	150.95122	326
2025.11.26	10:30	150.92341	150.92346	150.92292	150.92316	207
2025.11.26	10:45	150.87613	150.87638	150.85428	150.85471	163
2025.11.26	11:00	150.84004	150.8404	150.83971	150.83974	152
2025.11.26	11:15	150.94449	150.95941	150.94442	150.95935	473
2025.11.26	11:30	150.96819	150.96837	150.95047	150.95061	164
2025.11.26	11:45	151.01595	151.05528	151.01571	151.05506	270
2025.11.26	12:00	150.98249	150.99257	150.9824	150.99237	369
2025.11.26	12:15	150.96429	150.9645	150.95709	150.95713	452
2025.11.26	12:30	150.98283	150.98288	150.97878	150.97878	156
2025.11.26	12:45	150.95991	150.95999	150.94879	150.9489	290
2025.11.26	13:00	150.99816	151.01493	150.99814	151.01484	85
2025.11.26	13:15	151.06317	151.06448	151.06306	151.06442	238
2025.11.26	13:30	150.97776	150.97797	150.96683	150.96693	250
2025.11.26	13:45	150.93798	150.94883	150.93783	150.9488	415
2025.11.26	14:00	150.98604	150.98611	150.98519	150.98535	368
2025.11.26	14:15	151.04458	151.04818	151.04456	151.0481	61
2025.11.26	14:30	151.03788	151.03802	151.03446	151.03456	453
2025.11.26	14:45	151.04077	151.04094	151.0334	151.0334	163
2025.11.26	15:00	151.02077	151.03857	151.02072	151.03838	413
2025.11.26	15:15	151.00259	151.00281	150.98061	150.98061	103
2025.11.26	15:30	150.97885	150.97911	150.977	150.97721	173
2025.11.26	15:45	151.04245	151.04271	151.03228	151.03228	352
2025.11.26	16:00	151.00815	151.00816	150.98929	150.9894	420
2025.11.26	16:15	150.96894	150.96906	150.93823	150.93842	388
2025.11.26	16:30	150.97148	150.97169	150.95664	150.95682	360
2025.11.26	16:45	150.92715	150.9272	150.92432	150.92433	433
2025.11.26	17:00	150.87435	150.89801	150.87434	150.89793	298
2025.11.26	17:15	150.92446	150.94626	150.92432	150.9462	55
2025.11.26	17:30	150.97091	150.97091	150.95899	150.95909	459
2025.11.26	17:45	150.99312	150.99327	150.99222	150.99248	154
2025.11.26	18:00	151.00159	151.0016	150.99526	150.99533	93
2025.11.26	18:15	151.00773	151.00797	150.97403	150.97425	199
2025.11.26	18:30	150.91451	150.91468	150.90222	150.90228	174
2025.11.26	18:45	150.89387	150.90976	150.89379	150.90965	348
2025.11.26	19:00	150.96515	150.96516	150.95287	150.9529	230
2025.11.26	19:15	150.96595	150.97486	150.96593	150.97469	413
2025.11.26	19:30	150.97859	150.97868	150.97376	150.97381	202
2025.11.26	19:45	150.92746	150.92768	150.90742	150.90748	360
2025.11.26	20:00	150.86483	150.87365	150.86471	150.87357	230
2025.11.26	20:15	150.87316	150.8732	150.86247	150.86255	237
2025.11.26	20:30	150.79215	150.79229	150.79105	150.79111	200
2025.11.26	20:45	150.83871	150.83883	150.79288	150.79289	488
2025.11.26	21:00	150.7241	150.72411	150.71606	150.71621	462
2025.11.26	21:15	150.75859	150.75873	150.73845	150.73856	304
2025.11.26	21:30	150.75783	150.75793	150.73176	150.73199	460
2025.11.26	21:45	150.75151	150.76042	150.75144	150.7604	383
2025.11.26	22:00	150.80557	150.83293	150.80549	150.83287	396
2025.11.26	22:15	150.83401	150.83417	150.82771	150.82795	54
2025.11.26	22:30	150.84267	150.8484	150.84246	150.84839	113
2025.11.26	22:45	150.87657	150.8766	150.85967	150.85977	199
2025.11.26	23:00	150.95877	150.9734	150.95875	150.97331	56
2025.11.26	23:15	150.9997	151.00857	150.99966	151.00844	479
2025.11.26	23:30	150.96285	150.96294	150.95767	150.95773	229
2025.11.26	23:45	151.03272	151.03287	151.02865	151.02879	318
2025.11.27	00:00	150.97172	150.99701	150.97148	150.99694	206
2025.11.27	00:15	150.96282	150.97407	150.96265	150.97395	265
2025.11.27	00:30	150.99469	150.99489	150.99264	150.99279	57
2025.11.27	00:45	150.95127	150.95133	150.94809	150.9483	104
2025.11.27	01:00	150.92359	150.93237	150.92355	150.93224	382
2025.11.27	01:15	151.04436	151.06013	151.04431	151.05991	348
2025.11.27	01:30	151.04047	151.04079	151.04028	151.04043	148
2025.11.27	01:45	151.07162	151.0731	151.07153	151.07294	191
2025.11.27	02:00	150.99587	151.00816	150.99582	151.00813	417
2025.11.27	02:15	151.04225	151.04234	151.02199	151.02224	307
2025.11.27	02:30	150.95479	150.95483	150.94821	150.94822	401
2025.11.27	02:45	150.95816	150.97648	150.95789	150.97624	143
2025.11.27	03:00	151.01281	151.024	151.01276	151.02398	414
2025.11.27	03:15	151.09948	151.09959	151.09882	151.09909	162
2025.11.27	03:30	151.06598	151.07993	151.06595	151.0799	422
2025.11.27	03:45	151.08139	151.08144	151.07195	151.07202	231
2025.11.27	04:00	151.0681	151.07627	151.06797	151.07618	256
2025.11.27	04:15	151.08162	151.0818	151.07671	151.07677	461
2025.11.27	04:30	151.07009	151.0981	151.0699	151.09807	475
2025.11.27	04:45	151.09838	151.13703	151.09836	151.13699	236
2025.11.27	05:00	151.11112	151.11142	151.10333	151.10351	401
2025.11.27	05:15	151.05881	151.05904	151.04984	151.04995	91
2025.11.27	05:30	151.07627	151.07633	151.05071	151.0509	55
2025.11.27	05:45	151.08883	151.08898	151.07971	151.07981	488
2025.11.27	06:00	151.10423	151.10432	151.10403	151.10407	440
2025.11.27	06:15	150.98272	150.99461	150.98265	150.99437	391
2025.11.27	06:30	151.00789	151.00803	150.99693	150.99711	337
2025.11.27	06:45	150.98232	150.99224	150.98227	150.99204	494
2025.11.27	07:00	151.05881	151.06252	151.0586	151.06231	320
2025.11.27	07:15	151.10305	151.10316	151.09088	151.09112	217
2025.11.27	07:30	151.14854	151.15703	151.14851	151.15701	447
2025.11.27	07:45	151.09889	151.10386	151.09884	151.10386	144
2025.11.27	08:00	151.08969	151.08982	151.07021	151.07027	314
2025.11.27	08:15	150.99344	151.00881	150.99293	151.00874	124
2025.11.27	08:30	151.00412	151.0042	150.99354	150.99361	248
2025.11.27	08:45	151.03059	151.04348	151.03048	151.04331	134
2025.11.27	09:00	151.10653	151.1067	151.0948	151.0949	124
2025.11.27	09:15	151.07207	151.07948	151.07201	151.07941	114
2025.11.27	09:30	151.08091	151.09002	151.08085	151.08997	365
2025.11.27	09:45	151.10958	151.1097	151.09244	151.09252	395
2025.11.27	10:00	151.10399	151.10408	151.1	151.10008	120
2025.11.27	10:15	151.11896	151.11911	151.11664	151.11673	232
2025.11.27	10:30	151.14831	151.14841	151.1313	151.1313	401
2025.11.27	10:45	151.06545	151.06555	151.04731	151.04735	216
2025.11.27	11:00	151.03195	151.06376	151.03179	151.06364	70
2025.11.27	11:15	151.15012	151.15024	151.12638	151.12647	87
2025.11.27	11:30	151.10022	151.10032	151.08937	151.08938	50
2025.11.27	11:45	151.06366	151.07529	151.06362	151.07515	285
2025.11.27	12:00	151.0918	151.09211	151.09169	151.09197	466
2025.11.27	12:15	150.99503	150.99575	150.99473	150.99567	62
2025.11.27	12:30	151.0181	151.03819	151.01809	151.03779	60
2025.11.27	12:45	151.05035	151.05037	151.0463	151.04655	460
2025.11.27	13:00	151.00032	151.00037	150.99116	150.99123	149
2025.11.27	13:15	150.98559	150.98659	150.98551	150.98652	480
2025.11.27	13:30	150.98698	150.98709	150.98318	150.98325	472
2025.11.27	13:45	151.01448	151.01469	150.99941	150.9996	167
2025.11.27	14:00	151.06353	151.06374	151.05983	151.05996	251
2025.11.27	14:15	151.0238	151.02408	151.01961	151.01961	376
2025.11.27	14:30	151.04099	151.0412	151.0247	151.02476	481
2025.11.27	14:45	151.04203	151.05637	151.04196	151.0563	278
2025.11.27	15:00	151.04402	151.0652	151.04395	151.06508	208
2025.11.27	15:15	151.08805	151.09486	151.08801	151.09482	469
2025.11.27	15:30	151.09981	151.11991	151.09972	151.11988	331
2025.11.27	15:45	151.05056	151.06068	151.0505	151.06052	412
2025.11.27	16:00	151.08755	151.10077	151.0872	151.10062	363
2025.11.27	16:15	151.05791	151.06275	151.05771	151.06264	442
2025.11.27	16:30	151.04712	151.05913	151.04706	151.05912	384
2025.11.27	16:45	150.98423	151.00266	150.98416	151.00246	250
2025.11.27	17:00	150.99938	151.00246	150.99931	151.00239	386
2025.11.27	17:15	151.05438	151.05454	151.03657	151.0366	152
2025.11.27	17:30	151.09924	151.10146	151.09907	151.10138	199
2025.11.27	17:45	151.08172	151.08588	151.08154	151.08566	312
2025.11.27	18:00	151.07724	151.07724	151.06208	151.06227	147
2025.11.27	18:15	150.93499	150.93872	150.93482	150.93865	182
2025.11.27	18:30	150.92996	150.93003	150.91793	150.91797	160
2025.11.27	18:45	150.89799	150.9293	150.89798	150.92917	131
2025.11.27	19:00	150.91934	150.91946	150.9187	150.91881	334
2025.11.27	19:15	150.92525	150.92537	150.91416	150.91449	134
2025.11.27	19:30	150.95963	150.96493	150.95953	150.96483	161
2025.11.27	19:45	150.94859	150.9486	150.93072	150.93073	243
2025.11.27	20:00	150.91101	150.91441	150.91094	150.91432	462
2025.11.27	20:15	150.81443	150.81445	150.80486	150.805	481
2025.11.27	20:30	150.80735	150.80738	150.79306	150.79328	248
2025.11.27	20:45	150.81269	150.82736	150.81236	150.82716	297
2025.11.27	21:00	150.77002	150.77475	150.76988	150.77466	180
2025.11.27	21:15	150.86967	150.87057	150.86963	150.87022	87
2025.11.27	21:30	150.93914	150.94364	150.93908	150.94336	291
2025.11.27	21:45	150.99194	150.99206	150.9792	150.97936	325
2025.11.27	22:00	151.01162	151.01163	151.0026	151.00278	278
2025.11.27	22:15	151.03342	151.05047	151.03328	151.05041	99
2025.11.27	22:30	151.10789	151.12206	151.10782	151.12203	388
2025.11.27	22:45	151.09565	151.0958	151.09149	151.09151	328
2025.11.27	23:00	151.14729	151.14732	151.13041	151.13079	427
2025.11.27	23:15	151.01735	151.0223	151.01705	151.02222	335
2025.11.27	23:30	151.04304	151.05239	151.04299	151.05224	91
2025.11.27	23:45	150.99776	150.99785	150.97306	150.97319	84
2025.11.28	00:00	150.90529	150.9165	150.90527	150.91638	274
2025.11.28	00:15	150.81807	150.8341	150.81793	150.83384	243
2025.11.28	00:30	150.88465	150.89751	150.88451	150.89727	405
2025.11.28	00:45	150.9338	150.94331	150.93369	150.9432	403
2025.11.28	01:00	150.9112	150.91591	150.91092	150.91568	217
2025.11.28	01:15	150.96488	150.98024	150.96482	150.98021	145
2025.11.28	01:30	150.99179	150.9918	150.98947	150.98967	445
2025.11.28	01:45	151.01584	151.01753	151.01575	151.01742	293
2025.11.28	02:00	151.05151	151.05175	151.03946	151.03946	176
2025.11.28	02:15	151.08883	151.08887	151.07078	151.0709	429
2025.11.28	02:30	151.09595	151.10912	151.09577	151.10878	401
2025.11.28	02:45	151.11879	151.11901	151.10917	151.10918	69
2025.11.28	03:00	151.0514	151.05143	151.03922	151.03928	127
2025.11.28	03:15	151.01499	151.02406	151.01495	151.02384	58
2025.11.28	03:30	151.03986	151.04302	151.03978	151.04286	102
2025.11.28	03:45	151.01026	151.01039	151.00299	151.00332	377
2025.11.28	04:00	151.04316	151.04866	151.04315	151.04861	389
2025.11.28	04:15	151.0635	151.06363	151.04627	151.04633	211
2025.11.28	04:30	151.06314	151.06436	151.0631	151.06382	123
2025.11.28	04:45	150.98562	150.98563	150.97584	150.97586	398
2025.11.28	05:00	150.9236	150.9237	150.91769	150.91795	325
2025.11.28	05:15	150.93132	150.9333	150.93125	150.93297	493
2025.11.28	05:30	150.9591	150.97849	150.95894	150.97832	349
2025.11.28	05:45	150.95278	150.95279	150.92698	150.92702	270
2025.11.28	06:00	150.96418	150.96427	150.95533	150.95553	493
2025.11.28	06:15	150.95353	150.96575	150.95325	150.96572	68
2025.11.28	06:30	150.96599	150.98724	150.96596	150.98707	449
2025.11.28	06:45	150.91984	150.94027	150.9198	150.94006	421
2025.11.28	07:00	150.98587	150.98764	150.98552	150.98763	469
2025.11.28	07:15	151.00534	151.00538	150.99749	150.99757	186
2025.11.28	07:30	151.03681	151.03681	151.00571	151.00579	283
2025.11.28	07:45	150.98299	150.983	150.97035	150.97049	465
2025.11.28	08:00	150.9428	150.94296	150.9415	150.94153	184
2025.11.28	08:15	150.87496	150.87947	150.87475	150.87931	459
2025.11.28	08:30	150.88462	150.88486	150.85824	150.85825	463
2025.11.28	08:45	150.8244	150.84144	150.82402	150.84131	217
2025.11.28	09:00	150.8043	150.81841	150.80413	150.81836	180
2025.11.28	09:15	150.7923	150.79242	150.77589	150.77626	492
2025.11.28	09:30	150.75304	150.75308	150.71319	150.71323	245
2025.11.28	09:45	150.72986	150.73	150.7116	150.71163	160
2025.11.28	10:00	150.67702	150.67712	150.66021	150.66036	416
2025.11.28	10:15	150.62043	150.62061	150.61591	150.61596	461
2025.11.28	10:30	150.55658	150.57236	150.55653	150.57204	448
2025.11.28	10:45	150.46062	150.46067	150.44585	150.44589	176
2025.11.28	11:00	150.55478	150.55484	150.54814	150.5484	376
2025.11.28	11:15	150.51405	150.51435	150.50495	150.50517	95
2025.11.28	11:30	150.47327	150.47929	150.47287	150.47925	145
2025.11.28	11:45	150.51378	150.5138	150.49042	150.4905	201
2025.11.28	12:00	150.47886	150.47894	150.46767	150.46786	411
2025.11.28	12:15	150.50783	150.51807	150.50774	150.51805	156
2025.11.28	12:30	150.49415	150.4943	150.48985	150.49004	238
2025.11.28	12:45	150.60053	150.60923	150.60045	150.60896	290
2025.11.28	13:00	150.58515	150.58529	150.58237	150.5825	260
2025.11.28	13:15	150.58073	150.58104	150.57201	150.57206	150
2025.11.28	13:30	150.61646	150.61653	150.60691	150.6072	474
2025.11.28	13:45	150.55715	150.55716	150.5447	150.54489	142
2025.11.28	14:00	150.57261	150.57264	150.57104	150.57121	264
2025.11.28	14:15	150.66786	150.6679	150.66702	150.66723	443
2025.11.28	14:30	150.65561	150.67274	150.65543	150.67266	308
2025.11.28	14:45	150.7034	150.73387	150.70296	150.73385	462
2025.11.28	15:00	150.75906	150.77964	150.75894	150.77949	128
2025.11.28	15:15	150.66772	150.69153	150.66772	150.69146	284
2025.11.28	15:30	150.73928	150.74382	150.73919	150.74354	60
2025.11.28	15:45	150.75661	150.75682	150.73683	150.73689	409
2025.11.28	16:00	150.75694	150.7657	150.75674	150.76559	425
2025.11.28	16:15	150.86641	150.87955	150.8664	150.87953	64
2025.11.28	16:30	150.97569	150.99155	150.97566	150.99135	142
2025.11.28	16:45	150.998	150.99833	150.98697	150.98698	252
2025.11.28	17:00	150.97414	150.98211	150.97404	150.98208	313
2025.11.28	17:15	151.04695	151.06363	151.04683	151.06361	288
2025.11.28	17:30	151.1242	151.12793	151.12408	151.12791	271
2025.11.28	17:45	151.13854	151.13897	151.1385	151.13894	490
2025.11.28	18:00	151.15654	151.15828	151.15639	151.15826	256
2025.11.28	18:15	151.09167	151.0922	151.09158	151.09218	493
2025.11.28	18:30	151.07537	151.08699	151.0753	151.08693	305
2025.11.28	18:45	151.04826	151.05237	151.04791	151.05229	334
2025.11.28	19:00	151.16054	151.16058	151.14995	151.15012	259
2025.11.28	19:15	151.15424	151.15449	151.15397	151.15403	316
2025.11.28	19:30	151.19065	151.19462	151.19056	151.19457	146
2025.11.28	19:45	151.12723	151.14684	151.12719	151.14673	180
2025.11.28	20:00	151.19931	151.20219	151.19929	151.20209	402
2025.11.28	20:15	151.23828	151.23833	151.23402	151.23411	98
2025.11.28	20:30	151.26034	151.26301	151.25997	151.26281	311
2025.11.28	20:45	151.2567	151.27783	151.25669	151.27781	327
2025.11.28	21:00	151.33968	151.35144	151.33934	151.35119	376
2025.11.28	21:15	151.32541	151.35777	151.32528	151.35773	490
2025.11.28	21:30	151.42143	151.43025	151.42143	151.43019	486
2025.11.28	21:45	151.42793	151.42802	151.41178	151.4119	308
2025.11.28	22:00	151.44471	151.44479	151.42949	151.42952	444
2025.11.28	22:15	151.42678	151.42682	151.42029	151.42035	233
2025.11.28	22:30	151.42483	151.42488	151.39074	151.39082	494
2025.11.28	22:45	151.33989	151.34007	151.3318	151.33185	97
2025.11.28	23:00	151.28079	151.28146	151.28064	151.28144	441
2025.11.28	23:15	151.30205	151.30209	151.29271	151.29276	278
2025.11.28	23:30	151.33268	151.33281	151.31902	151.31906	219
2025.11.28	23:45	151.36403	151.36407	151.36273	151.36282	255
2025.12.01	00:00	151.38992	151.39183	151.38978	151.3918	141
2025.12.01	00:15	151.41701	151.42726	151.41694	151.4271	131
2025.12.01	00:30	151.41969	151.41974	151.40582	151.40595	447
2025.12.01	00:45	151.44615	151.4462	151.43632	151.4364	104
2025.12.01	01:00	151.47073	151.49113	151.47053	151.49098	356
2025.12.01	01:15	151.39133	151.39458	151.39126	151.39448	335
2025.12.01	01:30	151.40417	151.40439	151.38218	151.38231	162
2025.12.01	01:45	151.43042	151.44658	151.43011	151.44643	388
2025.12.01	02:00	151.44978	151.45598	151.44974	151.45587	369
2025.12.01	02:15	151.54944	151.55706	151.54938	151.55692	71
2025.12.01	02:30	151.54591	151.54597	151.53934	151.53955	483
2025.12.01	02:45	151.53292	151.53297	151.50785	151.50785	322
2025.12.01	03:00	151.43271	151.43273	151.42656	151.42658	375
2025.12.01	03:15	151.42449	151.44788	151.42439	151.44767	390
2025.12.01	03:30	151.53599	151.54852	151.53598	151.54851	442
2025.12.01	03:45	151.61022	151.61029	151.60517	151.60525	285
2025.12.01	04:00	151.61302	151.62932	151.61267	151.62906	403
2025.12.01	04:15	151.6397	151.64002	151.63846	151.63851	75
2025.12.01	04:30	151.66768	151.66778	151.66226	151.66227	363
2025.12.01	04:45	151.63917	151.63932	151.6223	151.62236	96
2025.12.01	05:00	151.65872	151.66084	151.65865	151.6605	474
2025.12.01	05:15	151.65188	151.65197	151.64924	151.64938	335
2025.12.01	05:30	151.65148	151.6641	151.65147	151.66392	403
2025.12.01	05:45	151.63465	151.63478	151.61399	151.61415	174
2025.12.01	06:00	151.6203	151.62035	151.6127	151.6129	144
2025.12.01	06:15	151.64909	151.64917	151.64197	151.64198	304
2025.12.01	06:30	151.70944	151.71032	151.70937	151.71029	383
2025.12.01	06:45	151.65862	151.65899	151.64558	151.64563	231
2025.12.01	07:00	151.5826	151.58876	151.58251	151.58867	153
2025.12.01	07:15	151.57404	151.57425	151.57111	151.57146	391
2025.12.01	07:30	151.55683	151.56293	151.55651	151.56293	325
2025.12.01	07:45	151.58163	151.58227	151.58139	151.58214	387
2025.12.01	08:00	151.61695	151.62334	151.61691	151.62328	70
2025.12.01	08:15	151.59247	151.59264	151.58282	151.583	436
2025.12.01	08:30	151.57556	151.5756	151.56149	151.56162	239
2025.12.01	08:45	151.54832	151.56097	151.54831	151.56091	278
2025.12.01	09:00	151.54592	151.54594	151.52451	151.52455	151
2025.12.01	09:15	151.58688	151.5869	151.58427	151.58434	171
2025.12.01	09:30	151.48535	151.5093	151.48506	151.50916	398
2025.12.01	09:45	151.49599	151.4961	151.46604	151.46612	295
2025.12.01	10:00	151.4679	151.46797	151.44176	151.44184	107
2025.12.01	10:15	151.48566	151.49888	151.48559	151.49881	259
2025.12.01	10:30	151.50533	151.52081	151.50527	151.5205	151
2025.12.01	10:45	151.52718	151.53124	151.52695	151.53114	145
2025.12.01	11:00	151.51135	151.51899	151.51119	151.51887	398
2025.12.01	11:15	151.55482	151.55489	151.54985	151.5499	395
2025.12.01	11:30	151.45694	151.45704	151.42628	151.4264	410
2025.12.01	11:45	151.39558	151.3958	151.39347	151.39356	274
2025.12.01	12:00	151.30287	151.3031	151.30207	151.30207	196
2025.12.01	12:15	151.3119	151.31201	151.27487	151.27509	119
2025.12.01	12:30	151.34175	151.34186	151.33615	151.33627	254
2025.12.01	12:45	151.39619	151.39625	151.37466	151.37467	322
2025.12.01	13:00	151.41481	151.41498	151.40655	151.40676	102
2025.12.01	13:15	151.35561	151.35566	151.33435	151.33436	162
2025.12.01	13:30	151.32562	151.34012	151.3255	151.33998	450
2025.12.01	13:45	151.36318	151.36329	151.34212	151.3422	134
2025.12.01	14:00	151.35204	151.35404	151.35196	151.35393	166
2025.12.01	14:15	151.31248	151.32107	151.31221	151.32097	452
2025.12.01	14:30	151.30532	151.31997	151.30517	151.3197	185
2025.12.01	14:45	151.35546	151.36539	151.35522	151.36523	66
2025.12.01	15:00	151.36919	151.38746	151.3691	151.38746	294
2025.12.01	15:15	151.38256	151.38674	151.38249	151.38672	57
2025.12.01	15:30	151.35126	151.35134	151.34419	151.34439	357
2025.12.01	15:45	151.36441	151.38558	151.3643	151.38557	424
2025.12.01	16:00	151.34584	151.34711	151.34577	151.34701	167
2025.12.01	16:15	151.3245	151.3247	151.30173	151.30185	277
2025.12.01	16:30	151.32788	151.32794	151.31622	151.31624	193
2025.12.01	16:45	151.18419	151.20315	151.18418	151.20299	73
2025.12.01	17:00	151.21796	151.23121	151.21784	151.2312	142
2025.12.01	17:15	151.27374	151.29753	151.27348	151.29728	491
2025.12.01	17:30	151.23885	151.25031	151.23876	151.25029	353
2025.12.01	17:45	151.24193	151.24207	151.23097	151.23111	141
2025.12.01	18:00	151.3115	151.31165	151.28481	151.28486	100
2025.12.01	18:15	151.28438	151.28471	151.28345	151.2836	135
2025.12.01	18:30	151.22183	151.22208	151.21774	151.21797	342
2025.12.01	18:45	151.25911	151.2592	151.24736	151.24742	461
2025.12.01	19:00	151.22542	151.22689	151.2254	151.22665	123
2025.12.01	19:15	151.22087	151.22088	151.20189	151.20192	460
2025.12.01	19:30	151.19607	151.19609	151.1673	151.16759	138
2025.12.01	19:45	151.18234	151.19368	151.18219	151.19366	456
2025.12.01	20:00	151.14597	151.14629	151.14595	151.14622	370
2025.12.01	20:15	151.17798	151.18876	151.17796	151.18872	318
2025.12.01	20:30	151.09708	151.09712	151.082	151.08208	253
2025.12.01	20:45	151.09084	151.10236	151.09064	151.10234	165
2025.12.01	21:00	151.07586	151.07609	151.06553	151.06564	291
2025.12.01	21:15	151.13082	151.14381	151.13077	151.14352	325
2025.12.01	21:30	151.14438	151.14453	151.13703	151.1371	295
2025.12.01	21:45	151.13975	151.1398	151.13325	151.13332	312
2025.12.01	22:00	151.12458	151.13982	151.12458	151.13978	399
2025.12.01	22:15	151.14301	151.1486	151.14276	151.14857	88
2025.12.01	22:30	151.19261	151.19311	151.18337	151.1834	366
2025.12.01	22:45	151.18209	151.18239	151.17255	151.17268	387
2025.12.01	23:00	151.22651	151.22666	151.20282	151.20285	490
2025.12.01	23:15	151.18457	151.19329	151.18456	151.19307	297
2025.12.01	23:30	151.22984	151.23511	151.22958	151.23501	451
2025.12.01	23:45	151.19594	151.19968	151.19588	151.19965	427
2025.12.02	00:00	151.14942	151.14947	151.1457	151.14573	335
2025.12.02	00:15	151.17519	151.18382	151.1751	151.18376	208
2025.12.02	00:30	151.15012	151.16635	151.15004	151.1662	338
2025.12.02	00:45	151.12144	151.12183	151.10116	151.10146	93
2025.12.02	01:00	151.20489	151.21298	151.2048	151.2129	351
2025.12.02	01:15	151.22131	151.23879	151.2209	151.23858	164
2025.12.02	01:30	151.18321	151.18396	151.183	151.18395	89
2025.12.02	01:45	151.1912	151.20456	151.19111	151.20448	73
2025.12.02	02:00	151.13731	151.1422	151.1371	151.14183	323
2025.12.02	02:15	151.16436	151.17694	151.16434	151.17684	316
2025.12.02	02:30	151.16671	151.16674	151.15015	151.1502	349
2025.12.02	02:45	151.09645	151.11636	151.09633	151.11622	367
2025.12.02	03:00	151.13007	151.13008	151.12307	151.12318	137
2025.12.02	03:15	151.11777	151.11793	151.09439	151.09439	289
2025.12.02	03:30	151.1794	151.17966	151.17823	151.17826	157
2025.12.02	03:45	151.21566	151.22359	151.21548	151.22337	156
2025.12.02	04:00	151.10471	151.10479	151.10242	151.10268	235
2025.12.02	04:15	151.07318	151.09362	151.07316	151.09343	415
2025.12.02	04:30	151.10204	151.10538	151.10202	151.10519	445
2025.12.02	04:45	151.12693	151.12707	151.11944	151.1195	214
2025.12.02	05:00	151.12476	151.12493	151.11963	151.11971	323
2025.12.02	05:15	151.12488	151.12762	151.12477	151.12742	376
2025.12.02	05:30	151.12976	151.13026	151.12239	151.12259	464
2025.12.02	05:45	151.08935	151.08954	151.07295	151.07304	444
2025.12.02	06:00	151.14749	151.15257	151.1474	151.15251	303
2025.12.02	06:15	151.19384	151.19441	151.19363	151.1944	247
2025.12.02	06:30	151.21185	151.21187	151.19582	151.19604	125
2025.12.02	06:45	151.24462	151.24479	151.22638	151.22645	109
2025.12.02	07:00	151.25733	151.25736	151.23908	151.23919	187
2025.12.02	07:15	151.19897	151.19928	151.17987	151.18003	401
2025.12.02	07:30	151.15811	151.15837	151.15609	151.15626	400
2025.12.02	07:45	151.17494	151.18241	151.17486	151.18232	449
2025.12.02	08:00	151.15745	151.16366	151.15736	151.16347	491
2025.12.02	08:15	151.15108	151.15568	151.15105	151.15567	404
2025.12.02	08:30	151.1987	151.21792	151.19861	151.2179	61
2025.12.02	08:45	151.20869	151.24005	151.20866	151.23988	309
2025.12.02	09:00	151.19325	151.21421	151.19312	151.21419	123
2025.12.02	09:15	151.22257	151.22294	151.20993	151.21024	267
2025.12.02	09:30	151.25319	151.25902	151.25303	151.2589	290
2025.12.02	09:45	151.23682	151.24899	151.23656	151.24899	292
2025.12.02	10:00	151.20516	151.20523	151.19821	151.19839	410
2025.12.02	10:15	151.22487	151.22491	151.2216	151.22177	307
2025.12.02	10:30	151.24261	151.25285	151.24249	151.25275	79
2025.12.02	10:45	151.26	151.27451	151.25984	151.27439	440
2025.12.02	11:00	151.29568	151.29587	151.29162	151.29187	270
2025.12.02	11:15	151.26242	151.26776	151.26236	151.26768	80
2025.12.02	11:30	151.28695	151.29755	151.28688	151.29722	254
2025.12.02	11:45	151.35996	151.36007	151.35694	151.35696	207
2025.12.02	12:00	151.35702	151.37335	151.35679	151.37312	495
2025.12.02	12:15	151.39407	151.39519	151.39394	151.39511	84
2025.12.02	12:30	151.44201	151.44234	151.4271	151.4271	259
2025.12.02	12:45	151.45521	151.4553	151.45373	151.45384	68
2025.12.02	13:00	151.46183	151.48819	151.46182	151.48814	473
2025.12.02	13:15	151.41467	151.41468	151.41406	151.41424	388
2025.12.02	13:30	151.41292	151.41551	151.41285	151.41549	414
2025.12.02	13:45	151.43025	151.44386	151.4302	151.44351	167
2025.12.02	14:00	151.43926	151.43949	151.42283	151.42284	270
2025.12.02	14:15	151.41853	151.41856	151.41705	151.41716	314
2025.12.02	14:30	151.41299	151.41314	151.4114	151.41157	117
2025.12.02	14:45	151.5736	151.57375	151.55423	151.55429	303
2025.12.02	15:00	151.52401	151.55367	151.5238	151.55359	232
2025.12.02	15:15	151.529	151.55096	151.52887	151.55085	486
2025.12.02	15:30	151.57999	151.58012	151.56711	151.56731	156
2025.12.02	15:45	151.55038	151.56723	151.55	151.56713	263
2025.12.02	16:00	151.61849	151.62206	151.61846	151.62202	380
2025.12.02	16:15	151.65996	151.66004	151.6569	151.65718	131
2025.12.02	16:30	151.65193	151.66866	151.65193	151.66841	105
2025.12.02	16:45	151.67434	151.67437	151.66904	151.66916	267
2025.12.02	17:00	151.72308	151.73719	151.72307	151.73705	274
2025.12.02	17:15	151.68119	151.68132	151.65998	151.66008	459
2025.12.02	17:30	151.72856	151.73082	151.72841	151.73082	227
2025.12.02	17:45	151.74066	151.75256	151.74053	151.75243	146
2025.12.02	18:00	151.71465	151.7346	151.71435	151.73459	377
2025.12.02	18:15	151.69258	151.70131	151.69249	151.70118	235
2025.12.02	18:30	151.68869	151.68877	151.67985	151.67988	133
2025.12.02	18:45	151.63461	151.63472	151.61336	151.61354	345
2025.12.02	19:00	151.6295	151.62964	151.60878	151.60879	123
2025.12.02	19:15	151.55415	151.55623	151.55402	151.55609	322
2025.12.02	19:30	151.57355	151.57371	151.55616	151.55624	332
2025.12.02	19:45	151.48025	151.48441	151.48025	151.48436	403
2025.12.02	20:00	151.53629	151.55062	151.53628	151.55061	50
2025.12.02	20:15	151.5216	151.52161	151.51502	151.51515	455
2025.12.02	20:30	151.53293	151.53299	151.53235	151.53238	105
2025.12.02	20:45	151.54211	151.55608	151.5421	151.55608	429
2025.12.02	21:00	151.48773	151.49144	151.48756	151.49142	424
2025.12.02	21:15	151.48866	151.49456	151.48851	151.4944	378
2025.12.02	21:30	151.57159	151.57164	151.54494	151.54511	62
2025.12.02	21:45	151.52512	151.53604	151.52503	151.53593	200
2025.12.02	22:00	151.52458	151.52473	151.50451	151.50466	394
2025.12.02	22:15	151.58781	151.5879	151.57812	151.57855	101
2025.12.02	22:30	151.67442	151.69045	151.67437	151.69044	244
2025.12.02	22:45	151.6771	151.68801	151.67702	151.68787	323
2025.12.02	23:00	151.69648	151.69657	151.69331	151.69338	246
2025.12.02	23:15	151.70537	151.70541	151.7012	151.70146	158
2025.12.02	23:30	151.7292	151.7294	151.71275	151.713	469
2025.12.02	23:45	151.72522	151.72866	151.72516	151.72863	242
2025.12.03	00:00	151.75037	151.75436	151.75036	151.75429	405
2025.12.03	00:15	151.7943	151.79436	151.7864	151.78648	411
2025.12.03	00:30	151.8085	151.80871	151.79818	151.79839	69
2025.12.03	00:45	151.72589	151.72591	151.71977	151.71986	421
2025.12.03	01:00	151.72703	151.72719	151.71516	151.71517	358
2025.12.03	01:15	151.70463	151.70472	151.70309	151.70315	207
2025.12.03	01:30	151.74595	151.74833	151.74583	151.74821	154
2025.12.03	01:45	151.74017	151.74254	151.74009	151.74254	377
2025.12.03	02:00	151.69103	151.69107	151.66381	151.66399	208
2025.12.03	02:15	151.69757	151.70768	151.69748	151.70759	289
2025.12.03	02:30	151.73578	151.73579	151.72939	151.72961	116
2025.12.03	02:45	151.69904	151.69908	151.68217	151.68254	57
2025.12.03	03:00	151.73504	151.73537	151.73066	151.73084	356
2025.12.03	03:15	151.78681	151.7941	151.78674	151.79404	469
2025.12.03	03:30	151.78199	151.78954	151.78182	151.78952	291
2025.12.03	03:45	151.81688	151.81721	151.805	151.805	249
2025.12.03	04:00	151.87563	151.88246	151.87544	151.88206	314
2025.12.03	04:15	151.932	151.93866	151.93167	151.93832	307
2025.12.03	04:30	151.8784	151.87845	151.86884	151.86892	499
2025.12.03	04:45	151.88147	151.89909	151.88132	151.89903	181
2025.12.03	05:00	151.89929	151.91605	151.8991	151.91595	89
2025.12.03	05:15	152.02519	152.03514	152.02512	152.03503	450
2025.12.03	05:30	152.04121	152.04126	152.03765	152.03768	192
2025.12.03	05:45	151.94892	151.94905	151.946	151.94602	192
2025.12.03	06:00	151.9126	151.91269	151.90613	151.90618	68
2025.12.03	06:15	151.93512	151.93534	151.92015	151.92029	257
2025.12.03	06:30	151.87962	151.87987	151.85687	151.8569	493
2025.12.03	06:45	151.86458	151.8741	151.86457	151.87391	296
2025.12.03	07:00	151.89891	151.8991	151.89639	151.89639	113
2025.12.03	07:15	151.92168	151.93249	151.9215	151.93239	293
2025.12.03	07:30	151.93724	151.93728	151.9275	151.92752	369
2025.12.03	07:45	151.95087	151.95094	151.92849	151.92867	263
2025.12.03	08:00	151.94549	151.94551	151.92986	151.92988	51
2025.12.03	08:15	151.90854	151.90863	151.89957	151.89969	370
2025.12.03	08:30	151.86669	151.86679	151.85823	151.85827	227
2025.12.03	08:45	151.83975	151.83975	151.83533	151.83535	120
2025.12.03	09:00	151.8465	151.84858	151.8462	151.84844	409
2025.12.03	09:15	151.77381	151.78605	151.77369	151.78584	493
2025.12.03	09:30	151.77803	151.77805	151.7702	151.77039	387
2025.12.03	09:45	151.75089	151.7647	151.75086	151.76449	466
2025.12.03	10:00	151.74353	151.74363	151.73358	151.73373	210
2025.12.03	10:15	151.68698	151.68732	151.66644	151.66661	168
2025.12.03	10:30	151.62704	151.63093	151.62695	151.63068	429
2025.12.03	10:45	151.67724	151.71753	151.67707	151.71748	251
2025.12.03	11:00	151.64801	151.65227	151.64788	151.65219	114
2025.12.03	11:15	151.60676	151.60702	151.58393	151.58395	437
2025.12.03	11:30	151.58376	151.58381	151.58348	151.58351	90
2025.12.03	11:45	151.5504	151.55051	151.54844	151.5485	307
2025.12.03	12:00	151.4808	151.48152	151.48072	151.48148	408
2025.12.03	12:15	151.50099	151.50103	151.49579	151.49594	411
2025.12.03	12:30	151.53691	151.53704	151.53009	151.53022	184
2025.12.03	12:45	151.54236	151.54243	151.53296	151.53313	230
2025.12.03	13:00	151.50774	151.50798	151.49753	151.49759	471
2025.12.03	13:15	151.50977	151.50998	151.47728	151.47749	159
2025.12.03	13:30	151.41532	151.41541	151.39465	151.39467	65
2025.12.03	13:45	151.31594	151.31602	151.30642	151.30652	363
2025.12.03	14:00	151.27374	151.27374	151.27322	151.27327	55
2025.12.03	14:15	151.29557	151.29562	151.29056	151.2907	286
2025.12.03	14:30	151.25404	151.26573	151.25379	151.26563	118
2025.12.03	14:45	151.3172	151.31761	151.30234	151.30237	290
2025.12.03	15:00	151.3348	151.34295	151.33475	151.34287	136
2025.12.03	15:15	151.32923	151.33363	151.32916	151.33351	169
2025.12.03	15:30	151.30494	151.30918	151.3048	151.309	213
2025.12.03	15:45	151.27562	151.27592	151.27024	151.27026	99
2025.12.03	16:00	151.27972	151.29124	151.27953	151.2911	95
2025.12.03	16:15	151.29671	151.29678	151.29524	151.29557	77
2025.12.03	16:30	151.34486	151.35195	151.34477	151.35173	223
2025.12.03	16:45	151.4146	151.41479	151.40632	151.40634	372
2025.12.03	17:00	151.45549	151.47177	151.45545	151.4717	235
2025.12.03	17:15	151.47335	151.48732	151.47306	151.48726	458
2025.12.03	17:30	151.44193	151.44197	151.4318	151.43197	393
2025.12.03	17:45	151.40588	151.4117	151.40559	151.41167	73
2025.12.03	18:00	151.43949	151.4396	151.43144	151.43157	489
2025.12.03	18:15	151.43833	151.4406	151.4381	151.4404	350
2025.12.03	18:30	151.40678	151.41629	151.40677	151.41602	125
2025.12.03	18:45	151.40936	151.40956	151.40875	151.4088	273
2025.12.03	19:00	151.40071	151.40075	151.38462	151.38488	278
2025.12.03	19:15	151.38843	151.38847	151.37283	151.37307	174
2025.12.03	19:30	151.40099	151.40117	151.39845	151.3985	373
2025.12.03	19:45	151.40146	151.40155	151.40081	151.40092	225
2025.12.03	20:00	151.43727	151.4466	151.43725	151.4465	362
2025.12.03	20:15	151.49218	151.49221	151.49059	151.49062	70
2025.12.03	20:30	151.50222	151.52152	151.50187	151.5214	371
2025.12.03	20:45	151.48389	151.48419	151.47651	151.47661	165
2025.12.03	21:00	151.48219	151.4942	151.48219	151.49412	342
2025.12.03	21:15	151.44445	151.45849	151.44433	151.45844	403
2025.12.03	21:30	151.49764	151.49776	151.49319	151.49319	104
2025.12.03	21:45	151.43613	151.43702	151.436	151.43694	393
2025.12.03	22:00	151.40849	151.41765	151.40824	151.41755	318
2025.12.03	22:15	151.34637	151.34846	151.34632	151.34829	458
2025.12.03	22:30	151.37572	151.38111	151.37549	151.38104	437
2025.12.03	22:45	151.42544	151.44617	151.4254	151.44611	106
2025.12.03	23:00	151.42627	151.42653	151.41333	151.41345	499
2025.12.03	23:15	151.45476	151.45483	151.42516	151.42526	95
2025.12.03	23:30	151.48306	151.4831	151.47698	151.47704	230
2025.12.03	23:45	151.47979	151.47986	151.47647	151.47649	419
2025.12.04	00:00	151.38853	151.38856	151.36769	151.36783	56
2025.12.04	00:15	151.38706	151.38707	151.38624	151.38651	174
2025.12.04	00:30	151.4339	151.43411	151.43333	151.43359	420
2025.12.04	00:45	151.42029	151.43422	151.42023	151.43395	73
2025.12.04	01:00	151.45906	151.46915	151.45896	151.46914	465
2025.12.04	01:15	151.53968	151.53986	151.51654	151.51674	261
2025.12.04	01:30	151.59235	151.59241	151.57533	151.57536	216
2025.12.04	01:45	151.64209	151.6497	151.64201	151.6495	320
2025.12.04	02:00	151.69208	151.71371	151.69191	151.71367	64
2025.12.04	02:15	151.70383	151.72587	151.70379	151.72584	105
2025.12.04	02:30	151.69869	151.70314	151.69858	151.70307	224
2025.12.04	02:45	151.70651	151.70653	151.68821	151.68828	190
2025.12.04	03:00	151.76498	151.76511	151.75382	151.75388	296
2025.12.04	03:15	151.66126	151.66145	151.63819	151.63867	333
2025.12.04	03:30	151.6471	151.6598	151.64706	151.65968	224
2025.12.04	03:45	151.64878	151.64885	151.64104	151.64112	457
2025.12.04	04:00	151.59184	151.59192	151.58124	151.58128	421
2025.12.04	04:15	151.53407	151.55636	151.53385	151.55595	313
2025.12.04	04:30	151.55291	151.56517	151.55279	151.56516	403
2025.12.04	04:45	151.60503	151.60532	151.59795	151.59802	93
2025.12.04	05:00	151.63211	151.63866	151.63203	151.63861	450
2025.12.04	05:15	151.66735	151.66985	151.66726	151.66969	491
2025.12.04	05:30	151.79267	151.80861	151.79264	151.80852	436
2025.12.04	05:45	151.82478	151.84648	151.82478	151.84637	226
2025.12.04	06:00	151.85011	151.8503	151.84649	151.84652	134
2025.12.04	06:15	151.89323	151.90541	151.89321	151.90538	321
2025.12.04	06:30	151.91677	151.91697	151.91142	151.91173	404
2025.12.04	06:45	151.95695	151.96294	151.95695	151.9629	146
2025.12.04	07:00	151.95121	151.95122	151.93954	151.93955	190
2025.12.04	07:15	152.00012	152.00975	152.00004	152.00957	270
2025.12.04	07:30	151.98471	151.98482	151.97742	151.97746	425
2025.12.04	07:45	151.90849	151.9086	151.88848	151.8885	54
2025.12.04	08:00	151.99693	152.00479	151.99691	152.00469	138
2025.12.04	08:15	152.06933	152.07677	152.06909	152.07671	252
2025.12.04	08:30	152.05207	152.05222	152.03046	152.03061	481
2025.12.04	08:45	151.99542	151.99555	151.98079	151.98084	117
2025.12.04	09:00	151.98883	152.01571	151.98855	152.01561	420
2025.12.04	09:15	151.95305	151.95309	151.9431	151.94315	213
2025.12.04	09:30	151.87264	151.87271	151.86651	151.86656	374
2025.12.04	09:45	151.81	151.81627	151.80999	151.81624	321
2025.12.04	10:00	151.78131	151.7815	151.76348	151.76388	300
2025.12.04	10:15	151.72429	151.72429	151.72231	151.72243	350
2025.12.04	10:30	151.79337	151.79354	151.78092	151.78099	96
2025.12.04	10:45	151.81099	151.82465	151.81078	151.8246	447
2025.12.04	11:00	151.84756	151.85401	151.84756	151.85396	453
2025.12.04	11:15	151.84754	151.86566	151.8475	151.86555	313
2025.12.04	11:30	151.97567	152.00027	151.97559	151.99997	325
2025.12.04	11:45	151.96994	151.97019	151.9581	151.95811	228
2025.12.04	12:00	151.97243	151.98911	151.97237	151.98895	365
2025.12.04	12:15	151.96076	151.96336	151.96066	151.96336	261
2025.12.04	12:30	151.99852	152.00573	151.99833	152.00568	91
2025.12.04	12:45	152.0083	152.03722	152.00812	152.03715	493
2025.12.04	13:00	152.0487	152.04895	152.02722	152.02725	429
2025.12.04	13:15	152.06605	152.06625	152.06201	152.06228	86
2025.12.04	13:30	151.98664	151.9918	151.98659	151.99178	92
2025.12.04	13:45	152.07326	152.08287	152.07317	152.08269	184
2025.12.04	14:00	152.10297	152.10307	152.09999	152.10003	236
2025.12.04	14:15	152.11222	152.11224	152.09976	152.09979	440
2025.12.04	14:30	152.1359	152.15092	152.13573	152.15086	388
2025.12.04	14:45	152.1702	152.18785	152.17012	152.18782	366
2025.12.04	15:00	152.18556	152.2049	152.18522	152.20474	80
2025.12.04	15:15	152.1779	152.17813	152.15416	152.15424	156
2025.12.04	15:30	152.16029	152.16512	152.16019	152.16507	461
2025.12.04	15:45	152.14842	152.1615	152.14801	152.16147	383
2025.12.04	16:00	152.20669	152.21184	152.20656	152.21162	113
2025.12.04	16:15	152.24595	152.24607	152.24282	152.24285	102
2025.12.04	16:30	152.29336	152.29345	152.28726	152.28744	307
2025.12.04	16:45	152.24794	152.24931	152.24787	152.24931	210
2025.12.04	17:00	152.26492	152.26754	152.26486	152.26754	479
2025.12.04	17:15	152.30298	152.30316	152.29379	152.29388	214
2025.12.04	17:30	152.28036	152.28089	152.28029	152.28088	295
2025.12.04	17:45	152.19631	152.20013	152.19628	152.2001	459
2025.12.04	18:00	152.25484	152.25504	152.24333	152.24347	274
2025.12.04	18:15	152.23834	152.26065	152.23832	152.26054	459
2025.12.04	18:30	152.24498	152.24508	152.23938	152.23957	365
2025.12.04	18:45	152.20666	152.2091	152.20653	152.20889	373
2025.12.04	19:00	152.1568	152.18286	152.15674	152.18275	96
2025.12.04	19:15	152.12547	152.12558	152.12521	152.12536	432
2025.12.04	19:30	152.10914	152.10925	152.1042	152.10426	136
2025.12.04	19:45	152.07798	152.07807	152.06264	152.06266	431
2025.12.04	20:00	152.04388	152.0439	152.04083	152.04116	120
2025.12.04	20:15	152.01741	152.01753	151.98591	151.986	357
2025.12.04	20:30	151.97599	151.97758	151.97594	151.97739	468
2025.12.04	20:45	151.98305	151.98315	151.97909	151.97919	297
2025.12.04	21:00	152.01018	152.01118	152.01018	152.01106	338
2025.12.04	21:15	152.02231	152.02239	152.01512	152.01513	185
2025.12.04	21:30	151.9737	151.98364	151.97357	151.98357	141
2025.12.04	21:45	151.97852	151.98244	151.97849	151.9823	119
2025.12.04	22:00	151.97364	151.97369	151.97064	151.9708	305
2025.12.04	22:15	151.99663	152.01312	151.99662	152.01308	182
2025.12.04	22:30	152.12812	152.12825	152.11478	152.11491	154
2025.12.04	22:45	152.01606	152.01612	152.01112	152.01113	361
2025.12.04	23:00	151.91946	151.92467	151.91944	151.9245	75
2025.12.04	23:15	151.94472	151.94475	151.93124	151.93137	232
2025.12.04	23:30	151.95177	151.9519	151.93853	151.93855	92
2025.12.04	23:45	151.95314	151.97501	151.95309	151.97491	274
2025.12.05	00:00	151.9321	151.93222	151.92341	151.92342	99
2025.12.05	00:15	151.8202	151.82039	151.80219	151.80231	317
2025.12.05	00:30	151.785	151.78947	151.78456	151.78918	486
2025.12.05	00:45	151.777	151.77704	151.77624	151.77632	232
2025.12.05	01:00	151.78927	151.78931	151.7802	151.78022	277
2025.12.05	01:15	151.80871	151.80885	151.78135	151.78145	351
2025.12.05	01:30	151.83803	151.83817	151.81143	151.8115	398
2025.12.05	01:45	151.80182	151.80922	151.8017	151.80909	114
2025.12.05	02:00	151.85888	151.8715	151.85886	151.87141	132
2025.12.05	02:15	151.86163	151.86184	151.85186	151.85204	224
2025.12.05	02:30	151.79235	151.7924	151.78353	151.78403	279
2025.12.05	02:45	151.81038	151.81044	151.79753	151.79761	466
2025.12.05	03:00	151.84842	151.85074	151.84838	151.85069	145
2025.12.05	03:15	151.77379	151.77411	151.77093	151.77107	374
2025.12.05	03:30	151.71334	151.71335	151.70142	151.7015	449
2025.12.05	03:45	151.6948	151.6966	151.69444	151.69645	130
2025.12.05	04:00	151.68493	151.68499	151.68128	151.68151	270
2025.12.05	04:15	151.68664	151.69812	151.68651	151.69791	417
2025.12.05	04:30	151.68028	151.68061	151.66562	151.66576	68
2025.12.05	04:45	151.75177	151.77324	151.75166	151.77322	443
2025.12.05	05:00	151.73767	151.7377	151.72137	151.72146	147
2025.12.05	05:15	151.69462	151.6996	151.69452	151.69928	268
2025.12.05	05:30	151.72531	151.75559	151.72528	151.75535	323
2025.12.05	05:45	151.75197	151.7565	151.75156	151.75644	200
2025.12.05	06:00	151.73565	151.73585	151.71918	151.71947	269
2025.12.05	06:15	151.77445	151.77453	151.76475	151.76477	297
2025.12.05	06:30	151.7623	151.80314	151.76217	151.80311	359
2025.12.05	06:45	151.75938	151.77554	151.75925	151.7754	482
2025.12.05	07:00	151.74192	151.74775	151.74183	151.74768	176
2025.12.05	07:15	151.67433	151.67435	151.66685	151.6669	442
2025.12.05	07:30	151.70201	151.70205	151.69127	151.69149	448
2025.12.05	07:45	151.69605	151.6961	151.69176	151.69191	383
2025.12.05	08:00	151.62432	151.65829	151.6243	151.65827	484
2025.12.05	08:15	151.57938	151.59865	151.57921	151.59862	268
2025.12.05	08:30	151.63645	151.6418	151.63643	151.6417	494
2025.12.05	08:45	151.70103	151.71068	151.70101	151.71059	499
2025.12.05	09:00	151.73288	151.7329	151.71789	151.71793	423
2025.12.05	09:15	151.70587	151.70591	151.70427	151.70437	412
2025.12.05	09:30	151.7793	151.79207	151.77903	151.79204	225
2025.12.05	09:45	151.81436	151.81635	151.81414	151.81615	289
2025.12.05	10:00	151.73044	151.73046	151.71852	151.71872	235
2025.12.05	10:15	151.70733	151.70747	151.70551	151.70579	222
2025.12.05	10:30	151.65135	151.65171	151.64913	151.64927	468
2025.12.05	10:45	151.65686	151.6687	151.65676	151.66866	68
2025.12.05	11:00	151.61176	151.61424	151.61165	151.61415	54
2025.12.05	11:15	151.60171	151.60621	151.6015	151.60614	468
2025.12.05	11:30	151.57737	151.57738	151.56946	151.56948	475
2025.12.05	11:45	151.62551	151.64612	151.62532	151.64609	52
2025.12.05	12:00	151.67507	151.67515	151.65943	151.65959	309
2025.12.05	12:15	151.69796	151.70662	151.69775	151.70661	187
2025.12.05	12:30	151.75513	151.75525	151.75059	151.75067	376
2025.12.05	12:45	151.7798	151.77993	151.77806	151.77811	161
2025.12.05	13:00	151.79677	151.81098	151.79676	151.81077	446
2025.12.05	13:15	151.80601	151.80615	151.79321	151.79328	339
2025.12.05	13:30	151.80976	151.8209	151.80959	151.82075	409
2025.12.05	13:45	151.77269	151.77284	151.76968	151.76983	90
2025.12.05	14:00	151.75139	151.76753	151.75136	151.76732	336
2025.12.05	14:15	151.75576	151.76515	151.75549	151.76504	437
2025.12.05	14:30	151.76885	151.78402	151.76876	151.78401	410
2025.12.05	14:45	151.80768	151.81942	151.80755	151.8194	321
2025.12.05	15:00	151.80519	151.8053	151.79939	151.79953	58
2025.12.05	15:15	151.82027	151.82031	151.80096	151.801	443
2025.12.05	15:30	151.77967	151.77995	151.77414	151.7742	403
2025.12.05	15:45	151.8229	151.82576	151.8228	151.82554	271
2025.12.05	16:00	151.77606	151.80346	151.77591	151.80342	69
2025.12.05	16:15	151.72715	151.72727	151.72046	151.72046	203
2025.12.05	16:30	151.72793	151.7282	151.69956	151.6996	355
2025.12.05	16:45	151.65654	151.65688	151.65565	151.65566	276
2025.12.05	17:00	151.70694	151.71247	151.70683	151.71236	148
2025.12.05	17:15	151.74065	151.74085	151.7324	151.73248	453
2025.12.05	17:30	151.68564	151.69291	151.68541	151.69244	76
2025.12.05	17:45	151.69304	151.70918	151.69289	151.70896	455
2025.12.05	18:00	151.66453	151.66475	151.6632	151.66336	416
2025.12.05	18:15	151.6125	151.62778	151.61246	151.62761	329
2025.12.05	18:30	151.61543	151.61572	151.61256	151.61265	53
2025.12.05	18:45	151.67821	151.67834	151.67219	151.67255	427
2025.12.05	19:00	151.58821	151.58827	151.57208	151.57218	160
2025.12.05	19:15	151.57455	151.57462	151.55275	151.55291	179
2025.12.05	19:30	151.53415	151.54395	151.53407	151.54391	335
2025.12.05	19:45	151.5198	151.52467	151.5198	151.52459	203
2025.12.05	20:00	151.51929	151.51933	151.51514	151.51517	171
2025.12.05	20:15	151.59808	151.62599	151.59802	151.62576	61
2025.12.05	20:30	151.63665	151.64707	151.63657	151.64702	245
2025.12.05	20:45	151.60944	151.60946	151.60714	151.60719	345
2025.12.05	21:00	151.57989	151.58306	151.57981	151.58296	215
2025.12.05	21:15	151.60977	151.60993	151.59928	151.59956	291
2025.12.05	21:30	151.49816	151.51223	151.49796	151.51213	102
2025.12.05	21:45	151.53936	151.53951	151.52904	151.52908	57
2025.12.05	22:00	151.50104	151.50118	151.49491	151.49502	330
2025.12.05	22:15	151.45561	151.45581	151.45281	151.45292	334
2025.12.05	22:30	151.38937	151.38947	151.37705	151.37708	159
2025.12.05	22:45	151.43731	151.43747	151.4015	151.40156	216
2025.12.05	23:00	151.38878	151.38891	151.37891	151.37898	132
2025.12.05	23:15	151.33075	151.33091	151.31602	151.31614	113
2025.12.05	23:30	151.30371	151.30381	151.29956	151.29958	107
2025.12.05	23:45	151.33641	151.33658	151.32436	151.32438	57
2025.12.08	00:00	151.34583	151.35236	151.34568	151.35233	420
2025.12.08	00:15	151.32882	151.32907	151.32503	151.32511	254
2025.12.08	00:30	151.34765	151.36369	151.34762	151.36365	52
2025.12.08	00:45	151.31295	151.31327	151.28718	151.28735	440
2025.12.08	01:00	151.21916	151.21937	151.20522	151.20528	455
2025.12.08	01:15	151.15174	151.1518	151.14482	151.1451	369
2025.12.08	01:30	151.11506	151.14203	151.11495	151.14178	315
2025.12.08	01:45	151.17366	151.17392	151.15337	151.15345	471
2025.12.08	02:00	151.10608	151.10634	151.10483	151.10485	152
2025.12.08	02:15	151.18324	151.18332	151.16743	151.16757	119
2025.12.08	02:30	151.09944	151.0995	151.08097	151.08104	393
2025.12.08	02:45	151.05242	151.05245	151.03843	151.03859	110
2025.12.08	03:00	150.98211	150.9823	150.97233	150.97264	84
2025.12.08	03:15	150.99176	151.00355	150.99169	151.00351	226
2025.12.08	03:30	150.99875	150.99883	150.99778	150.99786	76
2025.12.08	03:45	150.98068	150.98068	150.97482	150.9749	168
2025.12.08	04:00	150.93477	150.94006	150.93464	150.93997	161
2025.12.08	04:15	150.89759	150.89869	150.89727	150.8986	68
2025.12.08	04:30	150.88076	150.88084	150.87569	150.87578	311
2025.12.08	04:45	150.87359	150.87377	150.8533	150.85349	300
2025.12.08	05:00	150.8638	150.87267	150.86356	150.87263	268
2025.12.08	05:15	150.93951	150.94535	150.93939	150.94514	400
2025.12.08	05:30	151.0206	151.02078	151.01983	151.02017	377
2025.12.08	05:45	151.02885	151.04984	151.02882	151.04974	111
2025.12.08	06:00	151.08148	151.08692	151.08136	151.08669	111
2025.12.08	06:15	151.07385	151.07397	151.04598	151.04614	86
2025.12.08	06:30	151.11003	151.11008	151.08453	151.08456	265
2025.12.08	06:45	151.10957	151.12393	151.10947	151.12385	255
2025.12.08	07:00	151.11495	151.11495	151.08961	151.08983	218
2025.12.08	07:15	151.12182	151.12188	151.11153	151.11177	113
2025.12.08	07:30	151.06821	151.06841	151.06811	151.06824	413
2025.12.08	07:45	151.04699	151.04699	151.03486	151.03501	408
2025.12.08	08:00	150.98268	150.99374	150.98266	150.99356	263
2025.12.08	08:15	150.97704	150.9781	150.97687	150.97802	131
2025.12.08	08:30	150.9386	150.93867	150.93591	150.93598	284
2025.12.08	08:45	150.89296	150.89302	150.88494	150.88495	492
2025.12.08	09:00	150.87518	150.88119	150.87506	150.88105	99
2025.12.08	09:15	150.82535	150.8301	150.8252	150.82988	104
2025.12.08	09:30	150.85368	150.85372	150.85041	150.85051	219
2025.12.08	09:45	150.89981	150.8999	150.89945	150.89953	307
2025.12.08	10:00	150.93078	150.94225	150.93065	150.94207	406
2025.12.08	10:15	150.90271	150.92335	150.90257	150.92323	376
2025.12.08	10:30	150.98496	150.99444	150.98473	150.99441	70
2025.12.08	10:45	150.95647	150.95667	150.95409	150.95424	222
2025.12.08	11:00	150.9932	150.99336	150.98614	150.9862	428
2025.12.08	11:15	151.01186	151.01198	151.00896	151.00903	365
2025.12.08	11:30	151.05862	151.05865	151.05372	151.05383	270
2025.12.08	11:45	151.04891	151.04895	151.02667	151.0267	312
2025.12.08	12:00	151.03801	151.04956	151.03791	151.04942	161
2025.12.08	12:15	151.05292	151.053	151.04725	151.04728	92
2025.12.08	12:30	151.03701	151.04281	151.03696	151.04276	177
2025.12.08	12:45	150.99043	150.99386	150.99042	150.99369	325
2025.12.08	13:00	150.98917	150.98937	150.97588	150.97601	399
2025.12.08	13:15	150.93272	150.94739	150.93251	150.94717	296
2025.12.08	13:30	150.87089	150.87095	150.85599	150.85616	265
2025.12.08	13:45	150.83239	150.83933	150.83233	150.83912	71
2025.12.08	14:00	150.75921	150.77567	150.75911	150.77551	399
2025.12.08	14:15	150.76557	150.76559	150.76116	150.76125	351
2025.12.08	14:30	150.76829	150.77248	150.76823	150.77245	331
2025.12.08	14:45	150.70806	150.70818	150.69803	150.6981	187
2025.12.08	15:00	150.64494	150.64521	150.64484	150.64514	234
2025.12.08	15:15	150.76281	150.77677	150.76281	150.7766	498
2025.12.08	15:30	150.75639	150.76476	150.7563	150.76464	381
2025.12.08	15:45	150.75335	150.75559	150.75328	150.75556	85
2025.12.08	16:00	150.75401	150.75634	150.75389	150.7563	383
2025.12.08	16:15	150.73019	150.73031	150.72482	150.72483	93
2025.12.08	16:30	150.75648	150.75662	150.75402	150.75418	316
2025.12.08	16:45	150.76501	150.76502	150.75985	150.76001	401
2025.12.08	17:00	150.71222	150.72848	150.71215	150.72817	234
2025.12.08	17:15	150.73633	150.73638	150.72764	150.72771	363
2025.12.08	17:30	150.70717	150.73152	150.70715	150.7315	122
2025.12.08	17:45	150.72948	150.73024	150.72942	150.73023	165
2025.12.08	18:00	150.69637	150.7002	150.69629	150.70016	70
2025.12.08	18:15	150.74645	150.74672	150.7295	150.72962	279
2025.12.08	18:30	150.72454	150.73683	150.72451	150.73683	168
2025.12.08	18:45	150.71458	150.71549	150.71432	150.71523	408
2025.12.08	19:00	150.6963	150.6989	150.69614	150.69884	495
2025.12.08	19:15	150.64426	150.64648	150.64423	150.64646	329
2025.12.08	19:30	150.69614	150.69949	150.69611	150.69935	447
2025.12.08	19:45	150.67249	150.67528	150.6724	150.67516	189
2025.12.08	20:00	150.59361	150.6049	150.59336	150.60466	267
2025.12.08	20:15	150.5651	150.56542	150.56483	150.56501	428
2025.12.08	20:30	150.55898	150.56409	150.55894	150.56402	408
2025.12.08	20:45	150.5966	150.59677	150.5777	150.5779	399
2025.12.08	21:00	150.58046	150.58059	150.55799	150.55819	234
2025.12.08	21:15	150.46765	150.46765	150.46349	150.46351	338
2025.12.08	21:30	150.47094	150.47225	150.47084	150.47212	484
2025.12.08	21:45	150.53686	150.53744	150.53678	150.53718	469
2025.12.08	22:00	150.59804	150.59817	150.59443	150.59472	297
2025.12.08	22:15	150.55896	150.55916	150.54829	150.54839	362
2025.12.08	22:30	150.54511	150.54862	150.54501	150.54849	55
2025.12.08	22:45	150.6033	150.60641	150.60314	150.60633	330
2025.12.08	23:00	150.61816	150.61856	150.6181	150.61851	164
2025.12.08	23:15	150.68107	150.68459	150.68078	150.6844	273
2025.12.08	23:30	150.63656	150.6367	150.6073	150.60757	428
2025.12.08	23:45	150.6693	150.6694	150.66171	150.66184	50
2025.12.09	00:00	150.69963	150.70997	150.69948	150.70986	272
2025.12.09	00:15	150.77551	150.78878	150.7754	150.78875	453
2025.12.09	00:30	150.69756	150.70238	150.69739	150.70218	338
2025.12.09	00:45	150.62776	150.63566	150.6277	150.63563	267
2025.12.09	01:00	150.70405	150.70409	150.67597	150.67615	335
2025.12.09	01:15	150.67005	150.68294	150.66996	150.6828	224
2025.12.09	01:30	150.65168	150.66875	150.65146	150.66875	426
2025.12.09	01:45	150.74199	150.74219	150.7368	150.73681	102
2025.12.09	02:00	150.64987	150.66295	150.64978	150.66286	432
2025.12.09	02:15	150.71593	150.72032	150.71585	150.71998	476
2025.12.09	02:30	150.79179	150.79192	150.78774	150.7878	420
2025.12.09	02:45	150.81174	150.84913	150.81167	150.84903	108
2025.12.09	03:00	150.94526	150.94557	150.92577	150.9259	385
2025.12.09	03:15	150.89958	150.89986	150.89499	150.89503	300
2025.12.09	03:30	150.88318	150.88756	150.88291	150.88734	432
2025.12.09	03:45	150.9015	150.91669	150.9013	150.91654	297
2025.12.09	04:00	150.92672	150.92688	150.91964	150.91981	232
2025.12.09	04:15	150.8342	150.83488	150.83416	150.83478	383
2025.12.09	04:30	150.77419	150.77432	150.74589	150.74595	259
2025.12.09	04:45	150.77619	150.78924	150.77606	150.78905	451
2025.12.09	05:00	150.85933	150.86201	150.85926	150.86201	265
2025.12.09	05:15	150.83033	150.8304	150.82528	150.82529	464
2025.12.09	05:30	150.74809	150.74813	150.73631	150.73648	328
2025.12.09	05:45	150.75754	150.75783	150.73229	150.73247	112
2025.12.09	06:00	150.70948	150.71201	150.70947	150.71193	374
2025.12.09	06:15	150.7336	150.73382	150.721	150.72123	182
2025.12.09	06:30	150.75119	150.77904	150.75111	150.77892	151
2025.12.09	06:45	150.78133	150.78149	150.77477	150.77489	55
2025.12.09	07:00	150.74608	150.75543	150.74563	150.75529	95
2025.12.09	07:15	150.71276	150.71281	150.71041	150.71053	258
2025.12.09	07:30	150.73676	150.7368	150.70972	150.70975	333
2025.12.09	07:45	150.68973	150.7031	150.68963	150.70282	164
2025.12.09	08:00	150.62123	150.62726	150.62118	150.62713	83
2025.12.09	08:15	150.61664	150.61671	150.61487	150.61491	347
2025.12.09	08:30	150.65211	150.66535	150.65162	150.66527	58
2025.12.09	08:45	150.6718	150.67946	150.67165	150.67936	328
2025.12.09	09:00	150.66974	150.67003	150.66115	150.66121	407
2025.12.09	09:15	150.62547	150.6285	150.62535	150.62844	78
2025.12.09	09:30	150.57151	150.57163	150.56809	150.56834	197
2025.12.09	09:45	150.54446	150.54454	150.51633	150.51639	293
2025.12.09	10:00	150.54031	150.54046	150.53285	150.53307	352
2025.12.09	10:15	150.53054	150.53064	150.50103	150.50114	88
2025.12.09	10:30	150.51509	150.51522	150.50273	150.50281	417
2025.12.09	10:45	150.49139	150.49809	150.49115	150.49795	174
2025.12.09	11:00	150.50784	150.52828	150.50779	150.52806	117
2025.12.09	11:15	150.54049	150.54968	150.54039	150.54957	102
2025.12.09	11:30	150.60339	150.60353	150.58901	150.58902	152
2025.12.09	11:45	150.59008	150.59396	150.59	150.59386	380
2025.12.09	12:00	150.53133	150.53158	150.53013	150.53016	434
2025.12.09	12:15	150.48113	150.48134	150.47936	150.47948	175
2025.12.09	12:30	150.46886	150.5021	150.46856	150.5018	388
2025.12.09	12:45	150.38004	150.38005	150.37264	150.37268	255
2025.12.09	13:00	150.36079	150.36842	150.36061	150.3683	413
2025.12.09	13:15	150.28433	150.28443	150.26859	150.26872	462
2025.12.09	13:30	150.2283	150.22838	150.2258	150.22586	280
2025.12.09	13:45	150.20094	150.20111	150.19486	150.19492	253
2025.12.09	14:00	150.19987	150.20009	150.19781	150.19793	452
2025.12.09	14:15	150.18859	150.21378	150.18856	150.21359	347
2025.12.09	14:30	150.24461	150.24472	150.23454	150.23454	50
2025.12.09	14:45	150.19882	150.20484	150.19872	150.20478	459
2025.12.09	15:00	150.2192	150.22418	150.21905	150.22412	235
2025.12.09	15:15	150.24745	150.24773	150.23155	150.23186	446
2025.12.09	15:30	150.25263	150.26957	150.25258	150.26947	236
2025.12.09	15:45	150.27267	150.28609	150.27264	150.28594	296
2025.12.09	16:00	150.26537	150.27447	150.265	150.27447	412
2025.12.09	16:15	150.21775	150.24132	150.21759	150.24111	389
2025.12.09	16:30	150.22538	150.22564	150.22508	150.22525	58
2025.12.09	16:45	150.2146	150.23456	150.2145	150.23447	419
2025.12.09	17:00	150.26119	150.27416	150.26109	150.27409	339
2025.12.09	17:15	150.26235	150.26568	150.26222	150.26556	366
2025.12.09	17:30	150.32069	150.3207	150.30804	150.30807	286
2025.12.09	17:45	150.24553	150.24569	150.24483	150.24494	333
2025.12.09	18:00	150.19848	150.1987	150.18387	150.18393	495
2025.12.09	18:15	150.19113	150.19126	150.1854	150.18565	499
2025.12.09	18:30	150.14521	150.14526	150.14181	150.14195	207
2025.12.09	18:45	150.13055	150.13518	150.13048	150.13516	473
2025.12.09	19:00	150.19028	150.20356	150.19014	150.20353	342
2025.12.09	19:15	150.20762	150.20763	150.20723	150.20729	354
2025.12.09	19:30	150.24581	150.24583	150.23517	150.23517	304
2025.12.09	19:45	150.21545	150.21556	150.19712	150.19731	199
2025.12.09	20:00	150.22972	150.24089	150.22966	150.24064	483
2025.12.09	20:15	150.24184	150.24338	150.24148	150.24338	258
2025.12.09	20:30	150.28325	150.28677	150.28313	150.28677	230
2025.12.09	20:45	150.28723	150.28724	150.28627	150.28645	191
2025.12.09	21:00	150.30623	150.31725	150.30618	150.31724	99
2025.12.09	21:15	150.35253	150.35262	150.33918	150.33936	151
2025.12.09	21:30	150.40213	150.41015	150.40207	150.41013	218
2025.12.09	21:45	150.37688	150.37715	150.37195	150.37227	436
2025.12.09	22:00	150.4608	150.46103	150.4538	150.45384	379
2025.12.09	22:15	150.40999	150.41986	150.40981	150.41981	64
2025.12.09	22:30	150.41907	150.43675	150.41899	150.43649	148
2025.12.09	22:45	150.43782	150.43787	150.40789	150.40791	104
2025.12.09	23:00	150.41329	150.41343	150.41313	150.41326	103
2025.12.09	23:15	150.40396	150.40414	150.40374	150.4041	153
2025.12.09	23:30	150.42963	150.42987	150.42284	150.42308	483
2025.12.09	23:45	150.42281	150.43085	150.42241	150.43076	371
2025.12.10	00:00	150.45092	150.4669	150.45077	150.46673	242
2025.12.10	00:15	150.45505	150.45516	150.44726	150.44748	199
2025.12.10	00:30	150.51549	150.51551	150.50928	150.50934	168
2025.12.10	00:45	150.54231	150.54232	150.5382	150.53832	210
2025.12.10	01:00	150.48759	150.48764	150.4676	150.46775	402
2025.12.10	01:15	150.51494	150.51959	150.51482	150.51943	282
2025.12.10	01:30	150.50827	150.50834	150.50563	150.50566	158
2025.12.10	01:45	150.54709	150.55114	150.54698	150.55109	293
2025.12.10	02:00	150.50151	150.52037	150.50126	150.52033	408
2025.12.10	02:15	150.50426	150.50436	150.49684	150.49694	114
2025.12.10	02:30	150.54948	150.54953	150.52984	150.52994	441
2025.12.10	02:45	150.51605	150.51632	150.51333	150.51338	134
2025.12.10	03:00	150.47272	150.47279	150.4602	150.46021	150
2025.12.10	03:15	150.44321	150.4462	150.44302	150.44618	273
2025.12.10	03:30	150.46182	150.46193	150.43981	150.43999	435
2025.12.10	03:45	150.42257	150.42285	150.42256	150.42265	125
2025.12.10	04:00	150.41103	150.41106	150.40789	150.40802	88
2025.12.10	04:15	150.38803	150.38808	150.37752	150.37774	351
2025.12.10	04:30	150.39302	150.39324	150.38685	150.38717	137
2025.12.10	04:45	150.46755	150.46762	150.45291	150.45304	224
2025.12.10	05:00	150.37682	150.37707	150.37677	150.37687	210
2025.12.10	05:15	150.36136	150.36142	150.3445	150.34459	273
2025.12.10	05:30	150.32104	150.32117	150.31714	150.31735	454
2025.12.10	05:45	150.3139	150.31825	150.31386	150.31824	475
2025.12.10	06:00	150.34022	150.34067	150.34018	150.34038	190
2025.12.10	06:15	150.27856	150.27875	150.24661	150.24675	148
2025.12.10	06:30	150.2614	150.26143	150.25998	150.26031	483
2025.12.10	06:45	150.29836	150.29836	150.29189	150.29202	417
2025.12.10	07:00	150.26989	150.26989	150.26472	150.26486	119
2025.12.10	07:15	150.30213	150.30222	150.2959	150.29593	338
2025.12.10	07:30	150.33885	150.33995	150.33865	150.33994	129
2025.12.10	07:45	150.36332	150.36904	150.3632	150.3688	120
2025.12.10	08:00	150.43426	150.43436	150.42215	150.42215	433
2025.12.10	08:15	150.43822	150.43844	150.43658	150.43669	319
2025.12.10	08:30	150.51355	150.51359	150.49265	150.49268	193
2025.12.10	08:45	150.46008	150.46017	150.44696	150.44717	107
2025.12.10	09:00	150.37128	150.37135	150.36024	150.36027	324
2025.12.10	09:15	150.39462	150.40375	150.39456	150.40368	310
2025.12.10	09:30	150.4234	150.46337	150.42323	150.46329	328
2025.12.10	09:45	150.41564	150.43414	150.41558	150.4339	282
2025.12.10	10:00	150.39216	150.39228	150.37178	150.37179	482
2025.12.10	10:15	150.31791	150.32352	150.31784	150.32349	94
2025.12.10	10:30	150.28569	150.28905	150.28569	150.28898	437
2025.12.10	10:45	150.26582	150.29022	150.26575	150.29017	343
2025.12.10	11:00	150.21744	150.21753	150.2101	150.21015	63
2025.12.10	11:15	150.19097	150.20237	150.19061	150.20224	89
2025.12.10	11:30	150.24259	150.24722	150.24254	150.24721	72
2025.12.10	11:45	150.21086	150.21094	150.20572	150.20572	55
2025.12.10	12:00	150.22511	150.2439	150.22506	150.24372	352
2025.12.10	12:15	150.22341	150.23978	150.2232	150.23974	145
2025.12.10	12:30	150.26239	150.26253	150.25407	150.25423	390
2025.12.10	12:45	150.33143	150.3315	150.32306	150.3233	276
2025.12.10	13:00	150.31854	150.32372	150.31853	150.32368	198
2025.12.10	13:15	150.26434	150.26442	150.25761	150.25767	327
2025.12.10	13:30	150.29226	150.29245	150.29047	150.29049	283
2025.12.10	13:45	150.32638	150.32832	150.32619	150.32829	145
2025.12.10	14:00	150.268	150.27717	150.26799	150.27701	285
2025.12.10	14:15	150.30256	150.31221	150.30244	150.3122	134
2025.12.10	14:30	150.32965	150.32997	150.32437	150.32459	470
2025.12.10	14:45	150.30817	150.3082	150.27717	150.27722	342
2025.12.10	15:00	150.20372	150.20378	150.17797	150.17802	81
2025.12.10	15:15	150.13669	150.16031	150.13653	150.16027	412
2025.12.10	15:30	150.15009	150.16818	150.15001	150.16815	354
2025.12.10	15:45	150.16311	150.16976	150.16305	150.16951	327
2025.12.10	16:00	150.1443	150.14789	150.14407	150.14789	307
2025.12.10	16:15	150.16779	150.16802	150.15441	150.15471	443
2025.12.10	16:30	150.19097	150.19248	150.19089	150.19234	84
2025.12.10	16:45	150.20947	150.20955	150.20364	150.20381	288
2025.12.10	17:00	150.17043	150.17565	150.17043	150.1755	175
2025.12.10	17:15	150.14147	150.14268	150.14131	150.14265	101
2025.12.10	17:30	150.15443	150.15459	150.1213	150.12143	84
2025.12.10	17:45	150.07473	150.08936	150.07461	150.08924	468
2025.12.10	18:00	150.08364	150.08369	150.06182	150.06218	297
2025.12.10	18:15	150.0564	150.05647	150.04997	150.05007	221
2025.12.10	18:30	149.99423	149.99433	149.98318	149.98347	157
2025.12.10	18:45	150.09983	150.13038	150.09979	150.13028	102
2025.12.10	19:00	150.11546	150.11556	150.09602	150.09622	113
2025.12.10	19:15	150.03807	150.05302	150.03804	150.05295	362
2025.12.10	19:30	150.13485	150.16215	150.13459	150.16198	150
2025.12.10	19:45	150.11591	150.11599	150.11305	150.11319	136
2025.12.10	20:00	150.12055	150.13323	150.12049	150.1331	306
2025.12.10	20:15	150.15043	150.16726	150.15023	150.16725	58
2025.12.10	20:30	150.19962	150.20264	150.19953	150.20261	236
2025.12.10	20:45	150.22108	150.22558	150.22088	150.22544	84
2025.12.10	21:00	150.28793	150.28979	150.28783	150.28972	185
2025.12.10	21:15	150.27597	150.30532	150.27565	150.30514	120
2025.12.10	21:30	150.25567	150.2558	150.25198	150.25211	277
2025.12.10	21:45	150.19758	150.19766	150.1875	150.18756	157
2025.12.10	22:00	150.13054	150.13068	150.11671	150.11674	201
2025.12.10	22:15	150.05754	150.07462	150.05714	150.07459	132
2025.12.10	22:30	150.04249	150.04273	150.04168	150.04185	449
2025.12.10	22:45	150.11541	150.11554	150.1136	150.11377	344
2025.12.10	23:00	150.075	150.08369	150.07498	150.08364	464
2025.12.10	23:15	150.07766	150.0777	150.06948	150.06952	165
2025.12.10	23:30	150.10927	150.1208	150.1092	150.12065	494
2025.12.10	23:45	150.12564	150.13958	150.12542	150.13953	400
2025.12.11	00:00	150.12122	150.13468	150.1212	150.13437	115
2025.12.11	00:15	150.1022	150.10223	150.0905	150.0907	481
2025.12.11	00:30	150.089	150.09793	150.08884	150.09783	350
2025.12.11	00:45	150.06778	150.06782	150.06713	150.0673	267
2025.12.11	01:00	150.09636	150.10698	150.0963	150.10684	478
2025.12.11	01:15	150.07027	150.07035	150.0547	150.05489	276
2025.12.11	01:30	150.06381	150.08852	150.06375	150.08821	456
2025.12.11	01:45	150.12252	150.12267	150.1059	150.10599	457
2025.12.11	02:00	150.1415	150.14486	150.14146	150.14454	432
2025.12.11	02:15	150.14044	150.14715	150.14038	150.14707	182
2025.12.11	02:30	150.1278	150.12784	150.12389	150.12425	140
2025.12.11	02:45	150.07334	150.0771	150.07322	150.07697	463
2025.12.11	03:00	150.11377	150.11806	150.11373	150.11797	383
2025.12.11	03:15	150.09021	150.09023	150.07001	150.07022	252
2025.12.11	03:30	149.9834	149.98352	149.97196	149.97199	248
2025.12.11	03:45	149.91817	149.91824	149.90648	149.90649	278
2025.12.11	04:00	149.91718	149.9181	149.91714	149.91789	200
2025.12.11	04:15	149.94165	149.9417	149.93741	149.93753	330
2025.12.11	04:30	149.96114	149.97714	149.96112	149.97705	477
2025.12.11	04:45	149.97941	149.97979	149.97932	149.97974	110
2025.12.11	05:00	150.02055	150.02103	150.02038	150.02092	313
2025.12.11	05:15	150.01714	150.01729	150.00748	150.00761	99
2025.12.11	05:30	150.07579	150.07588	150.07452	150.07466	176
2025.12.11	05:45	150.05805	150.06365	150.05805	150.06347	456
2025.12.11	06:00	150.11271	150.11466	150.11263	150.11463	350
2025.12.11	06:15	150.16138	150.1614	150.15673	150.15674	55
2025.12.11	06:30	150.2044	150.21665	150.20426	150.21664	328
2025.12.11	06:45	150.14874	150.1488	150.1464	150.14643	451
2025.12.11	07:00	150.19279	150.19304	150.17852	150.17858	192
2025.12.11	07:15	150.18385	150.18396	150.158	150.15801	174
2025.12.11	07:30	150.2089	150.20895	150.20174	150.20174	282
2025.12.11	07:45	150.23155	150.24546	150.23153	150.24513	196
2025.12.11	08:00	150.29277	150.29277	150.2887	150.28879	445
2025.12.11	08:15	150.2157	150.21572	150.19228	150.19249	335
2025.12.11	08:30	150.24388	150.24605	150.24347	150.24595	443
2025.12.11	08:45	150.27645	150.27671	150.27239	150.27251	111
2025.12.11	09:00	150.25687	150.25694	150.23985	150.23996	279
2025.12.11	09:15	150.27327	150.27347	150.27033	150.27076	54
2025.12.11	09:30	150.27036	150.29445	150.27033	150.29437	293
2025.12.11	09:45	150.29202	150.29218	150.28705	150.28715	473
2025.12.11	10:00	150.30974	150.30982	150.29688	150.29713	149
2025.12.11	10:15	150.25152	150.28864	150.25116	150.2886	266
2025.12.11	10:30	150.33718	150.33728	150.32948	150.32965	401
2025.12.11	10:45	150.32261	150.3227	150.30901	150.30912	92
2025.12.11	11:00	150.25774	150.25791	150.25313	150.25318	221
2025.12.11	11:15	150.30517	150.33138	150.30512	150.33135	87
2025.12.11	11:30	150.44335	150.46569	150.44334	150.4655	227
2025.12.11	11:45	150.49219	150.51903	150.4921	150.51886	409
2025.12.11	12:00	150.45415	150.45428	150.44078	150.44078	149
2025.12.11	12:15	150.46478	150.47599	150.46458	150.47598	73
2025.12.11	12:30	150.43566	150.45221	150.4356	150.45217	442
2025.12.11	12:45	150.49953	150.50832	150.49945	150.50818	86
2025.12.11	13:00	150.50372	150.50388	150.47127	150.47133	333
2025.12.11	13:15	150.51083	150.51087	150.49836	150.49864	53
2025.12.11	13:30	150.53169	150.55033	150.5314	150.55027	369
2025.12.11	13:45	150.60903	150.60925	150.59834	150.59862	66
2025.12.11	14:00	150.62191	150.62194	150.61541	150.61553	96
2025.12.11	14:15	150.62431	150.62433	150.61775	150.61786	259
2025.12.11	14:30	150.662	150.6701	150.66178	150.67008	173
2025.12.11	14:45	150.6031	150.60314	150.58904	150.5892	150
2025.12.11	15:00	150.54318	150.55404	150.54315	150.55381	160
2025.12.11	15:15	150.55174	150.55191	150.53163	150.53166	137
2025.12.11	15:30	150.55812	150.55814	150.53487	150.53496	153
2025.12.11	15:45	150.58779	150.58794	150.57295	150.57328	443
2025.12.11	16:00	150.57019	150.57361	150.57012	150.5736	156
2025.12.11	16:15	150.5728	150.58229	150.57278	150.58227	241
2025.12.11	16:30	150.57162	150.57163	150.55696	150.55698	312
2025.12.11	16:45	150.50671	150.50692	150.50388	150.50399	199
2025.12.11	17:00	150.56127	150.56148	150.55785	150.55812	258
2025.12.11	17:15	150.58979	150.61461	150.58976	150.61441	115
2025.12.11	17:30	150.65585	150.66543	150.65556	150.66529	360
2025.12.11	17:45	150.65097	150.69453	150.65095	150.69429	140
2025.12.11	18:00	150.6856	150.68565	150.66889	150.66905	413
2025.12.11	18:15	150.68279	150.68297	150.67841	150.67849	130
2025.12.11	18:30	150.69078	150.71262	150.69068	150.71262	333
2025.12.11	18:45	150.68676	150.6869	150.68522	150.68527	418
2025.12.11	19:00	150.76491	150.77541	150.76488	150.77519	231
2025.12.11	19:15	150.84139	150.8414	150.83261	150.8328	176
2025.12.11	19:30	150.86192	150.86214	150.82848	150.82861	62
2025.12.11	19:45	150.88327	150.88952	150.88325	150.88947	298
2025.12.11	20:00	150.9343	150.98407	150.93422	150.98399	171
2025.12.11	20:15	150.97881	150.97887	150.93716	150.93717	167
2025.12.11	20:30	150.89887	150.89899	150.88759	150.88764	227
2025.12.11	20:45	150.83754	150.8377	150.81681	150.81711	344
2025.12.11	21:00	150.83072	150.83776	150.8305	150.83771	393
2025.12.11	21:15	150.84003	150.84018	150.81431	150.81433	247
2025.12.11	21:30	150.77798	150.79571	150.77794	150.79561	62
2025.12.11	21:45	150.76167	150.7617	150.73584	150.73588	165
2025.12.11	22:00	150.70121	150.71616	150.7011	150.71603	193
2025.12.11	22:15	150.77623	150.77754	150.77611	150.7774	98
2025.12.11	22:30	150.87394	150.874	150.85967	150.85979	201
2025.12.11	22:45	150.84575	150.84581	150.84464	150.84467	409
2025.12.11	23:00	150.86075	150.8608	150.85072	150.85119	261
2025.12.11	23:15	150.8718	150.87197	150.86352	150.86361	308
2025.12.11	23:30	150.8013	150.80835	150.80116	150.80826	196
2025.12.11	23:45	150.7975	150.79757	150.78801	150.7881	198
2025.12.12	00:00	150.80746	150.80758	150.79024	150.79043	319
2025.12.12	00:15	150.83418	150.85318	150.83404	150.85316	403
2025.12.12	00:30	150.87375	150.8739	150.87121	150.87125	451
2025.12.12	00:45	150.81214	150.81217	150.80743	150.80758	499
2025.12.12	01:00	150.67482	150.68479	150.67482	150.68467	253
2025.12.12	01:15	150.6386	150.63871	150.62154	150.62155	357
2025.12.12	01:30	150.62515	150.62534	150.61715	150.61715	398
2025.12.12	01:45	150.69464	150.71373	150.69459	150.71366	436
2025.12.12	02:00	150.66995	150.66999	150.66656	150.66696	403
2025.12.12	02:15	150.65569	150.66048	150.65558	150.6602	416
2025.12.12	02:30	150.67143	150.68144	150.67132	150.68143	310
2025.12.12	02:45	150.6034	150.60357	150.59734	150.59734	215
2025.12.12	03:00	150.59142	150.5915	150.58779	150.58788	278
2025.12.12	03:15	150.60574	150.61333	150.6057	150.61333	167
2025.12.12	03:30	150.6791	150.68291	150.67898	150.68284	371
2025.12.12	03:45	150.64834	150.64851	150.62031	150.62037	298
2025.12.12	04:00	150.55733	150.56758	150.55707	150.56754	473
2025.12.12	04:15	150.52836	150.56316	150.52827	150.56303	147
2025.12.12	04:30	150.56761	150.57226	150.5676	150.57204	119
2025.12.12	04:45	150.60246	150.60299	150.60234	150.60288	350
2025.12.12	05:00	150.55783	150.55787	150.54339	150.54343	370
2025.12.12	05:15	150.51639	150.51666	150.50442	150.50474	186
2025.12.12	05:30	150.51723	150.54325	150.51717	150.54321	248
2025.12.12	05:45	150.53392	150.53417	150.52317	150.52326	166
2025.12.12	06:00	150.55403	150.5541	150.54924	150.54925	104
2025.12.12	06:15	150.53577	150.53584	150.52698	150.52704	166
2025.12.12	06:30	150.51291	150.51292	150.50979	150.50992	152
2025.12.12	06:45	150.46823	150.48618	150.46806	150.48597	158
2025.12.12	07:00	150.47791	150.478	150.47519	150.47531	110
2025.12.12	07:15	150.52355	150.5361	150.52341	150.53593	257
2025.12.12	07:30	150.59206	150.6054	150.59193	150.60532	270
2025.12.12	07:45	150.60084	150.60147	150.60068	150.60139	52
2025.12.12	08:00	150.5539	150.55423	150.55377	150.55415	348
2025.12.12	08:15	150.58841	150.58959	150.58805	150.58946	351
2025.12.12	08:30	150.57198	150.57393	150.57174	150.57377	182
2025.12.12	08:45	150.57091	150.58004	150.57081	150.57987	229
2025.12.12	09:00	150.62222	150.62234	150.61709	150.61733	251
2025.12.12	09:15	150.64831	150.657	150.64813	150.65695	487
2025.12.12	09:30	150.6941	150.71941	150.69405	150.71928	326
2025.12.12	09:45	150.61253	150.62381	150.61239	150.62374	318
2025.12.12	10:00	150.67109	150.69108	150.67104	150.691	300
2025.12.12	10:15	150.73605	150.73679	150.73602	150.73676	243
2025.12.12	10:30	150.72738	150.72748	150.72355	150.72359	170
2025.12.12	10:45	150.70706	150.73127	150.707	150.73116	358
2025.12.12	11:00	150.72931	150.72954	150.71611	150.71617	249
2025.12.12	11:15	150.67316	150.67318	150.6642	150.66424	352
2025.12.12	11:30	150.71467	150.71559	150.71459	150.71545	149
2025.12.12	11:45	150.67651	150.67669	150.65653	150.65661	199
2025.12.12	12:00	150.68454	150.6848	150.68406	150.68408	130
2025.12.12	12:15	150.68505	150.68515	150.68017	150.68018	205
2025.12.12	12:30	150.62672	150.62693	150.62568	150.62575	376
2025.12.12	12:45	150.69651	150.69704	150.69638	150.69686	322
2025.12.12	13:00	150.7341	150.7452	150.73408	150.74467	406
2025.12.12	13:15	150.73318	150.73508	150.73317	150.7349	306
2025.12.12	13:30	150.76264	150.76277	150.75955	150.75959	466
2025.12.12	13:45	150.69123	150.69142	150.68194	150.68205	292
2025.12.12	14:00	150.58656	150.58667	150.58634	150.58637	419
2025.12.12	14:15	150.57962	150.59181	150.57944	150.59175	271
2025.12.12	14:30	150.62578	150.64409	150.62573	150.64406	330
2025.12.12	14:45	150.65333	150.65338	150.64998	150.65012	138
2025.12.12	15:00	150.67608	150.68921	150.67604	150.68916	149
2025.12.12	15:15	150.65567	150.65805	150.6555	150.65778	491
2025.12.12	15:30	150.60074	150.61666	150.60072	150.61646	215
2025.12.12	15:45	150.70672	150.70677	150.69335	150.69341	78
2025.12.12	16:00	150.72301	150.72518	150.723	150.72508	383
2025.12.12	16:15	150.72976	150.72984	150.72079	150.72098	317
2025.12.12	16:30	150.78858	150.7989	150.78853	150.79884	403
2025.12.12	16:45	150.72866	150.72878	150.71849	150.71866	392
2025.12.12	17:00	150.64891	150.6541	150.64866	150.65398	281
2025.12.12	17:15	150.64125	150.64139	150.62885	150.62914	88
2025.12.12	17:30	150.5882	150.59484	150.58799	150.59464	83
2025.12.12	17:45	150.57233	150.57317	150.57211	150.57315	355
2025.12.12	18:00	150.57907	150.58735	150.57893	150.58727	135
2025.12.12	18:15	150.65072	150.65106	150.64907	150.64921	248
2025.12.12	18:30	150.64059	150.65075	150.64053	150.65072	373
2025.12.12	18:45	150.68152	150.71058	150.68149	150.71053	124
2025.12.12	19:00	150.7359	150.73613	150.73374	150.73381	136
2025.12.12	19:15	150.75518	150.75534	150.75159	150.75177	146
2025.12.12	19:30	150.78754	150.78758	150.77944	150.77958	201
2025.12.12	19:45	150.83755	150.83775	150.82757	150.82768	304
2025.12.12	20:00	150.79609	150.81178	150.79595	150.81161	149
2025.12.12	20:15	150.81791	150.82038	150.81762	150.82025	467
2025.12.12	20:30	150.78312	150.78321	150.77983	150.77992	111
2025.12.12	20:45	150.79541	150.79688	150.79537	150.79685	130
2025.12.12	21:00	150.7551	150.77567	150.75503	150.77563	419
2025.12.12	21:15	150.75894	150.75905	150.74719	150.74727	190
2025.12.12	21:30	150.80108	150.80575	150.80101	150.80558	52
2025.12.12	21:45	150.7785	150.77884	150.77845	150.77877	285
2025.12.12	22:00	150.73522	150.75358	150.73511	150.75352	108
2025.12.12	22:15	150.70034	150.70694	150.70017	150.70666	482
2025.12.12	22:30	150.72885	150.72891	150.72564	150.72572	421
2025.12.12	22:45	150.74111	150.75466	150.74107	150.75463	160
2025.12.12	23:00	150.71433	150.72626	150.71426	150.72611	351
2025.12.12	23:15	150.72682	150.75792	150.72671	150.75791	471
2025.12.12	23:30	150.77357	150.77357	150.76261	150.76264	120
2025.12.12	23:45	150.69327	150.69334	150.69262	150.69272	475
2025.12.15	00:00	150.71049	150.7106	150.68568	150.68571	305
2025.12.15	00:15	150.64057	150.64061	150.63831	150.63861	90
2025.12.15	00:30	150.69168	150.69849	150.69161	150.69832	297
2025.12.15	00:45	150.73531	150.73543	150.7277	150.72781	331
2025.12.15	01:00	150.76262	150.76275	150.75326	150.75344	80
2025.12.15	01:15	150.75261	150.75281	150.74701	150.74703	89
2025.12.15	01:30	150.78881	150.81163	150.78873	150.81156	347
2025.12.15	01:45	150.93727	150.93734	150.92855	150.92865	273
2025.12.15	02:00	150.90587	150.91151	150.90574	150.91115	447
2025.12.15	02:15	150.90262	150.90274	150.89339	150.89349	236
2025.12.15	02:30	150.869	150.87705	150.86864	150.87701	232
2025.12.15	02:45	150.91866	150.92377	150.91851	150.92367	269
2025.12.15	03:00	150.97538	150.99941	150.9752	150.99922	255
2025.12.15	03:15	150.93505	150.93535	150.9161	150.91622	181
2025.12.15	03:30	150.94965	150.95691	150.94943	150.95685	57
2025.12.15	03:45	150.90671	150.90686	150.88665	150.88678	170
2025.12.15	04:00	150.87556	150.87563	150.87418	150.87419	459
2025.12.15	04:15	150.77548	150.7756	150.74716	150.74741	497
2025.12.15	04:30	150.70493	150.70517	150.69308	150.69319	84
2025.12.15	04:45	150.79399	150.80482	150.79399	150.80473	213
2025.12.15	05:00	150.78087	150.78939	150.78069	150.78924	183
2025.12.15	05:15	150.85643	150.85651	150.84834	150.84848	127
2025.12.15	05:30	150.83903	150.8391	150.83897	150.83909	465
2025.12.15	05:45	150.81903	150.83327	150.8189	150.83279	239
2025.12.15	06:00	150.74085	150.74538	150.74072	150.74537	324
2025.12.15	06:15	150.76007	150.78557	150.76005	150.78545	177
2025.12.15	06:30	150.85087	150.8558	150.8507	150.85572	408
2025.12.15	06:45	150.87733	150.89065	150.87703	150.89055	117
2025.12.15	07:00	150.97002	150.97275	150.96991	150.97263	260
2025.12.15	07:15	150.97411	150.97416	150.97158	150.97172	194
2025.12.15	07:30	150.93039	150.9376	150.93028	150.93742	222
2025.12.15	07:45	150.99757	150.99763	150.99247	150.99259	215
2025.12.15	08:00	150.97745	150.97776	150.97369	150.97385	396
2025.12.15	08:15	150.97882	150.99249	150.97871	150.99249	393
2025.12.15	08:30	151.01611	151.01614	151.01225	151.01238	377
2025.12.15	08:45	150.98173	150.98187	150.97391	150.9741	411
2025.12.15	09:00	150.95474	150.95476	150.92729	150.9273	57
2025.12.15	09:15	150.87755	150.88925	150.87739	150.88905	493
2025.12.15	09:30	150.87951	150.87954	150.85709	150.85717	485
2025.12.15	09:45	150.91045	150.91055	150.90125	150.90135	361
2025.12.15	10:00	150.93186	150.93382	150.93176	150.93374	339
2025.12.15	10:15	150.94726	150.9655	150.94726	150.96547	338
2025.12.15	10:30	150.91	150.91001	150.89553	150.89559	356
2025.12.15	10:45	150.97617	150.98358	150.97596	150.98345	243
2025.12.15	11:00	150.98125	150.99559	150.98106	150.99558	89
2025.12.15	11:15	151.03004	151.03061	151.02998	151.03054	137
2025.12.15	11:30	151.08782	151.09872	151.08779	151.09854	448
2025.12.15	11:45	151.03494	151.03507	151.02372	151.024	453
2025.12.15	12:00	151.00527	151.00536	151.00231	151.00236	295
2025.12.15	12:15	150.9936	151.01944	150.99358	151.01939	406
2025.12.15	12:30	151.04409	151.04422	151.03766	151.03767	332
2025.12.15	12:45	151.07337	151.07341	151.06667	151.06689	92
2025.12.15	13:00	151.15241	151.15972	151.15231	151.15934	235
2025.12.15	13:15	151.19029	151.1903	151.18721	151.18743	60
2025.12.15	13:30	151.18067	151.18082	151.17616	151.17628	153
2025.12.15	13:45	151.1917	151.19174	151.17882	151.17891	265
2025.12.15	14:00	151.18109	151.187	151.18109	151.18685	92
2025.12.15	14:15	151.16525	151.17982	151.1651	151.17969	141
2025.12.15	14:30	151.19343	151.19355	151.18382	151.18396	108
2025.12.15	14:45	151.11676	151.13071	151.11671	151.13046	436
2025.12.15	15:00	151.09958	151.12428	151.09952	151.12403	360
2025.12.15	15:15	151.1042	151.10428	151.10033	151.1005	497
2025.12.15	15:30	151.03619	151.06399	151.03608	151.06383	481
2025.12.15	15:45	151.08356	151.08388	151.07373	151.07385	365
2025.12.15	16:00	151.10247	151.1025	151.09192	151.09198	269
2025.12.15	16:15	151.06582	151.06588	151.04077	151.04093	192
2025.12.15	16:30	151.07985	151.09411	151.07973	151.09393	320
2025.12.15	16:45	151.0867	151.12205	151.08658	151.12202	294
2025.12.15	17:00	151.19444	151.1947	151.18008	151.18022	155
2025.12.15	17:15	151.16735	151.17881	151.16714	151.1787	435
2025.12.15	17:30	151.22568	151.22879	151.22568	151.22865	124
2025.12.15	17:45	151.24988	151.24989	151.23868	151.23879	357
2025.12.15	18:00	151.25155	151.25177	151.23924	151.2393	321
2025.12.15	18:15	151.31992	151.31992	151.27817	151.27848	72
2025.12.15	18:30	151.32335	151.32337	151.30596	151.30598	90
2025.12.15	18:45	151.38477	151.40382	151.38467	151.4036	67
2025.12.15	19:00	151.33726	151.34862	151.3372	151.34848	72
2025.12.15	19:15	151.36699	151.38872	151.36681	151.38871	155
2025.12.15	19:30	151.35741	151.35756	151.32552	151.32577	312
2025.12.15	19:45	151.36927	151.36932	151.34298	151.34327	185
2025.12.15	20:00	151.4402	151.45186	151.43985	151.45168	134
2025.12.15	20:15	151.45454	151.45603	151.4545	151.45592	385
2025.12.15	20:30	151.4653	151.4655	151.43032	151.43041	447
2025.12.15	20:45	151.43687	151.44191	151.43684	151.44185	105
2025.12.15	21:00	151.4625	151.46275	151.45448	151.45454	104
2025.12.15	21:15	151.42443	151.4246	151.41033	151.41064	347
2025.12.15	21:30	151.47574	151.47589	151.46516	151.46527	178
2025.12.15	21:45	151.43054	151.43061	151.42074	151.42089	373
2025.12.15	22:00	151.46111	151.46114	151.44546	151.44555	296
2025.12.15	22:15	151.48769	151.50477	151.48761	151.50476	426
2025.12.15	22:30	151.50751	151.50753	151.50518	151.5053	376
2025.12.15	22:45	151.49618	151.49915	151.49602	151.49913	204
2025.12.15	23:00	151.49285	151.49286	151.48769	151.48782	472
2025.12.15	23:15	151.43321	151.4333	151.41217	151.41221	484
2025.12.15	23:30	151.33328	151.35271	151.33327	151.35257	457
2025.12.15	23:45	151.41036	151.41054	151.3878	151.38783	198
2025.12.16	00:00	151.42193	151.42212	151.40919	151.40939	462
2025.12.16	00:15	151.43987	151.45967	151.43965	151.45951	151
2025.12.16	00:30	151.48719	151.49013	151.48701	151.49009	240
2025.12.16	00:45	151.45348	151.46545	151.45346	151.46538	227
2025.12.16	01:00	151.41481	151.44153	151.41474	151.44137	326
2025.12.16	01:15	151.4508	151.45885	151.45064	151.45874	125
2025.12.16	01:30	151.44102	151.4412	151.43247	151.43255	142
2025.12.16	01:45	151.39036	151.40102	151.3902	151.40089	409
2025.12.16	02:00	151.36993	151.37636	151.36989	151.37604	147
2025.12.16	02:15	151.38238	151.3824	151.36011	151.36014	216
2025.12.16	02:30	151.37544	151.3755	151.37343	151.37355	207
2025.12.16	02:45	151.36788	151.36813	151.36122	151.36157	98
2025.12.16	03:00	151.27614	151.27618	151.24779	151.2479	286
2025.12.16	03:15	151.31027	151.3104	151.28764	151.28765	363
2025.12.16	03:30	151.25989	151.2599	151.25814	151.25827	489
2025.12.16	03:45	151.18655	151.18658	151.18493	151.18504	478
2025.12.16	04:00	151.15959	151.15986	151.14459	151.14467	209
2025.12.16	04:15	151.27151	151.27186	151.27139	151.27175	293
2025.12.16	04:30	151.2691	151.2748	151.26904	151.27474	173
2025.12.16	04:45	151.2585	151.25857	151.24058	151.24066	206
2025.12.16	05:00	151.3167	151.31852	151.31669	151.31826	337
2025.12.16	05:15	151.27789	151.27804	151.26162	151.26176	426
2025.12.16	05:30	151.25219	151.25458	151.25218	151.25452	67
2025.12.16	05:45	151.23898	151.23903	151.23301	151.23329	385
2025.12.16	06:00	151.24177	151.24201	151.22608	151.22626	179
2025.12.16	06:15	151.25481	151.25785	151.25473	151.25784	174
2025.12.16	06:30	151.32607	151.32617	151.31676	151.31691	490
2025.12.16	06:45	151.35251	151.35976	151.35248	151.35951	278
2025.12.16	07:00	151.38526	151.4097	151.38513	151.40967	336
2025.12.16	07:15	151.38136	151.38147	151.37709	151.37714	291
2025.12.16	07:30	151.38871	151.38881	151.38127	151.38145	498
2025.12.16	07:45	151.35145	151.36824	151.35145	151.36822	128
2025.12.16	08:00	151.30025	151.30985	151.3002	151.30973	262
2025.12.16	08:15	151.29037	151.29288	151.29023	151.29281	449
2025.12.16	08:30	151.24614	151.2515	151.24603	151.25143	321
2025.12.16	08:45	151.23471	151.2349	151.22299	151.22351	220
2025.12.16	09:00	151.22812	151.22812	151.22474	151.22476	433
2025.12.16	09:15	151.21373	151.21388	151.20248	151.20251	172
2025.12.16	09:30	151.2375	151.23768	151.20272	151.20281	154
2025.12.16	09:45	151.23534	151.24439	151.2353	151.24434	234
2025.12.16	10:00	151.16587	151.17007	151.16568	151.16975	487
2025.12.16	10:15	151.14836	151.14842	151.12892	151.129	255
2025.12.16	10:30	151.30767	151.30777	151.29166	151.29193	103
2025.12.16	10:45	151.38491	151.3851	151.38083	151.3809	282
2025.12.16	11:00	151.37442	151.37446	151.36308	151.3631	182
2025.12.16	11:15	151.38192	151.38213	151.36404	151.36408	55
2025.12.16	11:30	151.37996	151.39049	151.37989	151.39025	442
2025.12.16	11:45	151.33258	151.33258	151.32332	151.32353	286
2025.12.16	12:00	151.33277	151.33502	151.33259	151.33498	257
2025.12.16	12:15	151.32905	151.34006	151.32888	151.33981	427
2025.12.16	12:30	151.32473	151.3349	151.32467	151.33477	199
2025.12.16	12:45	151.31734	151.31944	151.31718	151.31926	306
2025.12.16	13:00	151.30439	151.3045	151.29527	151.29551	150
2025.12.16	13:15	151.26412	151.28148	151.26405	151.28132	94
2025.12.16	13:30	151.36268	151.36285	151.35255	151.35257	59
2025.12.16	13:45	151.35664	151.35676	151.35654	151.3566	247
2025.12.16	14:00	151.37083	151.38416	151.37054	151.38384	275
2025.12.16	14:15	151.36026	151.36035	151.34879	151.34882	482
2025.12.16	14:30	151.33404	151.33727	151.33396	151.33721	52
2025.12.16	14:45	151.27698	151.28046	151.27685	151.28035	189
2025.12.16	15:00	151.27168	151.27194	151.27073	151.27091	291
2025.12.16	15:15	151.22863	151.24453	151.22845	151.24429	217
2025.12.16	15:30	151.24607	151.2629	151.24584	151.2628	101
2025.12.16	15:45	151.29633	151.2964	151.2938	151.29389	420
2025.12.16	16:00	151.36982	151.39088	151.36967	151.39069	161
2025.12.16	16:15	151.49383	151.49394	151.46531	151.46538	230
2025.12.16	16:30	151.45636	151.46205	151.45611	151.46179	52
2025.12.16	16:45	151.43744	151.44349	151.43737	151.44313	346
2025.12.16	17:00	151.49951	151.5222	151.49938	151.5221	345
2025.12.16	17:15	151.53149	151.53158	151.52512	151.52513	270
2025.12.16	17:30	151.51592	151.51897	151.51585	151.51892	353
2025.12.16	17:45	151.54735	151.54744	151.52123	151.52129	447
2025.12.16	18:00	151.64561	151.66693	151.64557	151.66687	492
2025.12.16	18:15	151.76785	151.77973	151.76782	151.77952	266
2025.12.16	18:30	151.75657	151.76903	151.75634	151.76878	470
2025.12.16	18:45	151.73259	151.73289	151.70417	151.70422	173
2025.12.16	19:00	151.65698	151.68319	151.65681	151.68299	130
2025.12.16	19:15	151.75495	151.75507	151.73429	151.73433	496
2025.12.16	19:30	151.79724	151.81162	151.79722	151.81151	241
2025.12.16	19:45	151.76374	151.76383	151.74553	151.74569	142
2025.12.16	20:00	151.77465	151.7965	151.77447	151.79629	475
2025.12.16	20:15	151.81397	151.82338	151.81385	151.82337	281
2025.12.16	20:30	151.80843	151.82113	151.8084	151.8209	137
2025.12.16	20:45	151.8512	151.85129	151.84898	151.84904	497
2025.12.16	21:00	151.81031	151.81948	151.81025	151.81932	393
2025.12.16	21:15	151.82769	151.84368	151.82764	151.84354	462
2025.12.16	21:30	151.80244	151.82259	151.80242	151.82257	367
2025.12.16	21:45	151.80696	151.80709	151.78037	151.78042	284
2025.12.16	22:00	151.74447	151.74466	151.74268	151.74269	209
2025.12.16	22:15	151.71226	151.71257	151.70795	151.70798	336
2025.12.16	22:30	151.73647	151.74276	151.73641	151.74273	142
2025.12.16	22:45	151.7252	151.74278	151.72509	151.74263	387
2025.12.16	23:00	151.76357	151.76365	151.74627	151.74641	276
2025.12.16	23:15	151.66231	151.66235	151.65773	151.65774	189
2025.12.16	23:30	151.6542	151.66882	151.65409	151.66874	169
2025.12.16	23:45	151.60801	151.61033	151.60789	151.61015	343
2025.12.17	00:00	151.60765	151.60777	151.59512	151.59519	215
2025.12.17	00:15	151.57589	151.59058	151.57588	151.5904	310
2025.12.17	00:30	151.5642	151.59051	151.56416	151.59025	166
2025.12.17	00:45	151.53271	151.54789	151.53229	151.54783	222
2025.12.17	01:00	151.56635	151.5665	151.55852	151.55873	137
2025.12.17	01:15	151.57117	151.57147	151.56751	151.56764	268
2025.12.17	01:30	151.58323	151.58331	151.58252	151.58275	187
2025.12.17	01:45	151.61789	151.61805	151.61546	151.61555	171
2025.12.17	02:00	151.6622	151.66231	151.65351	151.65355	289
2025.12.17	02:15	151.57616	151.577	151.57603	151.57678	267
2025.12.17	02:30	151.58468	151.5887	151.58468	151.58866	107
2025.12.17	02:45	151.58021	151.58026	151.55984	151.56007	89
2025.12.17	03:00	151.57154	151.57172	151.56817	151.56835	170
2025.12.17	03:15	151.52929	151.52933	151.52059	151.52064	376
2025.12.17	03:30	151.4876	151.51403	151.48737	151.51387	96
2025.12.17	03:45	151.5468	151.55132	151.5466	151.55101	320
2025.12.17	04:00	151.53093	151.53107	151.52424	151.52446	339
2025.12.17	04:15	151.56941	151.56955	151.56352	151.56375	143
2025.12.17	04:30	151.54626	151.55346	151.54616	151.55339	385
2025.12.17	04:45	151.57906	151.57917	151.56161	151.56167	365
2025.12.17	05:00	151.58738	151.58759	151.57303	151.57312	110
2025.12.17	05:15	151.55558	151.55568	151.55373	151.55375	326
2025.12.17	05:30	151.62219	151.62234	151.60776	151.60797	207
2025.12.17	05:45	151.55362	151.56918	151.55353	151.56915	454
2025.12.17	06:00	151.55744	151.56666	151.55742	151.56663	266
2025.12.17	06:15	151.53309	151.53613	151.53279	151.53591	91
2025.12.17	06:30	151.4935	151.49365	151.47423	151.47436	51
2025.12.17	06:45	151.44211	151.44224	151.43293	151.43305	191
2025.12.17	07:00	151.41797	151.4575	151.41781	151.45745	427
2025.12.17	07:15	151.41912	151.41925	151.41563	151.41567	119
2025.12.17	07:30	151.33626	151.35915	151.3362	151.35891	266
2025.12.17	07:45	151.26065	151.26252	151.2606	151.26245	210
2025.12.17	08:00	151.32559	151.3257	151.31667	151.31672	147
2025.12.17	08:15	151.36088	151.36111	151.34698	151.34719	488
2025.12.17	08:30	151.36502	151.38347	151.36499	151.38344	185
2025.12.17	08:45	151.48064	151.48078	151.46424	151.46435	298
2025.12.17	09:00	151.45021	151.45029	151.43686	151.43706	279
2025.12.17	09:15	151.44391	151.4566	151.4439	151.45658	468
2025.12.17	09:30	151.50186	151.50203	151.50164	151.502	82
2025.12.17	09:45	151.50109	151.50758	151.50099	151.50754	428
2025.12.17	10:00	151.4081	151.4108	151.40801	151.41068	495
2025.12.17	10:15	151.45276	151.4528	151.4225	151.42251	404
2025.12.17	10:30	151.42069	151.42188	151.42056	151.42187	53
2025.12.17	10:45	151.41188	151.41727	151.41161	151.41722	419
2025.12.17	11:00	151.39072	151.39507	151.39048	151.39476	283
2025.12.17	11:15	151.35908	151.3592	151.35354	151.35354	108
2025.12.17	11:30	151.36008	151.36113	151.35983	151.36111	191
2025.12.17	11:45	151.30713	151.30719	151.29439	151.2945	276
2025.12.17	12:00	151.32809	151.32817	151.32315	151.32326	352
2025.12.17	12:15	151.32169	151.33573	151.32139	151.3356	238
2025.12.17	12:30	151.40652	151.40933	151.40634	151.40912	447
2025.12.17	12:45	151.39452	151.39452	151.38004	151.38013	458
2025.12.17	13:00	151.39631	151.39642	151.38992	151.39007	334
2025.12.17	13:15	151.45007	151.4589	151.4499	151.45881	341
2025.12.17	13:30	151.43632	151.4444	151.43592	151.44417	137
2025.12.17	13:45	151.40011	151.40783	151.39983	151.40781	409
2025.12.17	14:00	151.40113	151.40118	151.39573	151.39574	352
2025.12.17	14:15	151.46182	151.46192	151.45412	151.45435	412
2025.12.17	14:30	151.44157	151.44181	151.42457	151.42471	224
2025.12.17	14:45	151.43078	151.43086	151.40683	151.40697	197
2025.12.17	15:00	151.37709	151.38161	151.3769	151.38153	291
2025.12.17	15:15	151.41812	151.41822	151.41355	151.41362	379
2025.12.17	15:30	151.44471	151.44621	151.44466	151.4462	454
2025.12.17	15:45	151.46678	151.46687	151.45448	151.45448	185
2025.12.17	16:00	151.40881	151.4089	151.38583	151.38588	374
2025.12.17	16:15	151.35628	151.37532	151.35625	151.37516	140
2025.12.17	16:30	151.40214	151.40555	151.40199	151.40554	366
2025.12.17	16:45	151.41502	151.41637	151.41495	151.41627	346
2025.12.17	17:00	151.41843	151.4358	151.41833	151.43578	85
2025.12.17	17:15	151.44553	151.44569	151.43114	151.43125	240
2025.12.17	17:30	151.3318	151.33198	151.31083	151.3109	403
2025.12.17	17:45	151.27295	151.27296	151.24249	151.24287	427
2025.12.17	18:00	151.27809	151.27813	151.2657	151.26591	206
2025.12.17	18:15	151.22523	151.24291	151.22516	151.2426	448
2025.12.17	18:30	151.18555	151.18577	151.18024	151.18028	170
2025.12.17	18:45	151.14862	151.15494	151.14853	151.15479	210
2025.12.17	19:00	151.15622	151.16365	151.15605	151.16332	398
2025.12.17	19:15	151.19662	151.19673	151.18577	151.18584	267
2025.12.17	19:30	151.17013	151.17026	151.15561	151.15581	495
2025.12.17	19:45	151.14668	151.16091	151.14659	151.16089	455
